# Blender 4.4.0
# www.blender.org
mtllib Meshy_AI_Star_Arch_0416225711_texture.mtl
o Meshy_AI_Star_Arch_0416225711_texture
v -0.690802 -0.953033 -0.260274
v -0.663405 -0.953033 -0.260274
v -0.663405 -0.953033 0.260274
v -0.690802 -0.953033 0.260274
v -0.694716 -0.949119 0.260274
v -0.694716 -0.949119 -0.260274
v -0.694716 -0.949119 -0.264188
v -0.690802 -0.949119 -0.264188
v -0.663405 -0.949119 -0.264188
v -0.690802 -0.945205 -0.268102
v -0.663405 -0.945205 -0.268102
v -0.538160 -0.945205 -0.264188
v -0.538160 -0.949119 -0.260274
v -0.538160 -0.949119 0.260274
v -0.479452 -0.941292 0.260274
v -0.479452 -0.937378 0.264188
v -0.538160 -0.945205 0.264188
v 0.663405 -0.953033 -0.260274
v 0.690802 -0.953033 -0.260274
v 0.690802 -0.953033 0.260274
v 0.663405 -0.953033 0.260274
v 0.538160 -0.949119 -0.260274
v 0.538160 -0.945205 -0.264188
v 0.663405 -0.949119 -0.264188
v 0.690802 -0.949119 -0.264188
v 0.663405 -0.945205 -0.268102
v 0.690802 -0.945205 -0.268102
v 0.694716 -0.949119 -0.264188
v 0.694716 -0.949119 -0.260274
v 0.698630 -0.945205 -0.260274
v 0.694716 -0.949119 0.260274
v -0.663405 -0.949119 0.264188
v -0.538160 -0.941292 0.264188
v -0.663405 -0.945205 0.264188
v -0.690802 -0.949119 0.264188
v -0.694716 -0.949119 0.264188
v -0.690802 -0.945205 0.264188
v -0.694716 -0.945205 0.264188
v -0.698630 -0.945205 0.260274
v 0.690802 -0.949119 0.264188
v 0.694716 -0.949119 0.264188
v 0.690802 -0.945205 0.264188
v 0.663405 -0.949119 0.264188
v 0.538160 -0.949119 0.260274
v 0.538160 -0.945205 0.264188
v 0.479452 -0.941292 0.260274
v 0.479452 -0.941292 -0.260274
v 0.698630 -0.945205 0.260274
v 0.694716 -0.945205 0.264188
v -0.698630 -0.945205 -0.260274
v -0.698630 -0.925636 -0.260274
v -0.694716 -0.925636 -0.264188
v -0.694716 -0.945205 -0.264188
v -0.690802 -0.925636 -0.268102
v -0.682975 -0.925636 -0.268102
v 0.538160 -0.937378 -0.268102
v 0.479452 -0.933464 -0.268102
v 0.483366 -0.921722 -0.268102
v 0.538160 -0.929550 -0.268102
v 0.663405 -0.937378 -0.268102
v 0.682975 -0.925636 -0.268102
v 0.690802 -0.925636 -0.268102
v 0.694716 -0.925636 -0.264188
v 0.694716 -0.945205 -0.264188
v 0.698630 -0.925636 -0.260274
v 0.698630 -0.925636 0.260274
v -0.479452 -0.941292 -0.260274
v -0.479452 -0.937378 -0.264188
v -0.420744 -0.929550 -0.260274
v -0.420744 -0.929550 0.260274
v 0.479452 -0.937378 -0.264188
v 0.420744 -0.929550 -0.264188
v 0.420744 -0.921722 -0.268102
v -0.663405 -0.937378 0.264188
v -0.682975 -0.925636 0.264188
v -0.690802 -0.925636 0.264188
v -0.694716 -0.925636 0.264188
v 0.663405 -0.945205 0.264188
v 0.682975 -0.925636 0.264188
v 0.663405 -0.937378 0.264188
v 0.538160 -0.941292 0.264188
v -0.538160 -0.941292 -0.268102
v -0.663405 -0.937378 -0.268102
v -0.538160 -0.929550 -0.268102
v -0.479452 -0.933464 -0.268102
v -0.682975 -0.749511 -0.268102
v -0.679061 -0.749511 -0.264188
v -0.679061 -0.921722 -0.264188
v -0.675147 -0.925636 -0.264188
v 0.483366 -0.917808 -0.264188
v 0.542074 -0.925636 -0.264188
v -0.694716 -0.749511 -0.264188
v -0.690802 -0.749511 -0.268102
v 0.694716 -0.749511 -0.264188
v 0.698630 -0.749511 -0.260274
v -0.698630 -0.925636 0.260274
v -0.698630 -0.749511 0.260274
v -0.698630 -0.749511 -0.260274
v 0.694716 -0.925636 0.264188
v 0.694716 -0.749511 0.264188
v 0.690802 -0.749511 0.264188
v 0.690802 -0.925636 0.264188
v -0.538160 -0.929550 0.264188
v -0.483366 -0.921722 0.264188
v -0.483366 -0.917808 0.264188
v -0.542074 -0.925636 0.264188
v -0.479452 -0.933464 0.264188
v -0.420744 -0.921722 0.264188
v -0.424658 -0.913894 0.264188
v 0.479452 -0.937378 0.264188
v 0.479452 -0.933464 0.264188
v 0.420744 -0.929550 0.264188
v 0.420744 -0.929550 0.260274
v 0.682975 -0.749511 0.264188
v 0.420744 -0.929550 -0.260274
v 0.362035 -0.917808 -0.260274
v 0.362035 -0.913894 -0.264188
v -0.420744 -0.929550 0.264188
v -0.362035 -0.913894 0.264188
v -0.365949 -0.909980 0.264188
v 0.538160 -0.929550 0.264188
v 0.663405 -0.929550 0.264188
v 0.542074 -0.925636 0.264188
v 0.483366 -0.921722 0.264188
v -0.663405 -0.929550 -0.264188
v -0.671233 -0.925636 -0.260274
v -0.663405 -0.925636 -0.260274
v -0.542074 -0.925636 -0.264188
v 0.663405 -0.929550 -0.264188
v 0.542074 -0.921722 -0.260274
v 0.663405 -0.925636 -0.260274
v 0.675147 -0.925636 -0.264188
v -0.420744 -0.929550 -0.264188
v -0.420744 -0.921722 -0.268102
v -0.362035 -0.913894 -0.264188
v -0.362035 -0.917808 -0.260274
v -0.663405 -0.929550 0.264188
v -0.542074 -0.921722 0.260274
v -0.663405 -0.925636 0.260274
v -0.675147 -0.925636 0.264188
v 0.675147 -0.925636 0.264188
v 0.679061 -0.921722 0.264188
v 0.671233 -0.921722 0.260274
v 0.671233 -0.925636 0.260274
v -0.483366 -0.921722 -0.268102
v -0.483366 -0.917808 -0.264188
v -0.424658 -0.913894 -0.268102
v 0.424658 -0.913894 -0.268102
v 0.365949 -0.898239 -0.268102
v 0.369863 -0.894325 -0.264188
v 0.424658 -0.906067 -0.264188
v 0.420744 -0.921722 0.264188
v 0.424658 -0.913894 0.264188
v 0.365949 -0.909980 0.264188
v 0.362035 -0.913894 0.264188
v 0.365949 -0.909980 -0.268102
v 0.311155 -0.890411 -0.268102
v 0.315068 -0.878669 -0.268102
v -0.362035 -0.917808 0.260274
v -0.307241 -0.898239 0.260274
v -0.307241 -0.894325 0.264188
v 0.362035 -0.917808 0.260274
v 0.307241 -0.898239 0.260274
v 0.307241 -0.898239 -0.260274
v 0.663405 -0.925636 0.260274
v 0.671233 -0.925636 -0.260274
v 0.542074 -0.921722 0.260274
v -0.690802 -0.636008 -0.268102
v -0.682975 -0.636008 -0.268102
v 0.679061 -0.921722 -0.264188
v 0.671233 -0.921722 -0.260274
v 0.679061 -0.749511 -0.264188
v 0.682975 -0.749511 -0.268102
v 0.690802 -0.749511 -0.268102
v 0.690802 -0.636008 -0.268102
v 0.694716 -0.636008 -0.264188
v -0.671233 -0.921722 -0.260274
v -0.671233 -0.749511 -0.260274
v -0.671233 -0.749511 0.260274
v -0.671233 -0.921722 0.260274
v -0.671233 -0.925636 0.260274
v -0.542074 -0.921722 -0.260274
v -0.483366 -0.913894 -0.260274
v 0.483366 -0.913894 -0.260274
v 0.424658 -0.902153 -0.260274
v 0.424658 -0.902153 0.260274
v 0.483366 -0.913894 0.260274
v -0.698630 -0.636008 -0.260274
v -0.694716 -0.636008 -0.264188
v 0.483366 -0.917808 0.264188
v 0.698630 -0.749511 0.260274
v 0.698630 -0.636008 0.260274
v 0.694716 -0.636008 0.264188
v -0.663405 -0.925636 -0.064579
v -0.475538 -0.925636 -0.064579
v -0.475538 -0.921722 -0.064579
v -0.663405 -0.921722 -0.064579
v -0.667319 -0.921722 -0.064579
v -0.667319 -0.921722 -0.060666
v -0.663405 -0.925636 0.244618
v -0.475538 -0.925636 0.244618
v -0.420744 -0.913894 0.244618
v -0.420744 -0.913894 -0.064579
v 0.663405 -0.925636 -0.064579
v 0.475538 -0.925636 -0.064579
v 0.475538 -0.925636 0.244618
v 0.663405 -0.925636 0.244618
v 0.667319 -0.921722 0.244618
v 0.667319 -0.921722 -0.060666
v 0.667319 -0.921722 -0.064579
v 0.663405 -0.921722 -0.064579
v 0.420744 -0.913894 -0.064579
v 0.475538 -0.921722 -0.064579
v 0.475538 -0.917808 -0.064579
v 0.420744 -0.909980 -0.064579
v 0.365949 -0.898239 -0.064579
v 0.365949 -0.898239 0.244618
v 0.420744 -0.913894 0.244618
v 0.663405 -0.917808 -0.064579
v -0.671233 -0.917808 -0.060666
v -0.667319 -0.921722 0.244618
v -0.694716 -0.749511 0.264188
v -0.690802 -0.749511 0.264188
v -0.694716 -0.636008 0.264188
v -0.698630 -0.636008 0.260274
v -0.679061 -0.921722 0.264188
v -0.682975 -0.749511 0.264188
v -0.679061 -0.749511 0.264188
v -0.483366 -0.913894 0.260274
v -0.424658 -0.902153 0.260274
v -0.424658 -0.902153 -0.260274
v 0.424658 -0.906067 0.264188
v 0.679061 -0.749511 0.264188
v 0.679061 -0.636008 0.264188
v 0.671233 -0.636008 0.260274
v 0.671233 -0.749511 0.260274
v -0.365949 -0.909980 -0.268102
v -0.365949 -0.898239 -0.268102
v -0.311155 -0.890411 -0.268102
v -0.307241 -0.894325 -0.264188
v 0.369863 -0.890411 -0.260274
v -0.679061 -0.636008 -0.264188
v -0.671233 -0.636008 -0.260274
v 0.671233 -0.749511 -0.260274
v 0.671233 -0.636008 -0.260274
v 0.679061 -0.636008 -0.264188
v -0.663405 -0.917808 -0.064579
v -0.475538 -0.917808 -0.064579
v -0.475538 -0.064579 -0.064579
v -0.663405 -0.636008 -0.064579
v -0.667319 -0.636008 -0.064579
v -0.667319 -0.917808 -0.064579
v -0.671233 -0.636008 -0.060665
v -0.671233 -0.917808 0.244618
v -0.420744 -0.909980 -0.064579
v -0.420744 -0.072407 -0.064579
v -0.365949 -0.898239 0.244618
v -0.365949 -0.898239 -0.064579
v -0.365949 -0.894325 -0.064579
v 0.663405 -0.636008 -0.064579
v 0.663405 -0.154599 -0.064579
v 0.663405 -0.041096 -0.064579
v 0.663405 0.072407 -0.064579
v 0.663405 0.311155 -0.064579
v 0.663405 0.381605 -0.064579
v 0.651663 0.448141 -0.064579
v 0.632094 0.514677 -0.064579
v 0.604697 0.581213 -0.064579
v 0.569472 0.639922 -0.064579
v 0.526419 0.698630 -0.064579
v 0.475538 0.749511 -0.064579
v 0.420744 0.796477 -0.064579
v 0.358121 0.835616 -0.064579
v 0.291585 0.866928 -0.064579
v 0.225049 0.894325 -0.064579
v 0.154599 0.909980 -0.064579
v 0.080235 0.917808 -0.064579
v 0.005871 0.917808 -0.064579
v 0.671233 -0.917808 -0.060666
v 0.671233 -0.917808 0.244618
v 0.671233 -0.636008 -0.060665
v 0.667319 -0.636008 -0.064579
v 0.667319 -0.917808 -0.064579
v -0.679061 -0.636008 0.264188
v -0.682975 -0.636008 0.264188
v -0.424658 -0.906067 0.264188
v -0.369863 -0.894325 0.264188
v -0.369863 -0.890411 0.260274
v -0.365949 -0.898239 0.264188
v -0.315068 -0.878669 0.264188
v -0.315068 -0.874755 0.264188
v -0.424658 -0.906067 -0.264188
v -0.369863 -0.894325 -0.264188
v -0.307241 -0.898239 -0.260274
v -0.256360 -0.870842 -0.260274
v -0.256360 -0.870842 0.260274
v 0.307241 -0.894325 -0.264188
v 0.256360 -0.870842 -0.264188
v 0.260274 -0.866928 -0.268102
v -0.667319 -0.522505 -0.064579
v -0.671233 -0.522505 -0.060665
v -0.671233 -0.636008 0.244618
v -0.671233 -0.522505 0.244618
v 0.671233 -0.636008 0.244618
v 0.671233 -0.522505 -0.060665
v 0.667319 -0.522505 -0.064579
v 0.369863 -0.890411 0.260274
v 0.369863 -0.894325 0.264188
v -0.311155 -0.890411 0.264188
v -0.260274 -0.866928 0.264188
v -0.264188 -0.855186 0.264188
v 0.307241 -0.894325 0.264188
v 0.311155 -0.890411 0.264188
v 0.256360 -0.870842 0.264188
v 0.256360 -0.870842 0.260274
v 0.365949 -0.898239 0.264188
v 0.315068 -0.878669 0.264188
v -0.365949 -0.084149 -0.064579
v -0.311155 -0.095890 -0.064579
v -0.311155 -0.091977 -0.064579
v -0.365949 -0.080235 -0.064579
v 0.365949 -0.894325 -0.064579
v 0.315068 -0.870842 -0.064579
v 0.311155 -0.874755 -0.064579
v -0.369863 -0.890411 -0.260274
v -0.315068 -0.870842 -0.260274
v -0.315068 -0.874755 -0.264188
v 0.315068 -0.870842 -0.260274
v 0.315068 -0.870842 0.260274
v -0.315068 -0.878669 -0.268102
v -0.264188 -0.855186 -0.268102
v -0.260274 -0.866928 -0.268102
v 0.315068 -0.874755 -0.264188
v 0.264188 -0.851272 -0.264188
v 0.268102 -0.847358 -0.260274
v 0.256360 -0.870842 -0.260274
v 0.205480 -0.843444 -0.260274
v 0.209393 -0.839530 -0.264188
v -0.311155 -0.878669 0.244618
v -0.311155 -0.878669 -0.064579
v -0.311155 -0.874755 -0.064579
v -0.315068 -0.870842 -0.064579
v 0.311155 -0.878669 -0.064579
v 0.264188 -0.851272 -0.064579
v 0.264188 -0.851272 0.244618
v 0.311155 -0.878669 0.244618
v -0.256360 -0.870842 0.264188
v -0.209393 -0.839530 0.264188
v -0.209393 -0.835616 0.264188
v -0.256360 -0.870842 -0.264188
v -0.209393 -0.839530 -0.264188
v -0.205479 -0.843444 -0.260274
v -0.264188 -0.847358 -0.064579
v -0.256360 -0.111546 -0.064579
v -0.315068 -0.870842 0.260274
v -0.268102 -0.847358 0.260274
v -0.268102 -0.847358 -0.260274
v 0.315068 -0.874755 0.264188
v 0.264188 -0.851272 0.264188
v 0.264188 -0.855186 0.264188
v 0.264188 -0.855186 -0.268102
v 0.217221 -0.827789 -0.268102
v 0.221135 -0.823875 -0.264188
v 0.260274 -0.866928 0.264188
v 0.209393 -0.835616 0.264188
v 0.209393 -0.839530 0.264188
v -0.264188 -0.851272 0.244618
v -0.264188 -0.851272 -0.064579
v -0.264188 -0.851272 0.264188
v -0.221135 -0.823875 0.264188
v -0.221135 -0.819961 0.260274
v -0.264188 -0.851272 -0.264188
v -0.221135 -0.823875 -0.264188
v -0.217221 -0.827789 -0.268102
v -0.217221 -0.819961 0.244618
v -0.217221 -0.819961 -0.064579
v -0.221135 -0.816047 -0.064579
v 0.264188 -0.847358 -0.064579
v 0.217221 -0.819961 -0.064579
v 0.217221 -0.819961 0.244618
v 0.209393 -0.835616 -0.268102
v 0.166340 -0.800391 -0.268102
v 0.174168 -0.792564 -0.268102
v -0.205479 -0.843444 0.260274
v -0.162427 -0.808219 0.260274
v -0.162427 -0.808219 0.264188
v 0.268102 -0.847358 0.260274
v 0.221135 -0.819961 0.260274
v 0.221135 -0.823875 0.264188
v 0.080235 0.921722 -0.064579
v 0.005871 0.921722 -0.064579
v -0.080235 0.917808 -0.064579
v -0.005871 0.499022 -0.064579
v 0.005871 0.499022 -0.064579
v 0.017613 0.432485 -0.064579
v 0.029354 0.369863 -0.064579
v 0.037182 0.307241 -0.064579
v 0.048924 0.244618 -0.064579
v 0.068493 0.181996 -0.064579
v 0.091977 0.123288 -0.064579
v 0.127202 0.076321 -0.064579
v 0.178082 0.037182 -0.064579
v 0.232877 0.009785 -0.064579
v 0.291585 -0.005871 -0.064579
v 0.350294 -0.021526 -0.064579
v 0.409002 -0.029354 -0.064579
v 0.463796 -0.033268 -0.064579
v 0.522505 -0.029354 -0.064579
v 0.534247 -0.029354 -0.064579
v 0.538160 -0.037182 -0.064579
v 0.545988 -0.045010 -0.064579
v 0.667319 -0.839530 -0.064579
v 0.667319 -0.874755 -0.064579
v 0.350294 -0.874755 -0.064579
v 0.291585 -0.847358 -0.064579
v 0.240705 -0.819961 -0.064579
v 0.193738 -0.784736 -0.064579
v 0.154599 -0.741683 -0.064579
v 0.123288 -0.690802 -0.064579
v 0.095890 -0.639922 -0.064579
v 0.076321 -0.577299 -0.064579
v 0.064579 -0.514677 -0.064579
v 0.056752 -0.452055 -0.064579
v 0.052838 -0.389432 -0.064579
v 0.052838 -0.330724 -0.064579
v 0.060665 -0.272016 -0.064579
v 0.076321 -0.225049 -0.064579
v 0.103718 -0.181996 -0.064579
v 0.142857 -0.150685 -0.064579
v 0.193738 -0.127202 -0.064579
v 0.244618 -0.107632 -0.064579
v 0.303327 -0.095890 -0.064579
v 0.362035 -0.080235 -0.064579
v 0.420744 -0.068493 -0.064579
v 0.479452 -0.056752 -0.064579
v 0.534247 -0.045010 -0.064579
v 0.545988 -0.048924 -0.064579
v 0.549902 -0.056752 -0.064579
v 0.663405 -0.749511 -0.064579
v 0.205480 -0.843444 0.260274
v 0.162427 -0.808219 0.260274
v 0.162427 -0.808219 -0.260274
v -0.209393 -0.835616 -0.268102
v -0.166341 -0.800391 -0.268102
v -0.162427 -0.808219 -0.264188
v -0.217221 -0.827789 0.264188
v -0.174168 -0.792564 0.264188
v -0.178082 -0.788650 0.264188
v 0.217221 -0.827789 0.264188
v 0.174168 -0.792564 0.264188
v 0.166340 -0.800391 0.264188
v 0.221135 -0.819961 -0.260274
v 0.181996 -0.788650 -0.260274
v 0.181996 -0.788650 0.260274
v -0.221135 -0.819961 -0.260274
v -0.181996 -0.788650 -0.260274
v -0.178082 -0.788650 -0.264188
v -0.205479 -0.127202 -0.064579
v -0.158513 -0.146771 -0.064579
v -0.158513 -0.142857 -0.064579
v -0.205479 -0.123288 -0.064579
v -0.162427 -0.808219 -0.260274
v -0.123288 -0.769080 -0.260274
v -0.123288 -0.769080 0.260274
v 0.162427 -0.808219 -0.264188
v 0.127202 -0.765166 -0.264188
v 0.131115 -0.761252 -0.268102
v -0.166341 -0.800391 0.264188
v -0.131115 -0.761252 0.264188
v -0.138943 -0.757339 0.264188
v 0.162427 -0.808219 0.264188
v 0.127202 -0.765166 0.264188
v 0.123288 -0.769080 0.260274
v -0.174168 -0.792564 -0.268102
v -0.138943 -0.757339 -0.268102
v -0.131115 -0.761252 -0.268102
v 0.178082 -0.788650 -0.264188
v 0.142857 -0.753425 -0.264188
v 0.142857 -0.749511 -0.260274
v -0.181996 -0.788650 0.260274
v -0.142857 -0.749511 0.260274
v -0.142857 -0.749511 -0.260274
v 0.178082 -0.788650 0.264188
v 0.142857 -0.753425 0.264188
v 0.138943 -0.757339 0.264188
v -0.178082 -0.784736 0.244618
v -0.178082 -0.784736 -0.064579
v -0.181996 -0.780822 -0.064579
v 0.178082 -0.784736 -0.064579
v 0.181996 -0.780822 -0.064579
v 0.142857 -0.745597 -0.064579
v 0.142857 -0.745597 0.244618
v 0.178082 -0.784736 0.244618
v -0.146771 -0.741683 -0.064579
v -0.119374 -0.174168 -0.064579
v -0.127202 -0.765166 -0.264188
v -0.091977 -0.718200 -0.264188
v -0.091977 -0.722113 -0.260274
v 0.123288 -0.769080 -0.260274
v 0.091977 -0.722113 -0.260274
v 0.091977 -0.718200 -0.264188
v -0.127202 -0.765166 0.264188
v -0.091977 -0.718200 0.264188
v -0.099804 -0.718200 0.264188
v 0.138943 -0.757339 -0.268102
v 0.107632 -0.710372 -0.268102
v 0.111546 -0.710372 -0.264188
v 0.131115 -0.761252 0.264188
v 0.099804 -0.718200 0.264188
v 0.091977 -0.718200 0.264188
v -0.142857 -0.753425 0.264188
v -0.111546 -0.710372 0.264188
v -0.115460 -0.706458 0.260274
v -0.142857 -0.753425 -0.264188
v -0.111546 -0.710372 -0.264188
v -0.107632 -0.710372 -0.268102
v 0.142857 -0.749511 0.260274
v 0.115460 -0.706458 0.260274
v 0.111546 -0.710372 0.264188
v -0.142857 -0.745597 0.244618
v -0.142857 -0.745597 -0.064579
v 0.146771 -0.741683 -0.064579
v 0.115460 -0.698630 -0.064579
v 0.111546 -0.698630 -0.064579
v 0.111546 -0.698630 0.244618
v -0.091977 -0.722113 0.260274
v -0.064579 -0.667319 0.260274
v -0.068493 -0.667319 0.264188
v 0.091977 -0.722113 0.260274
v 0.064579 -0.667319 0.260274
v 0.064579 -0.667319 -0.260274
v 0.099804 -0.718200 -0.268102
v 0.072407 -0.663405 -0.268102
v 0.080235 -0.659491 -0.268102
v -0.099804 -0.718200 -0.268102
v -0.072407 -0.663405 -0.268102
v -0.068493 -0.667319 -0.264188
v -0.107632 -0.710372 0.264188
v -0.080235 -0.659491 0.264188
v -0.088063 -0.659491 0.264188
v 0.107632 -0.710372 0.264188
v 0.080235 -0.659491 0.264188
v 0.072407 -0.663405 0.264188
v 0.115460 -0.706458 -0.260274
v 0.088063 -0.659491 -0.260274
v 0.088063 -0.659491 0.260274
v -0.682975 -0.522505 -0.268102
v -0.679061 -0.522505 -0.264188
v 0.682975 -0.636008 -0.268102
v 0.682975 -0.522505 -0.268102
v 0.690802 -0.522505 -0.268102
v -0.694716 -0.522505 -0.264188
v -0.690802 -0.522505 -0.268102
v 0.698630 -0.636008 -0.260274
v 0.698630 -0.522505 -0.260274
v 0.698630 -0.522505 0.260274
v -0.671233 -0.636008 0.260274
v -0.671233 -0.522505 0.260274
v -0.679061 -0.522505 0.264188
v -0.115460 -0.706458 -0.260274
v -0.088063 -0.659491 -0.260274
v -0.088063 -0.659491 -0.264188
v -0.698630 -0.522505 0.260274
v -0.698630 -0.522505 -0.260274
v 0.671233 -0.522505 0.260274
v 0.671233 -0.522505 -0.260274
v -0.690802 -0.636008 0.264188
v -0.690802 -0.522505 0.264188
v -0.694716 -0.522505 0.264188
v 0.682975 -0.636008 0.264188
v 0.690802 -0.636008 0.264188
v 0.682975 -0.522505 0.264188
v 0.679061 -0.522505 0.264188
v 0.690802 -0.522505 0.264188
v -0.111546 -0.698630 0.244618
v -0.111546 -0.698630 -0.064579
v -0.115460 -0.698630 -0.064579
v -0.084149 -0.209393 -0.064579
v -0.060665 -0.256360 -0.064579
v -0.056752 -0.252446 -0.064579
v -0.080235 -0.205479 -0.064579
v 0.115460 -0.694716 -0.064579
v 0.088063 -0.647750 -0.064579
v 0.084149 -0.647750 -0.064579
v -0.064579 -0.667319 -0.260274
v -0.045010 -0.612524 -0.260274
v -0.045010 -0.612524 0.260274
v 0.068493 -0.667319 -0.264188
v 0.045010 -0.608611 -0.264188
v 0.052838 -0.608611 -0.268102
v -0.072407 -0.663405 0.264188
v -0.052838 -0.608611 0.264188
v -0.060665 -0.604697 0.264188
v 0.068493 -0.667319 0.264188
v 0.045010 -0.608611 0.264188
v 0.045010 -0.612524 0.260274
v -0.080235 -0.659491 -0.268102
v -0.060665 -0.604697 -0.268102
v -0.052838 -0.608611 -0.268102
v 0.088063 -0.659491 -0.264188
v 0.068493 -0.604697 -0.264188
v 0.068493 -0.604697 -0.260274
v -0.088063 -0.659491 0.260274
v -0.068493 -0.604697 0.260274
v -0.068493 -0.604697 -0.260274
v 0.088063 -0.659491 0.264188
v 0.068493 -0.604697 0.264188
v 0.060665 -0.604697 0.264188
v -0.091977 -0.647750 -0.064579
v -0.088063 -0.647750 -0.064579
v -0.072407 -0.589041 -0.064579
v -0.048924 -0.307241 -0.064579
v -0.084149 -0.647750 0.244618
v -0.064579 -0.592955 0.244618
v 0.064579 -0.592955 -0.064579
v 0.064579 -0.592955 0.244618
v 0.084149 -0.647750 0.244618
v 0.091977 -0.643836 -0.064579
v 0.072407 -0.589041 -0.064579
v 0.068493 -0.592955 -0.064579
v -0.045010 -0.608611 -0.264188
v -0.033268 -0.549902 -0.264188
v -0.029354 -0.549902 -0.260274
v 0.045010 -0.612524 -0.260274
v 0.029354 -0.549902 -0.260274
v 0.033268 -0.549902 -0.264188
v -0.045010 -0.608611 0.264188
v -0.033268 -0.549902 0.264188
v -0.037182 -0.549902 0.264188
v 0.060665 -0.604697 -0.268102
v 0.048924 -0.545988 -0.268102
v 0.052838 -0.545988 -0.264188
v 0.052838 -0.608611 0.264188
v 0.037182 -0.549902 0.264188
v 0.033268 -0.549902 0.264188
v -0.068493 -0.604697 -0.264188
v -0.052838 -0.545988 -0.264188
v -0.048924 -0.545988 -0.268102
v 0.068493 -0.604697 0.260274
v 0.056752 -0.545988 0.260274
v 0.052838 -0.545988 0.264188
v -0.068493 -0.604697 0.264188
v -0.052838 -0.545988 0.264188
v -0.056752 -0.545988 0.260274
v -0.068493 -0.592955 -0.064579
v -0.052838 -0.534247 0.244618
v -0.052838 -0.534247 -0.064579
v -0.056752 -0.530333 -0.064579
v 0.052838 -0.530333 -0.064579
v 0.052838 -0.534247 -0.064579
v -0.690802 -0.409002 -0.268102
v -0.682975 -0.409002 -0.268102
v 0.694716 -0.522505 -0.264188
v 0.694716 -0.409002 -0.264188
v 0.698630 -0.409002 -0.260274
v -0.671233 -0.522505 -0.260274
v -0.671233 -0.409002 -0.260274
v -0.671233 -0.409002 0.260274
v 0.679061 -0.522505 -0.264188
v 0.679061 -0.409002 -0.264188
v 0.682975 -0.409002 -0.268102
v -0.698630 -0.409002 -0.260274
v -0.694716 -0.409002 -0.264188
v -0.663405 -0.522505 -0.064579
v -0.663405 -0.409002 -0.064579
v -0.667319 -0.409002 -0.064579
v 0.663405 -0.522505 -0.064579
v 0.663405 -0.409002 -0.064579
v 0.671233 -0.522505 0.244618
v 0.671233 -0.409002 -0.060665
v 0.667319 -0.409002 -0.064579
v 0.694716 -0.522505 0.264188
v 0.694716 -0.409002 0.264188
v 0.690802 -0.409002 0.264188
v -0.694716 -0.409002 0.264188
v -0.698630 -0.409002 0.260274
v -0.682975 -0.522505 0.264188
v -0.682975 -0.409002 0.264188
v -0.690802 -0.409002 0.264188
v 0.679061 -0.409002 0.264188
v 0.671233 -0.409002 0.260274
v -0.029354 -0.549902 0.260274
v -0.017613 -0.487280 0.260274
v -0.021526 -0.487280 0.264188
v 0.029354 -0.549902 0.260274
v 0.017613 -0.487280 0.260274
v 0.017613 -0.487280 -0.260274
v -0.037182 -0.549902 -0.268102
v -0.025440 -0.487280 -0.268102
v -0.021526 -0.487280 -0.264188
v 0.037182 -0.549902 -0.268102
v 0.025440 -0.487280 -0.268102
v 0.037182 -0.483366 -0.268102
v -0.048924 -0.545988 0.264188
v -0.037182 -0.483366 0.264188
v -0.041096 -0.483366 0.264188
v 0.056752 -0.545988 -0.260274
v 0.045010 -0.483366 -0.260274
v 0.045010 -0.483366 0.260274
v -0.056752 -0.545988 -0.260274
v -0.045010 -0.483366 -0.260274
v -0.041096 -0.483366 -0.264188
v 0.048924 -0.545988 0.264188
v 0.037182 -0.483366 0.264188
v 0.025440 -0.487280 0.264188
v 0.041096 -0.467710 -0.064579
v 0.045010 -0.467710 0.244618
v 0.052838 -0.534247 0.244618
v -0.045010 -0.362035 -0.064579
v -0.045010 -0.424658 -0.064579
v -0.041096 -0.424658 -0.064579
v -0.041096 -0.362035 -0.064579
v 0.056752 -0.530333 -0.064579
v 0.048924 -0.467710 -0.064579
v 0.045010 -0.467710 -0.064579
v -0.017613 -0.487280 -0.260274
v -0.013699 -0.420744 -0.260274
v -0.013699 -0.420744 0.260274
v 0.021527 -0.487280 -0.264188
v 0.017613 -0.420744 -0.264188
v 0.021527 -0.420744 -0.268102
v -0.025440 -0.487280 0.264188
v -0.021526 -0.420744 0.264188
v -0.033268 -0.420744 0.264188
v 0.021527 -0.487280 0.264188
v 0.017613 -0.420744 0.264188
v 0.013699 -0.420744 0.260274
v -0.037182 -0.483366 -0.268102
v -0.033268 -0.420744 -0.268102
v -0.021526 -0.420744 -0.268102
v 0.041096 -0.483366 -0.264188
v 0.037182 -0.420744 -0.264188
v 0.041096 -0.420744 -0.260274
v -0.045010 -0.483366 0.260274
v -0.041096 -0.420744 0.260274
v -0.041096 -0.420744 -0.260274
v 0.041096 -0.483366 0.264188
v 0.037182 -0.420744 0.264188
v 0.033268 -0.420744 0.264188
v -0.045010 -0.467710 0.244618
v -0.045010 -0.467710 -0.064579
v -0.048924 -0.467710 -0.064579
v 0.041096 -0.424658 -0.064579
v 0.041096 -0.428571 -0.064579
v -0.679061 -0.409002 -0.264188
v -0.679061 -0.295499 -0.264188
v -0.671233 -0.295499 -0.260274
v 0.690802 -0.409002 -0.268102
v 0.690802 -0.295499 -0.268102
v 0.694716 -0.295499 -0.264188
v -0.694716 -0.295499 -0.264188
v -0.690802 -0.295499 -0.268102
v 0.671233 -0.409002 -0.260274
v 0.671233 -0.295499 -0.260274
v 0.679061 -0.295499 -0.264188
v 0.698630 -0.409002 0.260274
v 0.698630 -0.295499 0.260274
v 0.694716 -0.295499 0.264188
v -0.671233 -0.409002 -0.060665
v -0.671233 -0.295499 -0.060665
v -0.671233 -0.409002 0.244618
v 0.667319 -0.295499 -0.064579
v 0.663405 -0.295499 -0.064579
v 0.671233 -0.409002 0.244618
v 0.671233 -0.295499 0.244618
v 0.671233 -0.295499 -0.060665
v -0.698630 -0.295499 0.260274
v -0.698630 -0.295499 -0.260274
v -0.679061 -0.409002 0.264188
v -0.679061 -0.295499 0.264188
v -0.682975 -0.295499 0.264188
v -0.690802 -0.295499 0.264188
v -0.694716 -0.295499 0.264188
v 0.682975 -0.409002 0.264188
v 0.682975 -0.295499 0.264188
v 0.679061 -0.295499 0.264188
v -0.017613 -0.420744 -0.264188
v -0.013699 -0.354207 -0.264188
v -0.013699 -0.354207 -0.260274
v 0.033268 -0.420744 -0.268102
v 0.033268 -0.354207 -0.268102
v 0.037182 -0.354207 -0.264188
v 0.013699 -0.420744 -0.260274
v 0.013699 -0.354207 -0.260274
v 0.013699 -0.354207 -0.264188
v -0.017613 -0.420744 0.264188
v -0.013699 -0.354207 0.264188
v -0.021526 -0.354207 0.264188
v 0.021527 -0.420744 0.264188
v 0.021527 -0.354207 0.264188
v 0.013699 -0.354207 0.264188
v -0.037182 -0.420744 -0.264188
v -0.037182 -0.354207 -0.264188
v -0.033268 -0.354207 -0.268102
v 0.041096 -0.420744 0.260274
v 0.041096 -0.354207 0.260274
v 0.037182 -0.354207 0.264188
v -0.037182 -0.420744 0.264188
v -0.037182 -0.354207 0.264188
v -0.041096 -0.354207 0.260274
v -0.041096 -0.424658 0.244618
v -0.037182 -0.362035 0.244618
v 0.041096 -0.362035 -0.064579
v 0.041096 -0.362035 0.244618
v 0.041096 -0.428571 0.244618
v 0.045010 -0.424658 -0.064579
v 0.045010 -0.362035 -0.064579
v -0.045010 -0.303327 0.244618
v -0.045010 -0.303327 -0.064579
v -0.021526 -0.354207 -0.268102
v -0.025440 -0.299413 -0.268102
v -0.021526 -0.295499 -0.264188
v 0.021527 -0.354207 -0.268102
v 0.025440 -0.299413 -0.268102
v 0.037182 -0.299413 -0.268102
v 0.041096 -0.354207 -0.260274
v 0.045010 -0.299413 -0.260274
v 0.045010 -0.299413 0.260274
v -0.041096 -0.354207 -0.260274
v -0.045010 -0.299413 -0.260274
v -0.041096 -0.299413 -0.264188
v -0.013699 -0.354207 0.260274
v -0.017613 -0.295499 0.260274
v -0.021526 -0.295499 0.264188
v 0.013699 -0.354207 0.260274
v 0.017613 -0.295499 0.260274
v 0.017613 -0.295499 -0.260274
v -0.033268 -0.354207 0.264188
v -0.037182 -0.299413 0.264188
v -0.041096 -0.299413 0.264188
v 0.033268 -0.354207 0.264188
v 0.037182 -0.299413 0.264188
v 0.025440 -0.299413 0.264188
v -0.682975 -0.295499 -0.268102
v -0.682975 -0.181996 -0.268102
v -0.679061 -0.181996 -0.264188
v 0.682975 -0.295499 -0.268102
v 0.682975 -0.181996 -0.268102
v 0.690802 -0.181996 -0.268102
v 0.698630 -0.295499 -0.260274
v 0.698630 -0.181996 -0.260274
v 0.698630 -0.181996 0.260274
v -0.698630 -0.181996 -0.260274
v -0.694716 -0.181996 -0.264188
v -0.671233 -0.295499 0.260274
v -0.671233 -0.181996 0.260274
v -0.679061 -0.181996 0.264188
v -0.667319 -0.295499 -0.064579
v -0.663405 -0.295499 -0.064579
v -0.667319 -0.181996 -0.064579
v -0.671233 -0.181996 -0.060665
v -0.420744 -0.068493 -0.064579
v -0.475538 -0.060665 -0.064579
v -0.545988 -0.056752 -0.064579
v -0.663405 -0.181996 -0.064579
v 0.671233 -0.181996 -0.060665
v 0.667319 -0.181996 -0.064579
v -0.671233 -0.295499 0.244618
v -0.671233 -0.181996 0.244618
v 0.671233 -0.295499 0.260274
v 0.671233 -0.181996 0.260274
v 0.671233 -0.181996 -0.260274
v -0.694716 -0.181996 0.264188
v -0.698630 -0.181996 0.260274
v -0.682975 -0.181996 0.264188
v -0.690802 -0.181996 0.264188
v 0.690802 -0.295499 0.264188
v 0.690802 -0.181996 0.264188
v 0.682975 -0.181996 0.264188
v 0.045010 -0.303327 -0.064579
v 0.048924 -0.307241 -0.064579
v 0.060665 -0.256360 -0.064579
v 0.056752 -0.256360 -0.064579
v 0.056752 -0.256360 0.244618
v 0.045010 -0.303327 0.244618
v -0.037182 -0.299413 -0.268102
v -0.048924 -0.252446 -0.268102
v -0.041096 -0.248532 -0.268102
v 0.041096 -0.299413 -0.264188
v 0.056752 -0.252446 -0.264188
v 0.056752 -0.256360 -0.260274
v -0.017613 -0.295499 -0.260274
v -0.033268 -0.244618 -0.260274
v -0.033268 -0.244618 0.260274
v 0.021527 -0.295499 -0.264188
v 0.033268 -0.248532 -0.264188
v 0.041096 -0.248532 -0.268102
v -0.045010 -0.299413 0.260274
v -0.056752 -0.256360 0.260274
v -0.056752 -0.256360 -0.260274
v 0.041096 -0.299413 0.264188
v 0.056752 -0.252446 0.264188
v 0.048924 -0.252446 0.264188
v -0.025440 -0.299413 0.264188
v -0.041096 -0.248532 0.264188
v -0.048924 -0.252446 0.264188
v 0.021527 -0.295499 0.264188
v 0.033268 -0.248532 0.264188
v 0.033268 -0.244618 0.260274
v -0.056752 -0.256360 0.244618
v -0.056752 -0.256360 -0.064579
v -0.033268 -0.248532 -0.264188
v -0.056752 -0.201566 -0.264188
v -0.052838 -0.201566 -0.260274
v 0.048924 -0.252446 -0.268102
v 0.068493 -0.213307 -0.268102
v 0.072407 -0.213307 -0.264188
v -0.056752 -0.252446 -0.264188
v -0.072407 -0.213307 -0.264188
v -0.068493 -0.213307 -0.268102
v 0.056752 -0.256360 0.260274
v 0.076321 -0.217221 0.260274
v 0.072407 -0.213307 0.264188
v -0.056752 -0.252446 0.264188
v -0.072407 -0.213307 0.264188
v -0.076321 -0.217221 0.260274
v 0.041096 -0.248532 0.264188
v 0.060665 -0.205479 0.264188
v 0.056752 -0.201566 0.264188
v -0.690802 -0.181996 -0.268102
v -0.690802 -0.068493 -0.268102
v -0.682975 -0.068493 -0.268102
v 0.694716 -0.181996 -0.264188
v 0.694716 -0.068493 -0.264188
v 0.698630 -0.068493 -0.260274
v -0.671233 -0.181996 -0.260274
v -0.671233 -0.068493 -0.260274
v -0.671233 -0.068493 0.260274
v 0.679061 -0.181996 -0.264188
v 0.679061 -0.068493 -0.264188
v 0.682975 -0.068493 -0.268102
v 0.033268 -0.244618 -0.260274
v 0.052838 -0.201566 -0.260274
v 0.056752 -0.201566 -0.264188
v -0.663405 -0.068493 -0.064579
v -0.667319 -0.068493 -0.064579
v 0.663405 -0.181996 -0.064579
v 0.663405 -0.068493 -0.064579
v 0.671233 -0.181996 0.244618
v 0.671233 -0.068493 -0.060665
v 0.667319 -0.068493 -0.064579
v -0.698630 -0.068493 0.260274
v -0.698630 -0.068493 -0.260274
v -0.033268 -0.248532 0.264188
v -0.056752 -0.201566 0.264188
v -0.060665 -0.205479 0.264188
v 0.694716 -0.181996 0.264188
v 0.694716 -0.068493 0.264188
v 0.690802 -0.068493 0.264188
v -0.690802 -0.068493 0.264188
v -0.694716 -0.068493 0.264188
v -0.679061 -0.068493 0.264188
v -0.682975 -0.068493 0.264188
v 0.679061 -0.181996 0.264188
v 0.679061 -0.068493 0.264188
v 0.671233 -0.068493 0.260274
v -0.076321 -0.217221 -0.260274
v -0.099804 -0.181996 -0.260274
v -0.099804 -0.181996 -0.264188
v 0.076321 -0.217221 -0.260274
v 0.099804 -0.181996 -0.260274
v 0.099804 -0.181996 0.260274
v -0.076321 -0.213307 0.244618
v -0.076321 -0.213307 -0.064579
v -0.080235 -0.213307 -0.064579
v 0.076321 -0.213307 -0.064579
v 0.080235 -0.213307 -0.064579
v 0.103718 -0.178082 -0.064579
v 0.103718 -0.178082 0.244618
v 0.076321 -0.213307 0.244618
v -0.060665 -0.205479 -0.268102
v -0.088063 -0.170254 -0.268102
v -0.084149 -0.166341 -0.264188
v -0.107632 -0.178082 -0.064579
v -0.068493 -0.213307 0.264188
v -0.095890 -0.178082 0.264188
v -0.099804 -0.181996 0.264188
v 0.068493 -0.213307 0.264188
v 0.095890 -0.178082 0.264188
v 0.088063 -0.170254 0.264188
v 0.060665 -0.205479 -0.268102
v 0.088063 -0.170254 -0.268102
v 0.095890 -0.178082 -0.268102
v 0.052838 -0.201566 0.260274
v 0.080235 -0.162427 0.260274
v 0.080235 -0.162427 -0.260274
v -0.052838 -0.201566 0.260274
v -0.080235 -0.162427 0.260274
v -0.084149 -0.166341 0.264188
v -0.099804 -0.181996 0.260274
v -0.131115 -0.154599 0.260274
v -0.131115 -0.154599 -0.260274
v 0.099804 -0.181996 0.264188
v 0.131115 -0.154599 0.264188
v 0.127202 -0.150685 0.264188
v -0.095890 -0.178082 -0.268102
v -0.127202 -0.150685 -0.268102
v -0.119374 -0.138943 -0.268102
v 0.099804 -0.181996 -0.264188
v 0.131115 -0.154599 -0.264188
v 0.131115 -0.154599 -0.260274
v -0.103718 -0.178082 0.244618
v -0.135029 -0.150685 0.244618
v 0.135029 -0.150685 -0.064579
v 0.135029 -0.150685 0.244618
v -0.138943 -0.150685 -0.064579
v -0.088063 -0.170254 0.264188
v -0.119374 -0.138943 0.264188
v -0.127202 -0.150685 0.264188
v 0.084149 -0.166341 0.264188
v 0.115460 -0.135029 0.264188
v 0.115460 -0.135029 0.260274
v -0.080235 -0.162427 -0.260274
v -0.115460 -0.135029 -0.260274
v -0.115460 -0.135029 0.260274
v 0.084149 -0.166341 -0.264188
v 0.115460 -0.135029 -0.264188
v 0.119374 -0.138943 -0.268102
v -0.679061 -0.068493 -0.264188
v -0.679061 0.045010 -0.264188
v -0.671233 0.045010 -0.260274
v 0.690802 -0.068493 -0.268102
v 0.690802 0.045010 -0.268102
v 0.694716 0.045010 -0.264188
v -0.694716 -0.068493 -0.264188
v -0.694716 0.045010 -0.264188
v -0.690802 0.045010 -0.268102
v -0.131115 -0.154599 -0.264188
v -0.166341 -0.131115 -0.264188
v -0.162427 -0.127202 -0.268102
v 0.131115 -0.154599 0.260274
v 0.166340 -0.135029 0.260274
v 0.166340 -0.131115 0.264188
v 0.671233 -0.068493 -0.260274
v 0.671233 0.045010 -0.260274
v 0.679061 0.045010 -0.264188
v 0.698630 -0.068493 0.260274
v 0.698630 0.045010 0.260274
v 0.694716 0.045010 0.264188
v -0.671233 -0.068493 -0.060665
v -0.671233 0.045010 -0.060665
v -0.671233 -0.068493 0.244618
v 0.138943 -0.154599 -0.064579
v 0.174168 -0.131115 -0.064579
v 0.174168 -0.131115 0.244618
v 0.667319 0.045010 -0.064579
v 0.663405 0.045010 -0.064579
v 0.671233 -0.068493 0.244618
v 0.671233 0.045010 0.244618
v 0.671233 0.045010 -0.060665
v -0.671233 0.045010 0.260274
v -0.679061 0.045010 0.264188
v -0.694716 0.045010 0.264188
v -0.698630 0.045010 0.260274
v -0.682975 0.045010 0.264188
v -0.690802 0.045010 0.264188
v -0.131115 -0.154599 0.264188
v -0.166341 -0.131115 0.264188
v -0.166341 -0.135029 0.260274
v 0.682975 -0.068493 0.264188
v 0.682975 0.045010 0.264188
v 0.679061 0.045010 0.264188
v 0.127202 -0.150685 -0.268102
v 0.162427 -0.127202 -0.268102
v 0.166340 -0.131115 -0.264188
v 0.119374 -0.138943 0.264188
v 0.158513 -0.115460 0.264188
v 0.154599 -0.111546 0.264188
v -0.174168 -0.131115 0.244618
v -0.174168 -0.131115 -0.064579
v -0.178082 -0.131115 -0.064579
v -0.115460 -0.135029 -0.264188
v -0.154599 -0.111546 -0.264188
v -0.154599 -0.107632 -0.260274
v -0.115460 -0.135029 0.264188
v -0.154599 -0.111546 0.264188
v -0.158513 -0.115460 0.264188
v 0.115460 -0.135029 -0.260274
v 0.154599 -0.107632 -0.260274
v 0.154599 -0.111546 -0.264188
v 0.166340 -0.135029 -0.260274
v 0.209393 -0.115460 -0.260274
v 0.209393 -0.115460 0.260274
v -0.166341 -0.135029 -0.260274
v -0.209393 -0.115460 -0.260274
v -0.205479 -0.111546 -0.264188
v 0.174168 -0.135029 -0.064579
v 0.217221 -0.115460 -0.064579
v 0.217221 -0.111546 -0.064579
v 0.217221 -0.111546 0.244618
v 0.162427 -0.127202 0.264188
v 0.205480 -0.107632 0.264188
v 0.201566 -0.099804 0.264188
v -0.158513 -0.115460 -0.268102
v -0.201566 -0.099804 -0.268102
v -0.201566 -0.091976 -0.264188
v -0.162427 -0.127202 0.264188
v -0.205479 -0.107632 0.264188
v -0.205479 -0.111546 0.264188
v -0.221135 -0.115460 -0.064579
v 0.158513 -0.115460 -0.268102
v 0.201566 -0.099804 -0.268102
v 0.205480 -0.107632 -0.268102
v -0.154599 -0.107632 0.260274
v -0.197652 -0.091977 0.260274
v -0.201566 -0.091977 0.264188
v 0.217221 -0.119374 -0.064579
v 0.264188 -0.103718 -0.064579
v 0.264188 -0.099804 -0.064579
v -0.209393 -0.115460 0.260274
v -0.252446 -0.103718 0.260274
v -0.252446 -0.103718 -0.260274
v 0.154599 -0.107632 0.260274
v 0.197652 -0.091977 0.260274
v 0.197652 -0.091976 -0.260274
v 0.205480 -0.111546 0.264188
v 0.252446 -0.099804 0.264188
v 0.248532 -0.095890 0.264188
v -0.205479 -0.107632 -0.268102
v -0.248532 -0.095890 -0.268102
v -0.248532 -0.084149 -0.268102
v 0.205480 -0.111546 -0.264188
v 0.252446 -0.099804 -0.264188
v 0.252446 -0.103718 -0.260274
v -0.217221 -0.111546 0.244618
v -0.217221 -0.111546 -0.064579
v -0.256360 -0.107632 -0.064579
v -0.268102 -0.099804 -0.064579
v 0.264188 -0.107632 -0.064579
v 0.315068 -0.091977 -0.064579
v 0.311155 -0.091977 -0.064579
v -0.303327 -0.088063 0.260274
v -0.303327 -0.088063 0.193738
v -0.303327 -0.088063 -0.260274
v -0.303327 -0.088063 -0.264188
v -0.252446 -0.099804 -0.264188
v -0.299413 -0.080235 -0.268102
v 0.252446 -0.103718 0.260274
v 0.303327 -0.088063 -0.260274
v 0.303327 -0.088063 0.119374
v 0.303327 -0.088063 0.260274
v 0.303327 -0.088063 0.264188
v -0.268102 -0.099804 0.244618
v -0.315068 -0.084149 0.244618
v -0.315068 -0.088063 -0.064579
v -0.318982 -0.088063 -0.064579
v -0.201566 -0.099804 0.264188
v -0.248532 -0.084149 0.264188
v -0.248532 -0.095890 0.264188
v 0.201566 -0.091977 0.264188
v 0.244618 -0.080235 0.264188
v 0.244618 -0.076321 0.260274
v -0.197652 -0.091976 -0.260274
v -0.244618 -0.076321 -0.260274
v -0.244618 -0.076321 0.260274
v 0.201566 -0.091976 -0.264188
v 0.244618 -0.080235 -0.264188
v 0.248532 -0.084149 -0.268102
v 0.315068 -0.088063 0.244618
v 0.264188 -0.099804 0.244618
v -0.252446 -0.099804 0.264188
v -0.303327 -0.088063 0.264188
v 0.248532 -0.095890 -0.268102
v 0.299413 -0.080235 -0.268102
v 0.303327 -0.088063 -0.264188
v 0.315068 -0.095890 -0.064579
v 0.365949 -0.080235 -0.064579
v 0.248532 -0.084149 0.264188
v 0.299413 -0.072407 0.264188
v 0.299413 -0.068493 0.264188
v 0.358121 -0.080235 -0.260274
v 0.358121 -0.080235 0.111546
v -0.244618 -0.080235 -0.264188
v -0.299413 -0.068493 -0.264188
v -0.299413 -0.064579 -0.260274
v 0.299413 -0.080235 0.264188
v 0.307241 -0.084149 0.264188
v 0.307241 -0.080235 0.264188
v -0.299413 -0.072407 -0.268102
v -0.362035 -0.064579 -0.268102
v -0.362035 -0.056751 -0.264188
v 0.369863 -0.084149 -0.064579
v 0.424658 -0.072407 -0.064579
v -0.299413 -0.080235 0.264188
v -0.299413 -0.072407 0.264188
v -0.303327 -0.072407 0.264188
v -0.307241 -0.080235 0.264188
v -0.307241 -0.084149 0.264188
v 0.244618 -0.076321 -0.260274
v 0.299413 -0.064579 0.260274
v 0.299413 -0.064579 0.127202
v 0.299413 -0.064579 -0.260274
v 0.299413 -0.068493 -0.264188
v -0.373777 -0.076321 -0.064579
v 0.416830 -0.068493 -0.064579
v 0.416830 -0.068493 0.111546
v 0.362035 -0.080235 0.111546
v 0.315068 -0.088063 0.119374
v -0.244618 -0.080235 0.264188
v -0.299413 -0.068493 0.264188
v -0.365949 -0.076321 -0.264188
v -0.365949 -0.080235 -0.260274
v -0.424658 -0.064579 -0.264188
v -0.424658 -0.060665 -0.268102
v -0.362035 -0.072407 -0.268102
v -0.420744 -0.052838 -0.268102
v 0.358121 -0.076321 -0.264188
v 0.358121 -0.072407 -0.268102
v 0.420744 -0.064579 -0.264188
v 0.420744 -0.068493 -0.260274
v -0.365949 -0.080235 0.111546
v -0.311155 -0.084149 0.193738
v -0.365949 -0.076321 0.119374
v -0.424658 -0.068493 0.111546
v -0.315068 -0.084149 0.119374
v -0.373777 -0.076321 0.111546
v -0.369863 -0.076321 -0.064579
v 0.311155 -0.084149 0.127202
v 0.358121 -0.076321 0.119374
v 0.358121 -0.072407 0.119374
v 0.315068 -0.080235 0.131115
v 0.311155 -0.084149 0.260274
v 0.358121 -0.080235 -0.001957
v 0.420744 -0.068493 0.111546
v 0.420744 -0.064579 0.119374
v -0.311155 -0.084149 0.260274
v -0.311155 -0.080235 0.260274
v 0.315068 -0.080235 0.260274
v 0.299413 -0.072407 -0.268102
v 0.358121 -0.064579 -0.268102
v 0.428571 -0.072407 -0.064579
v 0.483366 -0.060665 -0.064579
v -0.315068 -0.080235 0.193738
v -0.311155 -0.072407 0.260274
v -0.315068 -0.072407 0.193738
v -0.365949 -0.072407 0.119374
v 0.315068 -0.072407 0.131115
v 0.315068 -0.072407 0.260274
v 0.307241 -0.072407 0.264188
v -0.424658 -0.068493 -0.260274
v -0.483366 -0.056752 0.111546
v -0.483366 -0.056751 -0.260274
v -0.483366 -0.052838 -0.264188
v 0.420744 -0.068493 -0.001957
v 0.483366 -0.056752 0.111546
v 0.483366 -0.052838 0.119374
v 0.358121 -0.064579 0.119374
v 0.416830 -0.052838 0.119374
v 0.416830 -0.048924 0.119374
v 0.358121 -0.056752 0.119374
v 0.307241 -0.068493 0.264188
v 0.311155 -0.068493 0.260274
v -0.362035 -0.052838 -0.260274
v -0.362035 -0.052838 0.111546
v -0.299413 -0.064579 0.127202
v -0.428571 -0.068493 -0.064579
v -0.428571 -0.064579 -0.064579
v -0.487280 -0.056752 -0.064579
v -0.428571 -0.064579 0.111546
v -0.487280 -0.056752 0.111546
v -0.424658 -0.064579 0.119374
v -0.424658 -0.060665 0.119374
v -0.483366 -0.052838 0.119374
v 0.420744 -0.060665 0.119374
v 0.479452 -0.048924 0.119374
v 0.479452 -0.041096 0.119374
v -0.299413 -0.064579 0.260274
v -0.307241 -0.064579 0.131115
v -0.307241 -0.068493 0.260274
v -0.303327 -0.068493 0.264188
v 0.420744 -0.060665 -0.268102
v 0.416830 -0.052838 -0.268102
v 0.479452 -0.048924 -0.268102
v 0.483366 -0.052838 -0.264188
v 0.487280 -0.060665 -0.064579
v -0.365949 -0.064579 0.119374
v -0.311155 -0.068493 0.181996
v -0.362035 -0.056752 0.119374
v -0.424658 -0.052838 0.119374
v 0.311155 -0.068493 0.131115
v 0.358121 -0.052838 0.111546
v -0.682975 0.045010 -0.268102
v -0.682975 0.158513 -0.268102
v -0.679061 0.158513 -0.264188
v 0.682975 0.045010 -0.268102
v 0.682975 0.158513 -0.268102
v 0.690802 0.158513 -0.268102
v -0.377691 -0.048924 -0.260274
v -0.373777 -0.048924 -0.260274
v -0.373777 -0.048924 0.111546
v 0.358121 -0.056751 -0.264188
v 0.358121 -0.052838 -0.260274
v 0.416830 -0.048924 -0.264188
v 0.698630 0.045010 -0.260274
v 0.698630 0.158513 -0.260274
v 0.698630 0.158513 0.260274
v -0.698630 0.045010 -0.260274
v -0.698630 0.158513 -0.260274
v -0.694716 0.158513 -0.264188
v -0.671233 0.158513 -0.260274
v -0.671233 0.158513 0.260274
v 0.483366 -0.056751 -0.260274
v 0.534247 -0.048924 -0.260274
v 0.534247 -0.048924 0.111546
v -0.565558 -0.045010 -0.064579
v -0.561644 -0.037182 -0.064579
v -0.545988 0.045010 -0.064579
v -0.663405 0.045010 -0.064579
v -0.667319 0.045010 -0.064579
v -0.667319 0.158513 -0.064579
v -0.671233 0.158513 -0.060665
v 0.479452 -0.056752 0.111546
v 0.534247 -0.048924 -0.064579
v 0.671233 0.158513 -0.060665
v 0.667319 0.158513 -0.064579
v 0.483366 -0.056752 -0.001957
v 0.534247 -0.048924 -0.001957
v 0.534247 -0.045010 0.119374
v -0.362035 -0.052838 0.115460
v -0.420744 -0.048924 0.119374
v -0.671233 0.045010 0.244618
v -0.671233 0.158513 0.244618
v 0.671233 0.045010 0.260274
v 0.671233 0.158513 0.260274
v 0.671233 0.158513 -0.260274
v -0.690802 0.158513 0.264188
v -0.694716 0.158513 0.264188
v -0.679061 0.158513 0.264188
v -0.682975 0.158513 0.264188
v 0.690802 0.045010 0.264188
v 0.690802 0.158513 0.264188
v 0.682975 0.158513 0.264188
v -0.420744 -0.048924 -0.264188
v -0.479452 -0.041096 -0.264188
v -0.428571 -0.041096 -0.264188
v -0.483366 -0.048924 -0.268102
v -0.526419 -0.041096 -0.268102
v -0.479452 -0.041096 -0.268102
v 0.393346 -0.048924 0.111546
v -0.534247 -0.048924 0.111546
v -0.534247 -0.048924 -0.064579
v -0.542074 -0.048924 -0.064579
v 0.530333 -0.041096 0.119374
v -0.377691 -0.048924 0.115460
v -0.557730 -0.045010 -0.064579
v 0.549902 -0.048924 -0.064579
v 0.545988 -0.037182 -0.064579
v 0.542074 -0.041096 -0.064579
v -0.483366 -0.048924 0.119374
v -0.479452 -0.041096 0.119374
v -0.526419 -0.041096 0.119374
v -0.534247 -0.045010 0.119374
v -0.538160 -0.045010 0.111546
v -0.534247 -0.048924 -0.260274
v -0.538160 -0.045010 0.115460
v -0.542074 -0.045010 0.111546
v -0.534247 -0.045010 -0.264188
v -0.538160 -0.045010 -0.264188
v 0.416830 -0.048924 0.115460
v 0.389432 -0.045010 0.111546
v 0.393346 -0.048924 -0.260274
v 0.479452 -0.041096 -0.268102
v 0.479452 -0.041096 -0.264188
v 0.530333 -0.041096 -0.268102
v 0.534247 -0.045010 -0.264188
v 0.538160 -0.045010 -0.264188
v 0.389432 -0.045010 -0.260274
v 0.393346 -0.041096 -0.264188
v -0.373777 -0.045010 0.111546
v -0.420744 -0.041096 0.119374
v 0.479452 -0.037182 0.119374
v 0.416830 -0.041096 0.119374
v -0.542074 -0.045010 -0.260274
v -0.542074 -0.041096 0.111546
v -0.542074 -0.041096 -0.260274
v -0.373777 -0.045010 -0.260274
v -0.358121 -0.041096 -0.260274
v -0.358121 -0.041096 0.111546
v 0.542074 -0.045010 -0.260274
v 0.542074 -0.041096 -0.260274
v 0.542074 -0.045010 0.111546
v -0.542074 -0.045010 -0.064579
v -0.538160 -0.041096 0.111546
v -0.538160 -0.041096 -0.064579
v -0.553816 -0.041096 -0.064579
v 0.530333 -0.037182 -0.064579
v 0.538160 -0.041096 0.111546
v 0.542074 -0.041096 0.111546
v 0.538160 -0.045010 0.115460
v 0.538160 -0.041096 0.115460
v 0.420744 -0.033268 0.119374
v 0.358121 -0.033268 0.119374
v 0.358121 -0.037182 0.115460
v 0.358121 -0.041096 0.111546
v -0.538160 -0.041096 -0.264188
v -0.530333 -0.037182 -0.264188
v 0.479452 -0.037182 -0.268102
v 0.479452 -0.033268 -0.264188
v 0.479452 -0.029354 -0.260274
v 0.534247 -0.037182 -0.260274
v 0.538160 -0.041096 -0.264188
v 0.358121 -0.041096 -0.260274
v 0.303327 -0.033268 -0.260274
v 0.303327 -0.029354 -0.264188
v 0.358121 -0.037182 -0.264188
v 0.303327 -0.025440 -0.268102
v 0.358121 -0.033268 -0.268102
v -0.479452 -0.025440 -0.064579
v -0.538160 -0.041096 0.115460
v -0.358121 -0.037182 0.115460
v -0.303327 -0.029354 0.115460
v -0.303327 -0.025440 0.119374
v -0.358121 -0.033268 0.119374
v -0.479452 -0.037182 -0.264188
v -0.479452 -0.033268 -0.264188
v -0.424658 -0.033268 -0.264188
v -0.358121 -0.037182 -0.264188
v -0.358121 -0.033268 -0.268102
v -0.303327 -0.029354 -0.264188
v -0.303327 -0.033268 -0.260274
v -0.424658 -0.025440 -0.264188
v -0.362035 -0.021526 -0.268102
v 0.416830 -0.041096 -0.268102
v 0.362035 -0.021526 -0.268102
v 0.420744 -0.033268 -0.264188
v -0.534247 -0.037182 0.111546
v -0.530333 -0.037182 0.115460
v -0.479452 -0.029354 0.111546
v -0.534247 -0.037182 -0.260274
v -0.479452 -0.029354 -0.260274
v -0.303327 -0.033268 0.111546
v -0.252446 -0.021526 0.111546
v -0.252446 -0.017613 0.115460
v -0.479452 -0.029354 -0.064579
v -0.479452 -0.033268 -0.064579
v -0.420744 -0.021526 -0.064579
v -0.420744 -0.017612 -0.064579
v -0.479452 -0.033268 0.111546
v -0.416830 -0.025440 0.111546
v 0.303327 -0.033268 0.111546
v 0.303327 -0.029354 0.115460
v 0.252446 -0.021526 0.111546
v 0.252446 -0.021526 -0.260274
v 0.475538 -0.033268 -0.064579
v 0.530333 -0.037182 0.111546
v 0.534247 -0.037182 0.111546
v 0.479452 -0.029354 0.111546
v 0.479452 -0.033268 0.115460
v 0.530333 -0.037182 0.115460
v -0.479452 -0.037182 0.119374
v -0.479452 -0.033268 0.115460
v -0.362035 -0.021526 0.119374
v -0.424658 -0.033268 0.119374
v 0.420744 -0.025440 -0.264188
v 0.362035 -0.017612 -0.264188
v 0.362035 -0.013699 -0.260274
v 0.420744 -0.021526 -0.260274
v 0.420744 -0.021526 0.111546
v 0.475538 -0.029354 -0.064579
v 0.475538 -0.025440 -0.064579
v 0.416830 -0.021526 -0.064579
v 0.416830 -0.025440 -0.064579
v 0.475538 -0.033268 0.111546
v 0.416830 -0.025440 0.111546
v -0.424658 -0.025440 0.115460
v -0.424658 -0.021526 0.111546
v 0.362035 -0.021526 0.119374
v 0.303327 -0.025440 0.119374
v -0.362035 -0.017613 0.115460
v -0.362035 -0.013699 0.111546
v 0.420744 -0.025440 0.115460
v -0.303327 -0.025440 -0.268102
v -0.307241 -0.013699 -0.268102
v -0.252446 -0.013699 -0.268102
v -0.252446 -0.017612 -0.264188
v 0.307241 -0.013699 -0.268102
v 0.256360 -0.001957 -0.268102
v 0.256360 0.001957 -0.264188
v 0.307241 -0.009785 -0.264188
v -0.424658 -0.021526 -0.260274
v 0.307241 -0.005871 -0.260274
v -0.252446 -0.021526 -0.260274
v -0.205479 -0.005871 -0.260274
v -0.205479 -0.005871 0.111546
v 0.252446 -0.017612 -0.264188
v 0.205480 -0.001957 -0.264188
v 0.205480 0.001957 -0.264188
v 0.252446 -0.013699 -0.268102
v -0.416830 -0.025440 -0.064579
v -0.358121 -0.017613 0.111546
v -0.358121 -0.017612 -0.064579
v -0.362035 -0.013699 -0.064579
v -0.307241 -0.013699 0.119374
v -0.307241 -0.009785 0.115460
v -0.252446 -0.013699 0.119374
v -0.256360 -0.001957 0.119374
v 0.362035 -0.017613 0.115460
v 0.209393 0.009785 -0.264188
v -0.205479 -0.001957 0.115460
v -0.205479 0.001957 0.119374
v 0.252446 -0.017613 0.115460
v 0.252446 -0.013699 0.119374
v 0.205480 -0.001957 0.115460
v 0.205480 -0.005871 0.111546
v -0.362035 -0.017612 -0.264188
v -0.362035 -0.013699 -0.260274
v -0.307241 -0.009785 -0.264188
v -0.362035 -0.009785 -0.064579
v -0.307241 0.001957 -0.064579
v -0.256360 0.013699 -0.064579
v -0.209393 0.029354 -0.064579
v -0.170254 0.048924 -0.064579
v -0.131115 0.076321 -0.064579
v -0.103718 0.107632 -0.064579
v -0.080235 0.150685 -0.064579
v -0.060665 0.197652 -0.064579
v -0.048924 0.256360 -0.064579
v -0.037182 0.318982 -0.064579
v -0.029354 0.381605 -0.064579
v -0.017613 0.444227 -0.064579
v -0.009785 0.491194 -0.064579
v -0.663405 0.158513 -0.064579
v 0.358121 -0.017612 -0.064579
v 0.358121 -0.013699 -0.064579
v 0.303327 -0.005871 -0.064579
v 0.358121 -0.017613 0.111546
v 0.416830 -0.017612 -0.064579
v 0.358121 -0.009785 -0.064579
v 0.307241 -0.013699 0.119374
v 0.307241 -0.009785 0.115460
v 0.256360 -0.001957 0.119374
v -0.307241 -0.005871 0.111546
v 0.205480 -0.005871 -0.260274
v 0.162427 0.013699 -0.260274
v 0.162427 0.013699 -0.264188
v 0.362035 -0.013699 0.111546
v 0.307241 -0.005871 0.111546
v -0.307241 -0.001957 -0.064579
v -0.162427 0.013699 0.111546
v -0.162427 0.013699 0.115460
v -0.205479 -0.001957 -0.264188
v -0.205479 0.001957 -0.264188
v -0.162427 0.013699 -0.264188
v -0.162427 0.013699 -0.260274
v -0.303327 -0.005871 0.111546
v -0.303327 -0.005871 -0.064579
v 0.303327 -0.001957 -0.064579
v 0.252446 0.005871 -0.064579
v 0.303327 -0.005871 0.111546
v -0.256360 0.001957 0.115460
v -0.256360 0.005871 0.111546
v -0.256360 -0.001957 -0.268102
v -0.256360 0.001957 -0.264188
v -0.209393 0.009785 -0.264188
v -0.307241 -0.005871 -0.260274
v -0.256360 0.005871 -0.260274
v 0.256360 0.005871 -0.260274
v 0.256360 0.005871 0.111546
v 0.303327 0.001957 -0.064579
v 0.256360 0.009785 -0.064579
v -0.209393 0.009785 0.119374
v -0.213307 0.017613 0.115460
v -0.166341 0.021526 0.119374
v -0.170254 0.029354 0.119374
v 0.205480 0.001957 0.119374
v 0.209393 0.009785 0.119374
v 0.166340 0.021526 0.119374
v 0.162427 0.013699 0.115460
v 0.213307 0.017613 -0.264188
v 0.213307 0.021527 -0.260274
v 0.256360 0.001957 0.115460
v 0.213307 0.017613 0.115460
v -0.123288 0.037182 -0.260274
v -0.123288 0.037182 0.111546
v -0.256360 0.005871 -0.064579
v -0.256360 0.009785 -0.064579
v 0.162427 0.013699 0.111546
v 0.123288 0.037182 0.111546
v 0.123288 0.037182 -0.260274
v 0.209393 0.021527 -0.064579
v 0.209393 0.021526 0.111546
v 0.170254 0.029354 -0.264188
v 0.174168 0.033268 -0.264188
v 0.166340 0.021527 -0.264188
v 0.127202 0.045010 -0.264188
v 0.135029 0.052838 -0.264188
v -0.209393 0.025440 -0.064579
v -0.127202 0.037182 0.115460
v -0.127202 0.045010 0.119374
v -0.213307 0.017613 -0.264188
v -0.213307 0.021527 -0.260274
v -0.174168 0.033268 -0.264188
v -0.170254 0.029354 -0.264188
v -0.166341 0.021527 -0.264188
v -0.127202 0.045010 -0.264188
v -0.127202 0.037182 -0.264188
v 0.256360 0.013699 -0.064579
v 0.209393 0.025440 -0.064579
v -0.213307 0.021526 0.111546
v -0.174168 0.037182 0.111546
v 0.213307 0.021526 0.111546
v 0.174168 0.037182 0.111546
v 0.174168 0.033268 0.115460
v -0.209393 0.021526 0.111546
v -0.209393 0.021527 -0.064579
v -0.174168 0.033268 0.115460
v -0.138943 0.056751 0.115460
v -0.138943 0.056751 0.111546
v 0.170254 0.029354 0.119374
v 0.135029 0.052838 0.119374
v 0.127202 0.045010 0.119374
v -0.095890 0.068493 -0.264188
v -0.091977 0.068493 -0.260274
v 0.127202 0.037182 -0.264188
v 0.095890 0.068493 -0.264188
v 0.099804 0.072407 -0.264188
v 0.209393 0.029354 -0.064579
v 0.170254 0.041096 -0.064579
v 0.170254 0.037182 -0.064579
v -0.091977 0.068493 0.111546
v -0.095890 0.068493 0.115460
v 0.127202 0.037182 0.115460
v 0.095890 0.068493 0.115460
v 0.091977 0.068493 0.111546
v 0.174168 0.037182 -0.260274
v 0.138943 0.056752 -0.260274
v 0.138943 0.056751 0.111546
v -0.174168 0.037182 -0.260274
v -0.138943 0.056752 -0.260274
v -0.138943 0.056752 -0.264188
v -0.170254 0.041096 0.111546
v -0.170254 0.041096 -0.064579
v -0.170254 0.045010 -0.064579
v 0.135029 0.064579 -0.064579
v 0.170254 0.037182 0.111546
v -0.135029 0.052838 0.119374
v -0.107632 0.080235 0.119374
v -0.111546 0.084149 0.115460
v -0.135029 0.068493 -0.064579
v -0.135029 0.052838 -0.264188
v -0.107632 0.080235 -0.264188
v -0.099804 0.072407 -0.264188
v 0.138943 0.056752 -0.264188
v 0.111546 0.084149 -0.264188
v 0.111546 0.084149 -0.260274
v 0.170254 0.045010 -0.064579
v 0.138943 0.068493 -0.064579
v 0.138943 0.056751 0.115460
v 0.111546 0.084149 0.115460
v 0.107632 0.080235 0.119374
v -0.064579 0.107632 -0.260274
v -0.064579 0.107632 0.111546
v 0.091977 0.068493 -0.260274
v 0.064579 0.107632 -0.260274
v 0.068493 0.107632 -0.264188
v 0.107632 0.095890 -0.064579
v 0.107632 0.091977 -0.064579
v 0.135029 0.064579 0.111546
v -0.099804 0.072407 0.119374
v -0.072407 0.111546 0.119374
v -0.080235 0.115460 0.119374
v -0.135029 0.064579 0.111546
v -0.135029 0.064579 -0.064579
v -0.690802 0.158513 -0.268102
v -0.690802 0.272016 -0.268102
v -0.682975 0.272016 -0.268102
v 0.694716 0.158513 -0.264188
v 0.694716 0.272016 -0.264188
v 0.698630 0.272016 -0.260274
v -0.679061 0.272016 -0.264188
v -0.671233 0.272016 -0.260274
v -0.072407 0.111546 -0.264188
v -0.068493 0.107632 -0.264188
v 0.107632 0.080235 -0.264188
v 0.080235 0.115460 -0.264188
v 0.088063 0.119374 -0.264188
v 0.679061 0.158513 -0.264188
v 0.679061 0.272016 -0.264188
v 0.682975 0.272016 -0.268102
v -0.663405 0.272016 -0.064579
v -0.667319 0.272016 -0.064579
v 0.663405 0.158513 -0.064579
v 0.663405 0.272016 -0.064579
v 0.099804 0.072407 0.119374
v 0.072407 0.111546 0.119374
v 0.068493 0.107632 0.115460
v 0.671233 0.158513 0.244618
v 0.671233 0.272016 -0.060665
v 0.667319 0.272016 -0.064579
v -0.698630 0.158513 0.260274
v -0.698630 0.272016 0.260274
v -0.698630 0.272016 -0.260274
v -0.671233 0.272016 0.260274
v -0.679061 0.272016 0.264188
v 0.694716 0.158513 0.264188
v 0.694716 0.272016 0.264188
v 0.690802 0.272016 0.264188
v -0.682975 0.272016 0.264188
v -0.690802 0.272016 0.264188
v 0.679061 0.158513 0.264188
v 0.679061 0.272016 0.264188
v 0.671233 0.272016 0.260274
v -0.111546 0.084149 -0.264188
v -0.111546 0.084149 -0.260274
v -0.088063 0.119374 -0.264188
v -0.080235 0.115460 -0.264188
v -0.111546 0.084149 0.111546
v -0.088063 0.119374 0.111546
v 0.111546 0.084149 0.111546
v 0.088063 0.119374 0.111546
v 0.088063 0.119374 0.115460
v -0.103718 0.095890 0.111546
v -0.103718 0.095890 -0.064579
v -0.107632 0.095890 -0.064579
v 0.084149 0.131115 -0.064579
v 0.107632 0.091976 0.111546
v -0.045010 0.154599 -0.264188
v -0.045010 0.150685 -0.260274
v 0.072407 0.111546 -0.264188
v 0.052838 0.154599 -0.264188
v 0.060665 0.158513 -0.264188
v -0.084149 0.135029 -0.064579
v 0.111546 0.095890 -0.064579
v 0.088063 0.135029 -0.064579
v -0.068493 0.107632 0.115460
v -0.045010 0.154599 0.115460
v -0.052838 0.154599 0.119374
v 0.064579 0.107632 0.111546
v 0.045010 0.150685 0.111546
v 0.045010 0.150685 -0.260274
v -0.060665 0.158513 -0.264188
v -0.052838 0.154599 -0.264188
v -0.088063 0.119374 0.115460
v -0.064579 0.162427 0.115460
v -0.068493 0.162427 0.111546
v 0.080235 0.115460 0.119374
v 0.060665 0.158513 0.119374
v 0.052838 0.154599 0.119374
v 0.088063 0.119374 -0.260274
v 0.068493 0.162427 -0.260274
v 0.068493 0.162427 0.111546
v -0.088063 0.119374 -0.260274
v -0.068493 0.162427 -0.260274
v -0.064579 0.162427 -0.264188
v 0.064579 0.178082 -0.064579
v 0.084149 0.131115 0.111546
v -0.080235 0.135029 0.111546
v -0.080235 0.135029 -0.064579
v 0.045010 0.154599 -0.264188
v 0.029354 0.205480 -0.264188
v 0.033268 0.205480 -0.264188
v -0.045010 0.150685 0.111546
v -0.025440 0.205480 0.111546
v -0.029354 0.205480 0.115460
v 0.045010 0.154599 0.115460
v 0.029354 0.205480 0.115460
v 0.025440 0.205480 0.111546
v -0.033268 0.205480 -0.264188
v -0.029354 0.205480 -0.264188
v -0.060665 0.158513 0.119374
v -0.045010 0.209393 0.119374
v -0.048924 0.209393 0.115460
v 0.064579 0.162427 -0.264188
v 0.048924 0.209393 -0.264188
v 0.052838 0.213307 -0.260274
v -0.048924 0.209393 -0.264188
v -0.045010 0.209393 -0.264188
v 0.064579 0.162427 0.115460
v 0.048924 0.209393 0.115460
v 0.045010 0.209393 0.119374
v 0.068493 0.178082 -0.064579
v 0.048924 0.228963 -0.064579
v 0.064579 0.178082 0.111546
v -0.064579 0.181996 -0.064579
v -0.060665 0.181996 -0.064579
v -0.048924 0.232877 -0.064579
v -0.060665 0.181996 0.111546
v -0.045010 0.232877 0.111546
v -0.025440 0.205480 -0.260274
v -0.013699 0.264188 -0.260274
v -0.013699 0.264188 0.111546
v 0.025440 0.205480 -0.260274
v 0.013699 0.264188 -0.260274
v 0.017613 0.264188 -0.264188
v 0.045010 0.209393 -0.264188
v 0.033268 0.268102 -0.264188
v 0.037182 0.268102 -0.264188
v -0.033268 0.205480 0.119374
v -0.021526 0.264188 0.119374
v -0.033268 0.268102 0.119374
v 0.033268 0.205480 0.119374
v 0.021527 0.264188 0.119374
v 0.017613 0.264188 0.115460
v -0.679061 0.342466 -0.268102
v -0.675147 0.342466 -0.264188
v 0.690802 0.272016 -0.268102
v 0.686888 0.342466 -0.268102
v 0.694716 0.342466 -0.264188
v -0.694716 0.272016 -0.264188
v -0.694716 0.342466 -0.264188
v -0.686888 0.342466 -0.268102
v -0.033268 0.268102 -0.264188
v -0.021526 0.264188 -0.264188
v -0.671233 0.342466 -0.260274
v -0.671233 0.342466 0.260274
v 0.671233 0.272016 -0.260274
v 0.671233 0.342466 -0.260274
v 0.675147 0.342466 -0.264188
v 0.698630 0.272016 0.260274
v 0.698630 0.342466 0.260274
v 0.694716 0.342466 0.264188
v -0.671233 0.272016 -0.060665
v -0.671233 0.342466 -0.060665
v -0.671233 0.272016 0.244618
v 0.667319 0.342466 -0.064579
v 0.663405 0.342466 -0.064579
v 0.671233 0.272016 0.244618
v 0.671233 0.342466 0.244618
v 0.671233 0.342466 -0.060665
v -0.694716 0.272016 0.264188
v -0.694716 0.342466 0.264188
v -0.698630 0.342466 0.260274
v -0.675147 0.342466 0.264188
v -0.679061 0.342466 0.264188
v 0.682975 0.272016 0.264188
v 0.679061 0.342466 0.264188
v 0.675147 0.342466 0.264188
v -0.052838 0.213307 0.111546
v -0.041096 0.268102 0.111546
v -0.052838 0.213307 -0.260274
v -0.041096 0.268102 -0.260274
v -0.037182 0.268102 -0.264188
v 0.052838 0.213307 0.111546
v 0.041096 0.268102 0.111546
v 0.037182 0.268102 0.115460
v 0.052838 0.232877 -0.064579
v 0.037182 0.287671 -0.064579
v 0.048924 0.228963 0.111546
v -0.045010 0.232877 -0.064579
v -0.033268 0.291585 0.111546
v -0.033268 0.291585 -0.064579
v -0.037182 0.291585 -0.064579
v -0.017613 0.264188 -0.264188
v -0.005871 0.326810 -0.264188
v -0.001957 0.326810 -0.260274
v 0.021527 0.264188 -0.264188
v 0.009785 0.326810 -0.264188
v 0.021527 0.330724 -0.264188
v -0.017613 0.264188 0.115460
v -0.005871 0.326810 0.115460
v -0.009785 0.326810 0.119374
v 0.013699 0.264188 0.111546
v 0.001957 0.326810 0.111546
v 0.001957 0.326810 -0.260274
v -0.025440 0.330724 -0.264188
v -0.021526 0.330724 -0.264188
v 0.041096 0.268102 -0.260274
v 0.029354 0.330724 -0.260274
v 0.029354 0.330724 0.111546
v -0.037182 0.268102 0.115460
v -0.025440 0.330724 0.115460
v -0.029354 0.330724 0.111546
v 0.033268 0.268102 0.119374
v 0.021527 0.330724 0.119374
v 0.009785 0.326810 0.119374
v 0.041096 0.291585 -0.064579
v 0.029354 0.354207 -0.064579
v 0.025440 0.354207 -0.064579
v 0.037182 0.287671 0.111546
v -0.029354 0.358121 -0.064579
v -0.009785 0.326810 -0.264188
v -0.001957 0.393346 -0.264188
v -0.001957 0.354207 -0.264188
v 0.005871 0.326810 -0.264188
v -0.001957 0.326810 0.111546
v 0.001957 0.330724 0.111546
v -0.001957 0.354207 0.115460
v 0.005871 0.326810 0.115460
v -0.021526 0.330724 0.119374
v -0.009785 0.397260 0.119374
v -0.017613 0.397260 0.115460
v 0.025440 0.330724 -0.264188
v 0.017613 0.397260 -0.264188
v 0.017613 0.397260 -0.260274
v -0.017613 0.397260 0.111546
v -0.029354 0.330724 -0.260274
v -0.017613 0.397260 -0.260274
v -0.017613 0.397260 -0.264188
v 0.025440 0.330724 0.115460
v 0.017613 0.397260 0.115460
v 0.009785 0.397260 0.119374
v -0.679061 0.412916 -0.268102
v -0.671233 0.412916 -0.268102
v 0.679061 0.342466 -0.268102
v 0.671233 0.412916 -0.268102
v 0.679061 0.412916 -0.268102
v -0.667319 0.409002 -0.264188
v -0.663405 0.409002 -0.260274
v 0.698630 0.342466 -0.260274
v 0.690802 0.412916 -0.260274
v 0.690802 0.412916 0.260274
v -0.698630 0.342466 -0.260274
v -0.690802 0.412916 -0.260274
v -0.686888 0.412916 -0.264188
v -0.667319 0.342466 -0.064579
v -0.663405 0.342466 -0.064579
v -0.659491 0.409002 -0.064579
v -0.663405 0.409002 -0.060665
v -0.005871 0.491194 -0.060665
v -0.001957 0.491194 0.111546
v 0.001957 0.491194 -0.260274
v -0.001957 0.491194 -0.260274
v -0.005871 0.491194 -0.064579
v -0.001957 0.491194 -0.001957
v 0.001957 0.491194 -0.064579
v -0.001957 0.499022 -0.064579
v -0.154599 0.909980 -0.064579
v -0.225049 0.894325 -0.064579
v -0.291585 0.866928 -0.064579
v -0.358121 0.835616 -0.064579
v -0.420744 0.796477 -0.064579
v -0.475538 0.749511 -0.064579
v -0.526419 0.698630 -0.064579
v -0.569472 0.639922 -0.064579
v -0.604697 0.581213 -0.064579
v -0.632094 0.514677 -0.064579
v -0.651663 0.448141 -0.064579
v -0.655577 0.405088 -0.064579
v 0.663405 0.409002 -0.060665
v 0.659491 0.409002 -0.064579
v -0.671233 0.342466 0.244618
v -0.663405 0.409002 0.244618
v -0.663405 0.409002 0.260274
v -0.667319 0.409002 0.264188
v 0.671233 0.342466 0.260274
v 0.663405 0.409002 0.260274
v 0.663405 0.409002 -0.260274
v -0.686888 0.342466 0.264188
v -0.679061 0.412916 0.264188
v -0.686888 0.412916 0.264188
v 0.686888 0.342466 0.264188
v 0.679061 0.412916 0.264188
v 0.671233 0.412916 0.264188
v 0.017613 0.420744 -0.064579
v 0.025440 0.354207 0.111546
v -0.025440 0.358121 0.111546
v -0.025440 0.358121 -0.064579
v 0.033268 0.354207 -0.064579
v 0.021527 0.424658 -0.064579
v -0.001957 0.330724 -0.260274
v 0.009785 0.397260 -0.264188
v 0.001957 0.463796 -0.264188
v 0.005871 0.463796 -0.264188
v -0.001957 0.393346 0.119374
v -0.001957 0.463796 0.119374
v -0.009785 0.397260 -0.264188
v -0.001957 0.463796 -0.264188
v 0.017613 0.397260 0.111546
v 0.009785 0.463796 0.111546
v 0.005871 0.463796 0.115460
v -0.005871 0.463796 0.115460
v -0.009785 0.463796 0.111546
v -0.659491 0.479452 -0.268102
v -0.651663 0.475538 -0.264188
v 0.686888 0.412916 -0.264188
v 0.671233 0.483366 -0.264188
v 0.675147 0.483366 -0.260274
v -0.671233 0.483366 -0.264188
v -0.667319 0.479452 -0.268102
v 0.667319 0.409002 -0.264188
v 0.651663 0.475538 -0.264188
v 0.659491 0.479452 -0.268102
v -0.647750 0.475538 -0.260274
v -0.647750 0.475538 0.260274
v -0.647750 0.475538 -0.060665
v 0.655577 0.405088 -0.064579
v 0.639922 0.471624 -0.064579
v 0.663405 0.409002 0.244618
v 0.647750 0.475538 -0.060665
v 0.647750 0.475538 -0.064579
v -0.690802 0.412916 0.260274
v -0.675147 0.483366 0.260274
v -0.675147 0.483366 -0.260274
v 0.686888 0.412916 0.264188
v 0.671233 0.483366 0.264188
v 0.667319 0.479452 0.264188
v -0.671233 0.412916 0.264188
v -0.659491 0.479452 0.264188
v -0.667319 0.479452 0.264188
v 0.667319 0.409002 0.264188
v 0.651663 0.475538 0.264188
v 0.647750 0.475538 0.260274
v 0.009785 0.491194 -0.064579
v 0.005871 0.491194 -0.064579
v 0.017613 0.420744 0.111546
v -0.017613 0.424658 -0.064579
v -0.013699 0.424658 -0.064579
v -0.013699 0.424658 0.111546
v -0.005871 0.463796 -0.264188
v -0.009785 0.463796 -0.260274
v -0.005871 0.491194 -0.264188
v -0.001957 0.487280 -0.264188
v 0.009785 0.463796 -0.260274
v 0.005871 0.491194 -0.260274
v 0.005871 0.491194 0.111546
v -0.005871 0.491194 0.111546
v 0.001957 0.463796 0.119374
v -0.001957 0.487280 0.119374
v -0.005871 0.491194 0.115460
v -0.632094 0.542074 -0.264188
v -0.628180 0.538160 -0.260274
v 0.647750 0.475538 -0.260274
v 0.628180 0.538160 -0.260274
v 0.632094 0.542074 -0.264188
v 0.624266 0.538160 -0.064579
v 0.620352 0.538160 -0.064579
v -0.628180 0.538160 -0.060665
v -0.647750 0.475538 0.244618
v 0.647750 0.475538 0.244618
v 0.628180 0.538160 0.244618
v 0.628180 0.538160 -0.060665
v -0.651663 0.475538 0.264188
v -0.632094 0.542074 0.264188
v -0.636008 0.542074 0.264188
v -0.643836 0.545988 -0.268102
v -0.636008 0.542074 -0.268102
v 0.667319 0.479452 -0.268102
v 0.643836 0.545988 -0.268102
v 0.651663 0.549902 -0.264188
v -0.651663 0.549902 -0.260274
v -0.651663 0.549902 -0.264188
v 0.675147 0.483366 0.260274
v 0.651663 0.549902 0.260274
v 0.651663 0.549902 0.264188
v -0.671233 0.483366 0.264188
v -0.651663 0.549902 0.264188
v -0.651663 0.549902 0.260274
v 0.659491 0.479452 0.264188
v 0.636008 0.542074 0.264188
v 0.632094 0.542074 0.264188
v -0.001957 0.491194 -0.064579
v 0.009785 0.499022 -0.064579
v -0.600783 0.600783 -0.060665
v -0.628180 0.538160 0.244618
v -0.001957 0.491194 -0.264188
v 0.001957 0.491194 -0.264188
v -0.005871 0.491194 -0.260274
v 0.001957 0.491194 0.115460
v 0.001957 0.491194 0.111546
v -0.001957 0.491194 0.115460
v 0.636008 0.542074 -0.268102
v 0.608611 0.604697 -0.268102
v 0.616438 0.608611 -0.268102
v -0.628180 0.538160 0.260274
v -0.600783 0.600783 0.260274
v -0.604697 0.600783 0.264188
v 0.600783 0.600783 -0.060665
v 0.596869 0.600783 -0.064579
v 0.628180 0.538160 0.260274
v 0.600783 0.600783 0.260274
v 0.600783 0.600783 -0.260274
v -0.608611 0.604697 -0.268102
v -0.604697 0.600783 -0.264188
v -0.643836 0.545988 0.264188
v -0.616438 0.608611 0.264188
v -0.620352 0.612525 0.264188
v 0.643836 0.545988 0.264188
v 0.616438 0.608611 0.264188
v 0.608611 0.604697 0.264188
v -0.620352 0.612525 -0.264188
v -0.616438 0.608611 -0.268102
v 0.651663 0.549902 -0.260274
v 0.624266 0.612525 -0.260274
v 0.624266 0.612525 0.260274
v -0.624266 0.612525 0.260274
v -0.624266 0.612525 -0.260274
v -0.565558 0.655577 -0.060665
v -0.600783 0.600783 0.244618
v -0.600783 0.600783 -0.260274
v -0.565558 0.655577 -0.260274
v -0.565558 0.655577 0.260274
v 0.604697 0.600783 -0.264188
v 0.569472 0.659491 -0.264188
v 0.573385 0.663405 -0.268102
v 0.592955 0.596869 -0.064579
v 0.557730 0.655577 -0.064579
v 0.600783 0.600783 0.244618
v 0.565558 0.655577 -0.060665
v 0.561644 0.655577 -0.064579
v -0.608611 0.604697 0.264188
v -0.573385 0.663405 0.264188
v -0.581213 0.667319 0.264188
v 0.604697 0.600783 0.264188
v 0.569472 0.659491 0.264188
v 0.565558 0.655577 0.260274
v -0.581213 0.667319 -0.268102
v -0.573385 0.663405 -0.268102
v 0.620352 0.612525 -0.264188
v 0.585127 0.671233 -0.264188
v 0.589041 0.671233 -0.260274
v -0.589041 0.671233 -0.260274
v -0.585127 0.671233 -0.264188
v 0.620352 0.612525 0.264188
v 0.585127 0.671233 0.264188
v 0.581213 0.667319 0.264188
v -0.585127 0.671233 0.264188
v -0.589041 0.671233 0.260274
v -0.522505 0.710372 -0.060665
v -0.565558 0.655577 0.244618
v -0.569472 0.659491 -0.264188
v -0.526419 0.714286 -0.264188
v -0.526419 0.710372 -0.260274
v 0.565558 0.655577 -0.260274
v 0.526419 0.710372 -0.260274
v 0.526419 0.714286 -0.264188
v 0.522505 0.710372 -0.064579
v 0.518591 0.706458 -0.064579
v 0.565558 0.655577 0.244618
v 0.522505 0.710372 0.244618
v 0.522505 0.710372 -0.060665
v -0.569472 0.659491 0.264188
v -0.526419 0.714286 0.264188
v -0.530333 0.714286 0.264188
v 0.581213 0.667319 -0.268102
v 0.538160 0.722113 -0.268102
v 0.542074 0.726027 -0.264188
v 0.573385 0.663405 0.264188
v 0.530333 0.714286 0.264188
v 0.526419 0.714286 0.264188
v -0.538160 0.722113 0.264188
v -0.542074 0.726027 0.264188
v -0.542074 0.726027 -0.264188
v -0.538160 0.722113 -0.268102
v 0.589041 0.671233 0.260274
v 0.545988 0.726027 0.260274
v 0.542074 0.726027 0.264188
v -0.545988 0.726027 0.260274
v -0.545988 0.726027 -0.260274
v -0.475538 0.757339 -0.060665
v -0.522505 0.710372 0.244618
v -0.526419 0.710372 0.260274
v -0.479452 0.757339 0.260274
v -0.479452 0.761252 0.264188
v 0.475538 0.757339 -0.060665
v 0.475538 0.757339 -0.064579
v 0.526419 0.710372 0.260274
v 0.479452 0.757339 0.260274
v 0.479452 0.757339 -0.260274
v 0.530333 0.714286 -0.268102
v 0.483366 0.765166 -0.268102
v 0.491194 0.772994 -0.268102
v -0.530333 0.714286 -0.268102
v -0.483366 0.765166 -0.268102
v -0.479452 0.761252 -0.264188
v -0.483366 0.765166 0.264188
v -0.491194 0.772994 0.264188
v 0.538160 0.722113 0.264188
v 0.491194 0.772994 0.264188
v 0.483366 0.765166 0.264188
v 0.545988 0.726027 -0.260274
v 0.495108 0.776908 -0.260274
v 0.495108 0.776908 0.260274
v -0.495108 0.776908 -0.260274
v -0.495108 0.776908 -0.264188
v -0.495108 0.776908 0.264188
v -0.495108 0.776908 0.260274
v -0.424658 0.800391 -0.060665
v -0.475538 0.757339 0.244618
v 0.471624 0.753425 -0.064579
v -0.479452 0.757339 -0.260274
v -0.428571 0.800391 -0.260274
v -0.428571 0.800391 0.260274
v 0.479452 0.761252 -0.264188
v 0.428571 0.804305 -0.264188
v 0.432485 0.808219 -0.268102
v 0.475538 0.757339 0.244618
v 0.424658 0.800391 -0.060665
v 0.424658 0.800391 -0.064579
v -0.428571 0.804305 0.264188
v -0.432485 0.808219 0.264188
v 0.479452 0.761252 0.264188
v 0.428571 0.804305 0.264188
v 0.428571 0.800391 0.260274
v -0.491194 0.772994 -0.268102
v -0.436399 0.816047 -0.268102
v -0.432485 0.808219 -0.268102
v 0.495108 0.776908 -0.264188
v 0.440313 0.819961 -0.264188
v 0.440313 0.823875 -0.260274
v -0.436399 0.816047 0.264188
v -0.440313 0.819961 0.264188
v -0.440313 0.823875 0.260274
v -0.440313 0.823875 -0.260274
v 0.495108 0.776908 0.264188
v 0.440313 0.819961 0.264188
v 0.436399 0.816047 0.264188
v -0.365949 0.839530 -0.060665
v -0.424658 0.800391 0.244618
v 0.428571 0.800391 -0.260274
v 0.369863 0.839530 -0.260274
v 0.373777 0.843444 -0.264188
v 0.365949 0.839530 -0.064579
v 0.365949 0.835616 -0.064579
v 0.424658 0.800391 0.244618
v 0.369863 0.839530 0.244618
v 0.365949 0.839530 -0.060665
v -0.369863 0.839530 0.260274
v -0.373777 0.843444 0.264188
v -0.428571 0.804305 -0.264188
v -0.373777 0.843444 -0.264188
v -0.369863 0.839530 -0.260274
v 0.436399 0.816047 -0.268102
v 0.377691 0.855186 -0.268102
v 0.381605 0.859100 -0.264188
v -0.373777 0.847358 0.264188
v -0.377691 0.855186 0.264188
v 0.432485 0.808219 0.264188
v 0.373777 0.847358 0.264188
v 0.373777 0.843444 0.264188
v -0.440313 0.819961 -0.264188
v -0.381605 0.859100 -0.264188
v -0.377691 0.855186 -0.268102
v 0.440313 0.823875 0.260274
v 0.385519 0.863014 0.260274
v 0.381605 0.859100 0.264188
v -0.381605 0.859100 0.264188
v -0.385519 0.863014 0.260274
v -0.307241 0.870842 -0.060665
v -0.369863 0.839530 0.244618
v -0.311155 0.870842 -0.260274
v -0.311155 0.870842 0.260274
v 0.307241 0.870842 -0.060665
v 0.307241 0.870842 -0.064579
v 0.369863 0.839530 0.260274
v 0.311155 0.870842 0.260274
v 0.311155 0.870842 -0.260274
v 0.373777 0.847358 -0.268102
v 0.315068 0.878669 -0.268102
v 0.318982 0.886497 -0.268102
v -0.311155 0.874755 0.264188
v -0.315068 0.878669 0.264188
v -0.373777 0.847358 -0.268102
v -0.315068 0.878669 -0.268102
v -0.311155 0.874755 -0.264188
v -0.318982 0.886497 0.264188
v -0.318982 0.890411 0.264188
v 0.377691 0.855186 0.264188
v 0.318982 0.886497 0.264188
v 0.315068 0.878669 0.264188
v 0.385519 0.863014 -0.260274
v 0.322896 0.894325 -0.260274
v 0.322896 0.894325 0.260274
v -0.385519 0.863014 -0.260274
v -0.322896 0.894325 -0.260274
v -0.318982 0.890411 -0.264188
v -0.244618 0.894325 -0.060665
v -0.307241 0.870842 0.244618
v 0.303327 0.866928 -0.064579
v 0.240705 0.890411 -0.064579
v 0.311155 0.874755 -0.264188
v 0.248532 0.898239 -0.264188
v 0.248532 0.902153 -0.268102
v 0.307241 0.870842 0.244618
v 0.244618 0.894325 -0.060665
v 0.244618 0.894325 -0.064579
v -0.248532 0.894325 0.260274
v -0.248532 0.898239 0.264188
v -0.248532 0.898239 -0.264188
v -0.248532 0.894325 -0.260274
v 0.311155 0.874755 0.264188
v 0.248532 0.898239 0.264188
v 0.248532 0.894325 0.260274
v -0.248532 0.902153 0.264188
v -0.252446 0.913894 0.264188
v -0.318982 0.886497 -0.268102
v -0.252446 0.913894 -0.268102
v -0.248532 0.902153 -0.268102
v 0.318982 0.890411 -0.264188
v 0.252446 0.917808 -0.264188
v 0.256360 0.921722 -0.260274
v -0.322896 0.894325 0.260274
v -0.256360 0.921722 0.260274
v -0.256360 0.921722 -0.260274
v 0.318982 0.890411 0.264188
v 0.252446 0.917808 0.264188
v 0.252446 0.913894 0.264188
v -0.178082 0.913894 -0.060665
v -0.244618 0.894325 0.244618
v -0.181996 0.913894 -0.260274
v -0.181996 0.913894 0.260274
v 0.248532 0.894325 -0.260274
v 0.181996 0.913894 -0.260274
v 0.181996 0.917808 -0.264188
v 0.178082 0.913894 -0.064579
v 0.178082 0.909980 -0.064579
v 0.244618 0.894325 0.244618
v 0.178082 0.913894 0.244618
v 0.178082 0.913894 -0.060665
v -0.181996 0.917808 0.264188
v -0.185910 0.921722 0.264188
v -0.185910 0.921722 -0.268102
v -0.181996 0.917808 -0.264188
v 0.252446 0.913894 -0.268102
v 0.185910 0.929550 -0.268102
v 0.185910 0.937378 -0.264188
v 0.248532 0.902153 0.264188
v 0.185910 0.921722 0.264188
v 0.181996 0.917808 0.264188
v -0.252446 0.917808 0.264188
v -0.185910 0.937378 0.264188
v -0.185910 0.937378 0.260274
v -0.252446 0.917808 -0.264188
v -0.185910 0.937378 -0.264188
v -0.185910 0.929550 -0.268102
v 0.256360 0.921722 0.260274
v 0.185910 0.937378 0.260274
v 0.185910 0.937378 0.264188
v -0.107632 0.921722 -0.060665
v -0.178082 0.913894 0.244618
v 0.107632 0.921722 -0.060665
v 0.107632 0.921722 -0.064579
v -0.115460 0.921722 0.260274
v -0.115460 0.925636 0.264188
v 0.181996 0.913894 0.260274
v 0.115460 0.921722 0.260274
v 0.115460 0.921722 -0.260274
v -0.115460 0.925636 -0.264188
v -0.115460 0.921722 -0.260274
v 0.185910 0.921722 -0.268102
v 0.115460 0.933464 -0.268102
v 0.115460 0.941292 -0.268102
v -0.185910 0.929550 0.264188
v -0.115460 0.941292 0.264188
v -0.119374 0.945205 0.264188
v 0.005871 0.925636 -0.060665
v -0.107632 0.921722 0.244618
v 0.107632 0.917808 -0.064579
v -0.115460 0.941292 -0.268102
v -0.115460 0.933464 -0.268102
v -0.048924 0.925636 -0.260274
v -0.048924 0.925636 0.260274
v 0.115460 0.925636 -0.264188
v 0.048924 0.929550 -0.264188
v 0.048924 0.933464 -0.268102
v 0.107632 0.921722 0.244618
v 0.185910 0.929550 0.264188
v 0.115460 0.941292 0.264188
v 0.115460 0.933464 0.264188
v 0.185910 0.937378 -0.260274
v 0.119374 0.949119 -0.260274
v 0.119374 0.949119 0.260274
v -0.115460 0.933464 0.264188
v -0.048924 0.933464 0.264188
v -0.048924 0.941292 0.264188
v 0.115460 0.925636 0.264188
v 0.048924 0.929550 0.264188
v 0.048924 0.925636 0.260274
v -0.048924 0.933464 -0.268102
v -0.048924 0.929550 -0.264188
v -0.185910 0.937378 -0.260274
v -0.119374 0.949119 -0.260274
v -0.119374 0.945205 -0.264188
v 0.048924 0.925636 -0.260274
v 0.005871 0.925636 0.244618
v -0.048924 0.929550 0.264188
v 0.048924 0.933464 0.264188
v 0.119374 0.945205 -0.264188
v 0.048924 0.949119 -0.264188
v 0.048924 0.953033 -0.260274
v -0.048924 0.941292 -0.268102
v 0.048924 0.941292 0.264188
v 0.048924 0.941292 -0.268102
v -0.048924 0.949119 -0.264188
v 0.119374 0.945205 0.264188
v 0.048924 0.949119 0.264188
v -0.119374 0.949119 0.260274
v -0.048924 0.953033 0.260274
v -0.048924 0.953033 -0.260274
v -0.048924 0.949119 0.264188
v 0.048924 0.953033 0.260274
v -0.003914 0.491194 -0.068493
vn -0.3002 -0.9054 -0.3002
vn 0.0144 -0.9243 -0.3813
vn 0.0144 -0.9243 0.3813
vn -0.3002 -0.9054 0.3002
vn -0.7071 -0.7071 -0.0000
vn -0.5773 -0.5774 -0.5774
vn -0.0000 -0.7071 -0.7071
vn 0.0110 -0.7071 -0.7071
vn -0.3002 -0.3002 -0.9054
vn 0.0061 -0.3859 -0.9225
vn 0.0580 -0.7060 -0.7059
vn 0.0751 -0.9229 -0.3777
vn 0.0751 -0.9229 0.3777
vn 0.1409 -0.9178 0.3712
vn 0.0508 -0.3813 0.9230
vn 0.0330 -0.3926 0.9191
vn -0.0144 -0.9243 -0.3813
vn 0.3002 -0.9054 -0.3002
vn 0.3002 -0.9054 0.3002
vn -0.0144 -0.9243 0.3813
vn -0.0751 -0.9229 -0.3777
vn -0.0424 -0.5912 -0.8054
vn -0.0162 -0.7045 -0.7095
vn -0.0123 -0.3890 -0.9211
vn 0.3002 -0.3002 -0.9054
vn 0.5773 -0.5774 -0.5774
vn 0.7071 -0.7071 -0.0000
vn 0.9054 -0.3002 -0.3002
vn 0.0061 -0.3859 0.9225
vn -0.0000 -0.0000 1.0000
vn -0.0000 -0.3827 0.9239
vn -0.4951 -0.4951 0.7139
vn -0.3827 -0.0000 0.9239
vn -0.9054 -0.3002 0.3002
vn 0.4951 -0.4951 0.7139
vn -0.0061 -0.3859 0.9225
vn -0.0751 -0.9229 0.3777
vn -0.0330 -0.3926 0.9191
vn -0.1512 -0.9138 0.3769
vn -0.1409 -0.9178 -0.3712
vn 0.9054 -0.3002 0.3002
vn 0.3827 -0.0000 0.9239
vn -0.9054 -0.3002 -0.3002
vn -0.9239 -0.0000 -0.3827
vn -0.7071 -0.0000 -0.7071
vn -0.3827 -0.0000 -0.9239
vn 0.1986 0.1147 -0.9734
vn -0.0116 -0.2322 -0.9726
vn -0.0647 -0.3873 -0.9197
vn 0.0627 0.3749 -0.9249
vn 0.0386 0.3508 -0.9357
vn -0.0422 0.1887 -0.9811
vn -0.1885 0.1172 -0.9751
vn 0.3827 -0.0000 -0.9239
vn 0.7071 -0.0000 -0.7071
vn 0.9239 -0.0000 -0.3827
vn 0.9239 -0.0000 0.3827
vn 0.1512 -0.9138 -0.3769
vn 0.1065 -0.7083 -0.6979
vn 0.1809 -0.9835 -0.0103
vn 0.2109 -0.9774 0.0100
vn -0.1031 -0.6982 -0.7084
vn -0.1782 -0.8355 -0.5198
vn -0.0423 -0.2345 -0.9712
vn 0.0330 -0.3926 -0.9191
vn 0.0311 0.1982 -0.9797
vn -0.0370 0.3476 -0.9369
vn 0.0516 -0.3813 -0.9230
vn 0.5847 -0.0000 -0.8112
vn 0.5408 0.1668 -0.8245
vn 0.4058 0.5224 -0.7499
vn 0.1183 0.7014 -0.7029
vn 0.0570 0.6887 -0.7228
vn -0.9239 -0.0000 0.3827
vn -0.0613 0.3739 0.9254
vn -0.0300 0.3717 0.9279
vn -0.0647 -0.3873 0.9197
vn -0.1182 -0.7044 0.6999
vn -0.1809 -0.9835 0.0103
vn -0.2109 -0.9774 -0.0100
vn -0.2450 -0.8966 -0.3688
vn -0.1975 -0.6500 -0.7339
vn 0.1612 -0.6957 0.7001
vn 0.1129 -0.3910 0.9134
vn -0.0169 0.3729 0.9277
vn 0.0300 0.3717 0.9279
vn 0.0527 0.5982 -0.7996
vn 0.6066 0.6904 -0.3942
vn -0.0149 0.9232 -0.3841
vn -0.0513 0.6951 -0.7171
vn -0.1189 0.5835 -0.8033
vn 0.0767 0.9192 -0.3862
vn -0.0376 0.9365 -0.3485
vn -0.3676 0.6338 -0.6806
vn 0.1562 -0.8418 -0.5167
vn 0.0548 -0.2332 -0.9709
vn 0.2003 -0.6432 -0.7390
vn 0.2581 -0.8966 -0.3599
vn 0.0465 0.3435 0.9380
vn -0.0767 0.9192 0.3862
vn 0.0376 0.9365 0.3485
vn 0.1991 0.2388 0.9504
vn -0.2252 0.2368 0.9451
vn -0.1728 0.0587 0.9832
vn -0.8751 0.0510 0.4813
vn -0.6066 0.6904 0.3942
vn -0.0510 0.3813 -0.9230
vn -0.1044 0.6980 -0.7084
vn -0.0507 0.2246 -0.9731
vn 0.0385 0.2237 -0.9739
vn 0.0989 0.3061 -0.9469
vn 0.1843 0.6434 -0.7430
vn 0.1145 0.5836 -0.8039
vn -0.1218 -0.3835 0.9155
vn -0.0970 -0.3255 -0.9406
vn -0.1220 -0.3071 -0.9438
vn 0.1513 0.3638 -0.9191
vn 0.2450 -0.8966 0.3688
vn 0.3671 -0.8605 0.3532
vn 0.1583 -0.3789 0.9118
vn -0.2581 -0.8966 0.3599
vn -0.3748 -0.8555 0.3574
vn -0.3671 -0.8605 -0.3532
vn 0.0149 0.9232 0.3841
vn -0.5491 0.8042 -0.2275
vn 0.0767 0.9192 0.3862
vn -0.5408 0.1668 -0.8245
vn -0.8751 0.0510 -0.4813
vn -0.5847 -0.0000 -0.8112
vn 0.8751 0.0510 -0.4813
vn 0.8506 -0.0000 -0.5257
vn 0.8506 -0.0000 0.5257
vn 0.8751 0.0510 0.4813
vn 0.5491 0.8042 0.2275
vn -0.0767 0.9192 -0.3862
vn -0.1527 0.9114 -0.3822
vn 0.1527 0.9114 -0.3822
vn 0.1880 0.9064 -0.3784
vn 0.1880 0.9064 0.3784
vn 0.1527 0.9114 0.3822
vn 0.0614 0.3739 0.9254
vn 0.2971 0.7173 0.6303
vn -0.0768 0.7253 0.6841
vn 0.5732 0.4159 0.7060
vn 0.7071 0.7071 -0.0000
vn 0.3827 0.9239 -0.0000
vn -0.1054 0.9944 -0.0000
vn -0.2423 0.9702 -0.0000
vn -0.1731 0.6932 0.6996
vn -0.2971 0.7173 0.6303
vn 0.0768 0.7253 0.6841
vn 0.1054 0.9944 -0.0000
vn -0.3827 0.9239 -0.0000
vn -0.7071 0.7071 -0.0000
vn -0.5732 0.4159 0.7060
vn 0.1731 0.6932 0.6996
vn 0.2183 0.6801 0.6999
vn 0.3057 0.9521 -0.0000
vn 0.2423 0.9702 -0.0000
vn 0.9054 0.3002 0.3003
vn 0.1728 0.0587 0.9832
vn 0.2298 -0.0000 0.9732
vn -0.1527 0.9114 0.3822
vn -0.1880 0.9064 0.3784
vn -0.1880 0.9064 -0.3784
vn 0.0781 0.3781 0.9225
vn -0.2298 -0.0000 0.9732
vn -0.8506 -0.0000 0.5257
vn 0.0893 -0.3369 -0.9373
vn -0.0960 0.3002 -0.9490
vn 0.1220 -0.3071 -0.9438
vn 0.2762 -0.6249 -0.7302
vn 0.2564 0.8893 -0.3786
vn -0.8506 -0.0000 -0.5257
vn -0.0005 -0.0000 1.0000
vn 0.3826 -0.0000 0.9239
vn 0.9239 0.3827 -0.0000
vn -0.3057 0.9521 -0.0000
vn -0.2183 0.6801 0.6999
vn 0.0003 -0.0000 -1.0000
vn -0.0000 -0.0000 -1.0000
vn 0.0002 0.0003 1.0000
vn 0.0001 0.0003 1.0000
vn 0.0003 -0.0000 1.0000
vn -0.9054 0.3002 0.3003
vn -0.9239 0.3827 -0.0000
vn -0.3826 -0.0000 0.9239
vn -0.0781 0.3781 0.9225
vn -0.1003 0.3635 0.9262
vn -0.2564 0.8893 0.3786
vn -0.1482 0.3585 0.9217
vn -0.1268 0.5822 -0.8031
vn -0.1795 0.6529 -0.7358
vn 0.3748 -0.8555 -0.3574
vn 0.4611 -0.8873 -0.0098
vn 0.4937 -0.8695 0.0150
vn -0.2604 -0.6227 -0.7379
vn -0.4488 -0.7733 -0.4479
vn -0.1504 -0.2871 -0.9460
vn 1.0000 -0.0000 -0.0000
vn -1.0000 -0.0000 -0.0000
vn -0.6961 -0.0000 0.7179
vn 0.2564 0.8893 0.3786
vn 0.1003 0.3635 0.9262
vn -0.1760 -0.3824 0.9071
vn -0.3203 -0.6380 0.7003
vn -0.4611 -0.8873 0.0098
vn -0.0192 -0.0000 0.9998
vn -0.0003 -0.0000 1.0000
vn -0.2564 0.8893 -0.3786
vn -0.3618 0.8547 -0.3723
vn -0.2777 0.6793 -0.6793
vn 0.3693 0.8538 -0.3669
vn 0.3618 0.8547 0.3723
vn -0.1450 0.3621 -0.9208
vn -0.1806 0.3553 -0.9172
vn 0.1556 -0.2867 -0.9453
vn 0.2838 0.6738 -0.6823
vn 0.3301 0.5987 -0.7298
vn 0.4182 0.7889 -0.4502
vn -0.4937 -0.8695 -0.0150
vn -0.4901 -0.7555 -0.4348
vn -0.3785 -0.5722 -0.7275
vn -0.4219 0.9066 -0.0000
vn -0.3066 0.6589 0.6869
vn -0.0165 -0.0000 0.9999
vn 0.3066 0.6589 0.6869
vn 0.3779 0.6054 0.7004
vn 0.5295 0.8483 -0.0000
vn 0.4219 0.9066 -0.0000
vn 0.3686 -0.6154 0.6967
vn 0.1632 -0.2734 0.9480
vn 0.4150 -0.7870 -0.4566
vn 0.3814 -0.5646 -0.7319
vn 0.5124 -0.7380 -0.4390
vn -0.0164 -0.0000 0.9999
vn -0.0003 0.0001 1.0000
vn -0.3693 0.8538 0.3669
vn -0.4182 0.7889 0.4502
vn -0.4275 0.7829 -0.4519
vn 0.1448 0.3623 0.9208
vn 0.1500 0.2615 0.9535
vn 0.1843 0.3505 -0.9182
vn 0.1683 0.2389 -0.9564
vn 0.3892 0.5638 -0.7284
vn -0.1849 -0.2539 0.9494
vn -0.5295 0.8483 -0.0000
vn -0.3779 0.6054 0.7004
vn -0.1430 0.2687 0.9525
vn -0.2368 0.3410 0.9098
vn -0.5431 0.7669 0.3419
vn -0.3264 0.5914 -0.7373
vn -0.3827 0.5559 -0.7379
vn -0.1736 0.2385 -0.9555
vn -0.6134 0.7897 -0.0000
vn -0.4433 0.5707 0.6912
vn 0.6126 0.7887 0.0526
vn 0.6134 0.7897 -0.0000
vn -0.2694 -0.3545 -0.8954
vn -0.1559 -0.1715 -0.9728
vn 0.1978 0.2180 -0.9557
vn 0.4901 -0.7555 0.4349
vn 0.6883 -0.7252 0.0159
vn 0.5137 -0.5160 0.6855
vn 0.4275 0.7829 0.4519
vn 0.5419 0.7698 0.3372
vn 0.2256 0.3383 0.9136
vn -0.0005 -0.3878 0.9217
vn 0.0486 -0.9742 -0.2206
vn 0.2398 0.8352 -0.4949
vn 0.0484 -0.9741 -0.2208
vn 0.1421 -0.6387 0.7562
vn 0.0729 -0.4412 0.8945
vn -0.5125 -0.7380 0.4390
vn -0.6535 -0.7568 0.0156
vn -0.6883 -0.7252 -0.0159
vn 0.2328 -0.3574 -0.9045
vn 0.1677 -0.1618 -0.9725
vn 0.5559 -0.6467 -0.5222
vn -0.3110 0.3321 0.8905
vn 0.5431 0.7669 -0.3419
vn 0.6339 0.7166 -0.2910
vn 0.6321 0.7195 0.2876
vn -0.5419 0.7698 -0.3372
vn -0.6321 0.7195 -0.2876
vn -0.4801 0.5227 -0.7045
vn 0.1238 -0.0000 -0.9923
vn 0.6535 -0.7568 -0.0156
vn 0.7038 -0.5591 -0.4382
vn 0.6874 -0.5752 0.4434
vn -0.5850 -0.6158 -0.5278
vn -0.4538 -0.3703 -0.8105
vn -0.2453 -0.1893 -0.9508
vn -0.4628 -0.5619 0.6857
vn -0.2529 -0.1863 0.9494
vn -0.7038 -0.5591 0.4382
vn -0.1978 0.2180 -0.9557
vn -0.2206 0.1826 -0.9581
vn 0.2415 -0.1974 -0.9501
vn 0.4814 0.5221 -0.7041
vn 0.5378 0.4631 -0.7045
vn 0.7633 0.5874 -0.2689
vn -0.6339 0.7166 0.2910
vn -0.7633 0.5874 0.2689
vn -0.7466 0.5988 -0.2899
vn 0.3096 0.3327 0.8908
vn 0.3357 0.3030 0.8919
vn -0.5081 0.5081 0.6955
vn 0.5081 0.5081 0.6955
vn 0.5707 0.4433 0.6912
vn 0.7897 0.6134 -0.0000
vn 0.4587 -0.3567 -0.8139
vn 0.6412 -0.3595 -0.6779
vn 0.8220 -0.5088 -0.2559
vn -0.6874 -0.5752 -0.4434
vn -0.8362 -0.4941 -0.2380
vn -0.6560 -0.3533 -0.6670
vn 0.2400 -0.2054 0.9488
vn 0.4960 -0.2567 0.8295
vn 0.2199 0.1884 -0.9571
vn 0.3472 0.1876 -0.9189
vn 0.5813 0.3571 -0.7311
vn -0.4783 -0.2704 0.8355
vn -0.3387 0.2949 0.8935
vn -0.2496 0.1635 0.9544
vn -0.7576 0.4708 0.4520
vn -0.5412 0.4672 -0.6992
vn -0.5858 0.3588 -0.7268
vn -0.3452 0.2089 -0.9150
vn 0.7466 0.5988 0.2899
vn 0.7744 0.4502 0.4445
vn 0.2611 0.1466 0.9541
vn -0.7897 0.6134 -0.0000
vn -0.5707 0.4433 0.6912
vn 0.6149 0.3694 0.6967
vn 0.8572 0.5150 -0.0000
vn 0.8362 -0.4941 0.2380
vn 0.8588 -0.3708 0.3535
vn 0.3760 -0.1721 0.9105
vn -0.8220 -0.5088 0.2559
vn -0.8623 -0.3586 0.3575
vn -0.8588 -0.3708 -0.3535
vn -0.2344 -0.1546 -0.9598
vn -0.3069 -0.1224 -0.9438
vn 0.2164 0.0919 -0.9720
vn 0.2359 -0.1491 -0.9603
vn 0.2990 -0.1310 -0.9452
vn 0.6171 -0.2687 -0.7396
vn -0.6451 0.2634 0.7173
vn 0.7576 0.4708 -0.4520
vn 0.9160 0.4010 -0.0152
vn 0.9066 0.4219 -0.0000
vn -0.7744 0.4502 -0.4445
vn -0.9066 0.4219 -0.0000
vn -0.7729 0.3467 -0.5315
vn -0.8572 0.5150 -0.0000
vn -0.6288 0.3549 0.6919
vn -0.0003 -0.0001 1.0000
vn -0.0262 -0.0035 0.9997
vn 0.1295 -0.0000 0.9916
vn 0.6609 0.2939 0.6905
vn 0.8623 -0.3586 -0.3575
vn 0.9367 -0.3080 -0.1667
vn 0.9445 -0.2916 0.1515
vn -0.6196 -0.2733 -0.7358
vn -0.7727 -0.2040 -0.6011
vn -0.2360 -0.0809 -0.9684
vn -0.3788 -0.1587 0.9118
vn -0.5975 -0.1714 0.7833
vn -0.9367 -0.3080 0.1667
vn -0.2206 0.0884 -0.9713
vn -0.2185 0.0580 -0.9741
vn 0.2381 -0.0697 -0.9687
vn 0.7907 0.3375 -0.5107
vn 0.8127 0.2369 -0.5323
vn 0.9637 0.2669 -0.0000
vn -0.9160 0.4010 0.0152
vn -0.9637 0.2669 -0.0000
vn -0.9595 0.2815 -0.0101
vn 0.6218 0.2877 0.7284
vn 0.6661 0.2074 0.7165
vn -0.6598 0.2696 0.7014
vn -0.9152 0.4029 0.0067
vn -0.9637 0.2668 0.0122
vn 0.6965 0.1929 0.6911
vn 0.9137 0.4064 -0.0000
vn 0.7536 -0.2116 -0.6223
vn 0.6948 -0.1442 -0.7046
vn 0.9091 -0.1896 -0.3710
vn -0.9445 -0.2916 -0.1515
vn -0.9059 -0.1969 -0.3749
vn -0.7034 -0.1455 -0.6957
vn 0.6213 -0.1492 0.7692
vn 0.3852 -0.0849 0.9189
vn 0.2226 0.0669 -0.9726
vn 0.3787 0.0732 -0.9226
vn 0.6945 0.1454 -0.7047
vn -0.3811 -0.0740 0.9216
vn -0.8164 0.2492 -0.5209
vn -0.7040 0.1500 -0.6941
vn -0.3714 0.0821 -0.9248
vn 0.9595 0.2815 0.0101
vn 0.9085 0.1762 0.3789
vn 0.3785 0.0738 0.9227
vn -0.6647 0.1851 0.7238
vn -0.3712 0.0827 0.9249
vn -0.9093 0.1896 0.3705
vn -0.6823 0.2096 0.7004
vn -0.9870 0.1604 0.0054
vn -0.7097 0.1356 0.6913
vn 0.6998 0.1289 0.7027
vn -0.0000 0.0003 1.0000
vn -0.6963 -0.0000 0.7178
vn 0.9059 -0.1969 0.3749
vn 0.9200 -0.1116 0.3757
vn 0.3945 -0.0498 0.9176
vn -0.9091 -0.1896 0.3710
vn -0.9200 -0.1116 0.3757
vn -0.9200 -0.1116 -0.3758
vn 0.3864 -0.0892 -0.9180
vn 0.3944 -0.0498 -0.9176
vn 0.7045 -0.0866 -0.7044
vn -0.3810 -0.0748 -0.9216
vn -0.3945 -0.0498 -0.9175
vn 0.3687 0.0447 -0.9285
vn -0.3687 0.0447 0.9285
vn 0.9093 0.1896 -0.3705
vn 0.9152 0.1154 -0.3861
vn 0.9152 0.1154 0.3861
vn -0.9085 0.1762 -0.3789
vn -0.9152 0.1154 -0.3861
vn -0.7044 0.0879 -0.7044
vn 0.7250 0.0664 0.6855
vn 0.9937 0.1121 -0.0071
vn 0.9877 0.1566 -0.0000
vn -0.7140 0.0391 0.6991
vn -0.7115 -0.0265 0.7022
vn 0.9200 -0.1116 -0.3757
vn 0.9246 -0.0270 -0.3801
vn 0.9268 -0.0379 0.3737
vn -0.7045 -0.0866 -0.7044
vn -0.7021 -0.0314 -0.7114
vn -0.3887 -0.0116 -0.9213
vn -0.3944 -0.0498 0.9176
vn -0.3887 -0.0122 0.9213
vn -0.9246 -0.0270 0.3801
vn -0.3687 0.0447 -0.9285
vn -0.3761 0.0116 -0.9265
vn 0.3825 -0.0219 -0.9237
vn 0.7044 0.0879 -0.7044
vn 0.7069 0.0221 -0.7069
vn 0.9223 0.0290 -0.3853
vn -0.9152 0.1154 0.3861
vn -0.9223 0.0290 0.3853
vn -0.9223 0.0290 -0.3853
vn 0.3687 0.0447 0.9285
vn 0.3761 0.0116 0.9265
vn -0.9946 0.1037 -0.0000
vn -0.7066 0.0698 0.7042
vn 0.7071 -0.0000 0.7071
vn 0.7114 -0.0320 -0.7020
vn 0.8559 0.0190 -0.5168
vn 0.9998 0.0192 -0.0094
vn 0.3761 0.0116 -0.9265
vn 0.3751 -0.0132 -0.9269
vn 0.7069 -0.0252 -0.7069
vn -0.9268 -0.0379 -0.3737
vn -0.9987 0.0491 -0.0105
vn -0.8555 0.0414 -0.5161
vn 0.3824 -0.0225 0.9237
vn 0.7199 0.0470 0.6925
vn -0.7206 0.0038 0.6933
vn -0.7069 0.0221 -0.7069
vn -0.7069 -0.0252 -0.7069
vn -0.3751 -0.0132 -0.9269
vn 0.9223 0.0290 0.3853
vn 0.9221 -0.0331 0.3856
vn 0.3751 -0.0132 0.9269
vn -0.3761 0.0116 0.9265
vn -0.3751 -0.0132 0.9269
vn -0.9221 -0.0331 0.3856
vn -0.9971 0.0765 -0.0000
vn -0.9992 -0.0390 0.0071
vn 0.7140 -0.0238 0.6997
vn 0.9994 -0.0333 -0.0000
vn 0.9989 0.0458 -0.0058
vn -0.9830 -0.1838 0.0055
vn -0.7173 -0.1127 0.6876
vn 0.2389 0.0158 -0.9709
vn 0.3701 0.0486 -0.9277
vn 0.6704 0.1400 -0.7287
vn -0.2387 0.0021 -0.9711
vn -0.3557 0.0677 -0.9322
vn 0.3540 -0.0657 -0.9329
vn 0.9221 -0.0331 -0.3856
vn 0.9082 -0.1579 -0.3876
vn 0.9092 -0.1702 0.3801
vn -0.9221 -0.0331 -0.3856
vn -0.9092 -0.1702 -0.3801
vn -0.6954 -0.1240 -0.7079
vn 0.9987 0.0490 0.0105
vn 0.9175 0.1575 0.3651
vn 0.3987 0.0661 0.9147
vn -0.9998 0.0192 0.0094
vn -0.9152 0.1780 0.3615
vn -0.9175 0.1575 -0.3651
vn -0.3600 -0.0596 0.9311
vn 0.6961 -0.0000 0.7179
vn 0.6963 -0.0000 0.7178
vn 0.0002 -0.0000 -1.0000
vn 0.7173 -0.1127 0.6876
vn 0.6858 -0.2394 0.6873
vn 0.9441 -0.3295 -0.0000
vn 0.9879 -0.1551 -0.0000
vn -0.3627 -0.0557 -0.9302
vn -0.2176 -0.0853 -0.9723
vn 0.2380 0.1001 -0.9661
vn 0.7050 -0.1337 -0.6964
vn 0.6775 -0.2779 -0.6810
vn 0.9203 -0.3482 -0.1786
vn 0.9153 0.1780 -0.3614
vn 0.9167 0.3557 -0.1820
vn 0.9077 0.3713 0.1954
vn -0.6648 0.1326 -0.7351
vn -0.7260 0.2528 -0.6395
vn -0.2395 0.0893 -0.9668
vn -0.9082 -0.1579 0.3876
vn -0.9203 -0.3482 0.1786
vn -0.9338 -0.3222 -0.1556
vn 0.3537 -0.0667 0.9330
vn 0.5325 -0.1951 0.8236
vn -0.3957 0.0894 0.9140
vn -0.5960 0.1801 0.7825
vn -0.9167 0.3557 0.1820
vn -0.9441 -0.3295 -0.0000
vn -0.6858 -0.2394 0.6873
vn 0.7480 0.2437 -0.6174
vn 0.5741 0.3582 -0.7363
vn 0.8169 0.4666 -0.3391
vn 0.2182 -0.0690 -0.9735
vn 0.3323 -0.2076 -0.9200
vn 0.5858 -0.3803 -0.7157
vn -0.7086 -0.2746 -0.6500
vn -0.5752 -0.3723 -0.7284
vn -0.3346 -0.1806 -0.9249
vn 0.9338 -0.3222 0.1556
vn 0.7639 -0.4612 0.4515
vn 0.2342 -0.1598 0.9590
vn -0.4917 -0.2203 0.8424
vn -0.2564 -0.1421 0.9561
vn -0.7822 -0.4320 0.4490
vn -0.3698 0.2304 0.9001
vn -0.9077 0.3713 -0.1954
vn -0.8144 0.4636 -0.3491
vn -0.5781 0.3739 -0.7252
vn 0.5686 0.2019 0.7974
vn 0.3757 0.2435 0.8942
vn -0.7639 -0.4612 -0.4514
vn -0.7518 -0.6594 -0.0000
vn -0.6408 -0.5934 -0.4871
vn 0.7822 -0.4320 -0.4490
vn 0.7310 -0.6821 -0.0209
vn 0.7518 -0.6594 -0.0000
vn -0.8557 -0.5174 -0.0000
vn -0.6185 -0.3996 0.6766
vn -0.0000 0.0083 -1.0000
vn 0.6261 -0.3786 0.6817
vn 0.5290 -0.4992 0.6863
vn 0.7272 -0.6864 -0.0000
vn 0.8557 -0.5174 -0.0000
vn 0.2861 0.1668 -0.9436
vn 0.2360 0.2075 -0.9494
vn 0.4280 0.4016 -0.8097
vn -0.5052 -0.5096 0.6965
vn -0.4890 -0.4890 0.7224
vn -0.2787 0.1703 -0.9452
vn -0.2360 0.2075 -0.9493
vn 0.2078 -0.1966 -0.9582
vn -0.8169 0.4666 0.3391
vn -0.6462 0.6244 0.4388
vn -0.6650 0.6090 -0.4323
vn 0.8144 0.4636 0.3491
vn 0.6650 0.6090 0.4323
vn 0.2448 0.2046 0.9477
vn -0.7310 -0.6821 0.0209
vn -0.5753 -0.8179 -0.0000
vn -0.5907 -0.8068 -0.0129
vn 0.5058 -0.4470 0.7378
vn 0.4205 -0.5493 0.7221
vn -0.2064 -0.2052 -0.9567
vn -0.1792 -0.2320 -0.9561
vn 0.1985 0.2587 -0.9453
vn 0.6333 -0.6202 -0.4629
vn 0.5162 -0.7110 -0.4775
vn 0.5753 -0.8179 -0.0000
vn -0.7254 -0.6883 0.0046
vn -0.5581 -0.8298 0.0071
vn 0.4089 -0.6091 0.6796
vn 0.5574 -0.8302 -0.0000
vn -0.4172 -0.5965 0.6857
vn -0.2307 0.2281 0.9459
vn -0.4654 0.5568 0.6880
vn -0.6171 0.7867 0.0198
vn 0.6462 0.6244 -0.4388
vn 0.6171 0.7867 -0.0198
vn 0.5804 0.8142 0.0112
vn -0.4416 0.3796 -0.8130
vn -0.5208 0.7182 -0.4615
vn -0.1985 0.2587 -0.9453
vn -0.5367 -0.7036 -0.4656
vn -0.3209 -0.6019 -0.7312
vn -0.1469 -0.2576 -0.9550
vn 0.5907 -0.8068 0.0129
vn 0.4276 -0.8288 0.3608
vn 0.1886 -0.3588 0.9141
vn 0.3062 -0.6419 0.7030
vn 0.4306 -0.9026 -0.0000
vn -0.3936 -0.5567 0.7316
vn -0.1857 -0.3470 0.9193
vn -0.4433 -0.8282 0.3428
vn 0.1792 -0.2320 -0.9561
vn 0.1516 -0.2576 -0.9543
vn 0.3226 -0.5860 -0.7433
vn -0.1927 0.3830 0.9034
vn -0.4322 -0.9018 0.0026
vn -0.3222 -0.6393 0.6982
vn 0.5651 0.6889 -0.4539
vn 0.3092 0.6063 -0.7326
vn 0.4159 0.8420 -0.3438
vn 0.4091 0.5926 0.6939
vn 0.2205 0.3799 0.8984
vn -0.5804 0.8142 -0.0112
vn -0.4336 0.8343 -0.3404
vn -0.3289 0.6031 -0.7267
vn 0.4434 -0.8282 -0.3428
vn 0.3023 -0.8437 -0.4436
vn 0.2939 -0.8476 0.4419
vn -0.4276 -0.8288 -0.3608
vn -0.2939 -0.8476 -0.4419
vn -0.2462 -0.6333 -0.7337
vn 0.2394 -0.6858 0.6873
vn 0.3295 -0.9441 -0.0000
vn 0.1438 0.2954 -0.9445
vn 0.0768 0.2333 -0.9694
vn 0.2461 0.7235 -0.6450
vn -0.1136 -0.2812 0.9529
vn -0.1386 0.3050 -0.9422
vn -0.0884 0.2324 -0.9686
vn 0.1194 -0.3558 -0.9269
vn 0.4336 0.8343 0.3404
vn 0.3214 0.9328 0.1627
vn 0.1747 0.5873 0.7903
vn 0.1477 -0.6988 0.6999
vn -0.3023 -0.8437 0.4436
vn -0.2535 -0.8916 0.3752
vn -0.2475 -0.8969 -0.3666
vn -0.4159 0.8420 0.3438
vn -0.3407 0.9226 0.1811
vn -0.3215 0.9328 -0.1627
vn 0.1075 -0.2881 0.9515
vn 0.0930 -0.3741 0.9227
vn -0.1283 -0.3531 -0.9267
vn -0.0893 -0.3285 -0.9403
vn 0.0866 0.3366 -0.9376
vn 0.2404 -0.6281 -0.7401
vn 0.1750 -0.6646 -0.7264
vn 0.2535 -0.8916 -0.3752
vn -0.3209 -0.9471 -0.0000
vn -0.2337 -0.6897 0.6853
vn -0.1919 -0.7849 -0.5892
vn -0.1917 -0.7850 -0.5891
vn 0.1337 -0.6847 0.7165
vn -0.3998 -0.9149 0.0566
vn -0.3389 -0.9400 0.0379
vn -0.2242 -0.9745 -0.0097
vn -0.1817 -0.8175 -0.5466
vn -0.1706 -0.6450 -0.7449
vn -0.0391 -0.2055 -0.9779
vn 0.2475 -0.8969 0.3666
vn 0.2017 -0.9794 -0.0114
vn 0.2691 -0.9621 0.0438
vn 0.4156 -0.9084 0.0450
vn 0.3879 -0.6467 0.6568
vn -0.2708 -0.9626 -0.0000
vn -0.3163 -0.9487 0.0012
vn -0.1567 -0.6910 0.7056
vn -0.1976 0.5591 0.8052
vn -0.0946 0.3838 0.9186
vn -0.2344 0.9007 0.3659
vn 0.3407 0.9226 -0.1811
vn 0.2344 0.9007 -0.3659
vn 0.2422 0.8968 0.3703
vn -0.2372 0.7456 -0.6227
vn -0.1775 0.6616 -0.7286
vn -0.0825 0.3322 -0.9396
vn 0.2249 -0.9744 0.0010
vn 0.2337 -0.9723 -0.0000
vn -0.1070 -0.3824 0.9178
vn -0.3684 -0.6647 0.6500
vn 0.0839 -0.3226 -0.9428
vn 0.0523 -0.2001 -0.9784
vn 0.1694 -0.8198 -0.5470
vn 0.1421 -0.6384 0.7564
vn -0.0449 0.4032 0.9140
vn 0.1515 -0.8592 -0.4886
vn 0.1736 -0.9609 0.2157
vn 0.1713 0.6484 -0.7418
vn 0.1427 0.6986 -0.7011
vn 0.1820 0.9081 -0.3771
vn 0.3685 -0.3931 0.8424
vn 0.0803 0.3837 -0.9199
vn 0.0302 0.2288 -0.9730
vn 0.1013 0.5769 -0.8105
vn -0.1966 0.0412 0.9796
vn -0.3841 0.0374 0.9225
vn -0.4409 -0.3463 0.8281
vn -0.2422 0.8968 -0.3703
vn 0.0163 0.9426 0.3335
vn -0.0803 0.9934 0.0818
vn -0.1876 0.9069 -0.3773
vn -0.1324 0.6957 -0.7061
vn 0.1969 -0.9804 0.0050
vn 0.1969 -0.9804 -0.0000
vn 0.1924 -0.9813 0.0076
vn 0.5598 -0.8286 0.0057
vn 0.1080 0.3882 0.9152
vn 0.0449 0.4032 0.9140
vn -0.1197 -0.6773 -0.7259
vn -0.1474 -0.9145 -0.3767
vn -0.1400 -0.7001 -0.7001
vn -0.0758 -0.3797 -0.9220
vn -0.0633 -0.3410 -0.9379
vn 0.0662 0.3870 -0.9197
vn 0.1253 -0.6952 -0.7078
vn 0.0627 -0.3861 -0.9203
vn 0.1314 -0.7010 -0.7010
vn -0.2209 -0.9631 0.1535
vn -0.5599 -0.8113 0.1681
vn -0.5183 -0.5413 0.6621
vn -0.1910 -0.9552 0.2260
vn -0.9183 -0.3958 0.0084
vn -0.1783 -0.9840 0.0062
vn -0.1449 -0.6947 0.7046
vn 0.3934 -0.9002 0.1866
vn 0.1598 -0.5351 0.8295
vn 0.1141 -0.0155 0.9933
vn 0.7108 -0.5621 0.4230
vn 0.5829 -0.7661 0.2706
vn 0.1843 -0.9829 -0.0000
vn 0.1795 -0.9574 0.2264
vn 0.0974 -0.5196 0.8488
vn -0.8227 -0.4675 0.3234
vn -0.9179 -0.0100 0.3968
vn 0.8386 -0.3058 0.4509
vn -0.0688 0.3883 -0.9189
vn -0.0451 0.2291 -0.9723
vn -0.8660 -0.3957 0.3058
vn -0.8325 0.3395 0.4378
vn -0.8382 0.4942 0.2306
vn -0.4665 -0.0000 0.8845
vn 0.6615 0.2770 0.6969
vn 0.8386 0.3058 0.4509
vn -0.1816 -0.9078 -0.3781
vn -0.1701 -0.9588 0.2274
vn -0.1617 -0.9104 -0.3809
vn -0.1279 -0.6992 -0.7034
vn 0.1628 -0.9708 0.1759
vn 0.0878 -0.5167 0.8516
vn 0.1327 -0.0000 0.9912
vn -0.0525 0.6912 0.7208
vn -0.0039 0.5628 0.8266
vn 0.2876 0.5056 0.8134
vn 0.5392 0.8021 0.2567
vn 0.2175 0.8942 -0.3911
vn 0.2350 0.9719 0.0120
vn 0.1598 0.9868 0.0279
vn -0.0000 -0.0001 -1.0000
vn -0.1173 -0.7046 0.6999
vn -0.1043 -0.6956 0.7108
vn -0.1696 -0.9855 -0.0018
vn -0.1483 -0.9889 -0.0000
vn -0.1038 -0.5188 0.8486
vn -0.0905 -0.5150 0.8524
vn -0.0012 -0.0001 1.0000
vn -0.0790 0.9397 0.3328
vn 0.0707 0.9884 0.1345
vn -0.5780 0.7639 0.2871
vn -0.2914 0.4518 0.8432
vn 0.0714 -0.3800 -0.9222
vn -0.0602 0.3752 -0.9250
vn 0.0620 -0.3374 -0.9393
vn 0.1143 -0.6753 -0.7286
vn -0.3762 0.1000 0.9211
vn -0.3707 0.9211 0.1191
vn -0.1775 0.5964 0.7828
vn 0.3337 0.8359 0.4358
vn -0.1327 0.9672 0.2165
vn 0.0686 0.2587 -0.9635
vn 0.4073 0.2935 -0.8649
vn 0.6951 0.6417 0.3241
vn -0.1055 0.5872 -0.8025
vn -0.1453 0.9161 -0.3737
vn -0.1069 0.7551 -0.6469
vn 0.1403 -0.8533 -0.5022
vn 0.2484 -0.9087 -0.3355
vn 0.3963 -0.9175 0.0325
vn 0.1628 -0.9709 0.1757
vn 0.1629 -0.9866 -0.0000
vn 0.0728 -0.4413 0.8944
vn 0.4472 -0.8944 -0.0000
vn 0.3966 -0.9174 0.0325
vn 0.1682 -0.9858 -0.0000
vn 0.1662 -0.9861 -0.0000
vn 0.3963 -0.9176 0.0325
vn 0.5219 0.1109 0.8457
vn 0.1396 0.9178 0.3718
vn 0.0397 0.2941 0.9550
vn 0.0973 0.4177 -0.9034
vn 0.0960 0.6694 -0.7367
vn 0.0023 -0.0072 -1.0000
vn -0.0719 -0.3782 -0.9229
vn -0.1110 0.0786 -0.9907
vn 0.0717 0.7245 -0.6856
vn -0.4179 0.5848 0.6952
vn -0.3496 -0.9255 0.1453
vn -0.2186 -0.6720 0.7075
vn 0.1777 0.3962 0.9008
vn 0.2137 0.4939 0.8429
vn -0.2187 -0.6720 0.7075
vn 0.3750 0.0894 0.9227
vn 0.0008 -0.0001 1.0000
vn -0.0947 0.3678 0.9251
vn -0.5005 -0.0718 0.8628
vn -0.7072 -0.7070 -0.0000
vn -0.2488 -0.9084 -0.3361
vn -0.5687 -0.3988 0.7194
vn -0.9378 -0.2001 0.2837
vn -0.0360 -0.6957 -0.7174
vn -0.4279 -0.4513 -0.7831
vn -0.1463 0.5646 0.8123
vn -0.2912 -0.8320 0.4722
vn -0.4140 0.4263 -0.8043
vn -0.0456 0.7191 -0.6934
vn -0.0885 0.3454 -0.9343
vn 0.2065 0.1692 -0.9637
vn 0.0423 -0.6979 -0.7149
vn 0.4444 -0.4693 -0.7631
vn -0.3574 -0.8008 -0.4806
vn -0.1063 -0.6649 -0.7393
vn 0.5655 -0.4857 0.6665
vn 0.0074 -0.2301 0.9731
vn 0.0276 0.3833 0.9232
vn -0.0471 -0.2577 0.9651
vn -0.8227 -0.4675 -0.3234
vn -0.8227 0.4675 0.3234
vn -0.8227 0.4675 -0.3234
vn 0.4033 -0.4089 -0.8186
vn 0.1418 -0.9028 -0.4061
vn 0.1794 -0.9064 0.3825
vn 0.8227 -0.4675 -0.3234
vn 0.8227 0.4675 -0.3234
vn 0.8078 -0.5463 0.2214
vn -0.8738 -0.1418 0.4651
vn -0.4430 0.8965 -0.0000
vn -0.3549 0.7180 0.5987
vn -0.3548 0.7182 0.5986
vn 0.1334 0.6621 0.7375
vn 0.9465 0.3223 0.0143
vn 0.8227 0.4675 0.3234
vn 0.6219 -0.2373 0.7463
vn 0.8077 -0.5464 0.2214
vn 0.5495 0.4232 0.7204
vn 0.3965 -0.9174 0.0327
vn 0.0360 0.2248 0.9737
vn -0.0529 -0.3822 0.9226
vn -0.0972 -0.7038 0.7038
vn -0.1241 -0.9171 0.3789
vn -0.5106 0.4080 -0.7569
vn -0.1854 0.8480 -0.4966
vn 0.0420 0.0088 -0.9991
vn 0.0741 0.7052 -0.7052
vn 0.1165 0.9200 -0.3743
vn 0.2803 0.9272 -0.2485
vn 0.5283 0.4394 -0.7265
vn -0.1226 -0.9169 -0.3799
vn -0.1686 -0.9114 -0.3753
vn -0.1308 -0.7010 -0.7010
vn -0.0913 -0.7031 -0.7052
vn -0.0739 -0.3886 -0.9184
vn -0.0496 -0.3846 -0.9218
vn -0.5106 0.4080 0.7569
vn 0.1092 -0.6938 0.7118
vn 0.1308 -0.7010 0.7010
vn 0.0739 -0.3886 0.9184
vn 0.0515 -0.3831 0.9223
vn 0.0197 0.0132 -0.9997
vn -0.0537 0.3812 -0.9229
vn -0.0345 0.0089 -0.9994
vn 0.0699 -0.7054 -0.7054
vn 0.0252 -0.3861 -0.9221
vn 0.1308 -0.7010 -0.7010
vn 0.1686 -0.9114 -0.3753
vn -0.0701 0.3919 -0.9173
vn -0.0683 0.3652 -0.9284
vn 0.0518 -0.5636 -0.8244
vn 0.0830 0.3912 -0.9166
vn 0.0055 0.2375 -0.9714
vn -0.3260 0.9296 0.1719
vn -0.2161 0.8254 0.5216
vn -0.1201 0.9194 0.3745
vn -0.3187 0.9316 -0.1745
vn -0.1308 0.9155 -0.3804
vn 0.1686 -0.9114 0.3753
vn 0.2495 -0.8948 0.3703
vn 0.1954 -0.6935 0.6934
vn -0.0895 0.7005 0.7080
vn -0.1281 0.9918 -0.0000
vn -0.1686 -0.9114 0.3753
vn -0.1308 -0.7010 0.7010
vn -0.2495 -0.8948 0.3703
vn -0.2495 -0.8948 -0.3704
vn 0.0726 0.7102 0.7003
vn 0.2643 0.9644 -0.0000
vn 0.3187 0.9316 0.1745
vn 0.1264 0.9163 0.3801
vn 0.0740 0.7051 0.7052
vn 0.1825 0.8794 0.4397
vn -0.0411 0.3757 0.9258
vn -0.0784 0.7044 0.7054
vn -0.0642 0.3851 0.9206
vn -0.0224 0.2258 0.9739
vn 0.0365 0.3912 -0.9196
vn 0.1161 0.6921 -0.7124
vn 0.1266 0.9159 -0.3808
vn 0.1222 0.9166 -0.3806
vn 0.1222 0.9166 0.3806
vn 0.0935 0.7009 0.7071
vn 0.1018 0.9948 -0.0000
vn 0.1322 0.9912 -0.0000
vn -0.0718 0.5875 0.8060
vn -0.1226 0.9169 0.3799
vn 0.0531 0.3803 0.9234
vn -0.0739 -0.3886 0.9184
vn -0.1031 0.6986 0.7081
vn -0.1229 0.9162 0.3814
vn 0.0858 0.5863 0.8056
vn 0.0739 -0.3886 -0.9184
vn -0.0679 0.3714 -0.9260
vn 0.1291 -0.3684 -0.9207
vn 0.1954 -0.6935 -0.6934
vn 0.0679 0.3714 -0.9260
vn 0.0783 0.3604 -0.9295
vn 0.2052 0.6921 -0.6921
vn 0.1308 0.7010 -0.7010
vn -0.1226 0.9169 -0.3799
vn 0.1708 0.9082 -0.3822
vn 0.2495 -0.8948 -0.3704
vn 0.3376 -0.8686 -0.3627
vn 0.3275 -0.8748 0.3572
vn -0.2046 -0.6863 -0.6979
vn -0.1320 -0.3764 -0.9170
vn -0.0210 -0.0035 -0.9998
vn -0.1475 -0.3734 -0.9159
vn -0.0907 0.7022 0.7062
vn -0.1710 0.9853 -0.0000
vn -0.1224 0.7052 0.6984
vn -0.0679 0.3714 0.9260
vn -0.1308 0.7010 0.7010
vn 0.1111 -0.3861 0.9157
vn -0.1034 0.3645 0.9254
vn 0.0972 0.7038 0.7037
vn -0.0364 0.0177 -0.9992
vn 0.2516 -0.6755 0.6931
vn 0.1646 -0.3833 0.9088
vn -0.1954 -0.6935 0.6934
vn -0.1111 -0.3861 0.9157
vn -0.2574 -0.6896 0.6769
vn -0.3376 -0.8686 0.3627
vn -0.0943 0.7040 -0.7039
vn -0.1229 0.9162 -0.3813
vn -0.1308 0.7010 -0.7010
vn -0.0001 0.0003 1.0000
vn -0.1370 -0.0607 0.9887
vn 0.2400 0.8352 -0.4949
vn 0.1224 0.7052 0.6984
vn 0.1501 0.6928 0.7054
vn 0.1710 0.9853 -0.0000
vn 0.0679 0.3714 0.9260
vn 0.1308 0.7010 0.7010
vn 0.0901 0.3766 0.9220
vn -0.1708 0.9082 0.3822
vn -0.3275 -0.8748 -0.3572
vn -0.4748 -0.8801 -0.0076
vn -0.3506 -0.6338 -0.6895
vn 0.1266 0.9159 0.3809
vn 0.1708 0.9082 0.3822
vn 0.4748 -0.8801 0.0076
vn 0.3977 -0.7465 0.5334
vn 0.1817 -0.3915 -0.9021
vn 0.0334 0.0079 -0.9994
vn 0.3137 -0.6563 -0.6862
vn 0.4485 -0.8937 -0.0124
vn -0.2261 0.9741 -0.0000
vn -0.1607 0.6925 0.7033
vn 0.2065 0.6916 0.6921
vn 0.2244 0.9745 -0.0022
vn -0.2052 0.6921 0.6921
vn -0.2753 0.9281 0.2507
vn -0.0564 0.3808 -0.9229
vn -0.1647 0.6827 -0.7119
vn 0.0189 0.0232 -0.9996
vn -0.1708 0.9082 -0.3822
vn -0.2659 0.8870 -0.3775
vn 0.2659 0.8870 -0.3775
vn 0.2760 0.9282 0.2496
vn -0.0643 0.1912 0.9794
vn -0.1978 0.5525 0.8097
vn 0.0962 -0.1988 0.9753
vn -0.1521 0.2574 0.9543
vn -0.1337 -0.3758 0.9170
vn 0.0787 0.1855 0.9795
vn -0.1087 -0.1878 0.9762
vn -0.3819 -0.7601 0.5258
vn 0.1234 0.3905 -0.9123
vn 0.3325 0.8683 -0.3680
vn 0.1828 0.6867 0.7036
vn 0.2142 0.5434 0.8117
vn 0.6106 -0.7423 -0.2759
vn 0.6057 -0.7455 0.2782
vn -0.2753 0.9282 0.2504
vn -0.2001 0.6870 0.6986
vn -0.4485 -0.8937 0.0124
vn -0.6106 -0.7423 0.2759
vn -0.6057 -0.7455 -0.2782
vn 0.2760 0.9283 0.2493
vn 0.2522 0.6655 0.7024
vn 0.3440 0.9390 -0.0000
vn 0.1647 0.3544 -0.9205
vn 0.4305 -0.5921 0.6812
vn 0.2038 -0.2299 0.9516
vn -0.1398 0.3691 -0.9188
vn -0.3325 0.8683 -0.3680
vn -0.1722 0.3446 -0.9228
vn 0.3106 -0.4098 -0.8577
vn -0.3326 0.8684 0.3679
vn -0.4049 0.8394 0.3625
vn 0.3326 0.8684 0.3679
vn 0.4252 0.8359 0.3470
vn 0.3009 0.5998 0.7414
vn -0.2764 0.6674 0.6915
vn -0.3023 0.5939 0.7456
vn -0.5580 0.6835 0.4707
vn -0.6173 0.7866 0.0129
vn 0.1416 0.2572 0.9559
vn 0.1826 0.2206 0.9581
vn -0.2016 -0.2332 0.9513
vn 0.3496 -0.3101 -0.8841
vn 0.7323 -0.6010 -0.3203
vn -0.3053 -0.4315 -0.8489
vn -0.3496 -0.3101 -0.8841
vn 0.3662 0.6384 0.6770
vn 0.7323 -0.6010 0.3203
vn 0.5300 -0.4612 0.7116
vn -0.4266 -0.5730 0.6997
vn -0.5300 -0.4612 0.7116
vn -0.7323 -0.6010 0.3203
vn 0.4049 0.8394 -0.3625
vn 0.6173 0.7866 -0.0129
vn 0.6022 0.7983 -0.0000
vn -0.4252 0.8359 -0.3470
vn -0.6022 0.7983 -0.0000
vn -0.4067 0.5363 -0.7396
vn -0.5019 0.8649 -0.0000
vn -0.3617 0.6232 0.6934
vn 0.4769 0.5402 0.6934
vn 0.4976 0.8674 -0.0000
vn -0.1826 0.2206 0.9581
vn -0.2200 0.1835 0.9581
vn -0.6835 0.5579 0.4707
vn 0.4333 0.5286 -0.7300
vn 0.5286 0.4333 -0.7300
vn 0.7733 0.6340 -0.0000
vn 0.5377 0.6913 0.4826
vn 0.6730 0.5649 0.4775
vn 0.2188 0.1939 0.9563
vn 0.8187 -0.4583 -0.3460
vn 0.8169 -0.4666 0.3391
vn -0.7323 -0.6010 -0.3203
vn -0.8169 -0.4666 -0.3391
vn -0.3703 -0.2297 -0.9001
vn 0.5775 0.4509 0.6806
vn 0.6618 0.7497 -0.0000
vn 0.2453 -0.2040 0.9477
vn 0.2872 -0.1588 0.9446
vn -0.1678 0.1076 0.9799
vn -0.6340 0.7733 -0.0000
vn -0.4615 0.5630 0.6856
vn -0.3884 0.0109 -0.9214
vn 0.3768 -0.0103 -0.9262
vn 0.5897 -0.0107 -0.8076
vn 0.3749 -0.2258 -0.8991
vn 0.6008 0.3354 -0.7256
vn -0.5865 -0.0163 -0.8098
vn -0.3768 -0.0103 -0.9262
vn 0.6962 -0.0000 0.7179
vn -0.2453 -0.2040 0.9477
vn -0.2798 -0.1623 0.9462
vn -0.5859 -0.3542 0.7289
vn 0.8527 -0.0069 0.5223
vn 0.2259 -0.0062 0.9741
vn -0.2297 -0.0005 0.9733
vn -0.5286 0.4333 -0.7300
vn -0.7733 0.6340 -0.0000
vn -0.5964 0.3605 -0.7172
vn -0.8741 0.4858 -0.0000
vn 0.7734 0.6340 -0.0000
vn 0.8655 0.5008 0.0116
vn 0.7203 0.4267 0.5469
vn -0.7882 0.6154 -0.0000
vn -0.5775 0.4509 0.6806
vn 0.6452 0.3258 0.6911
vn 0.7882 0.6154 -0.0000
vn 0.5463 -0.2148 -0.8096
vn 0.9001 -0.3868 -0.2005
vn 0.5822 -0.3535 0.7322
vn 0.7274 -0.2701 0.6308
vn 0.2329 -0.1055 0.9668
vn -0.8187 -0.4583 0.3460
vn -0.9001 -0.3868 0.2005
vn -0.9092 -0.3721 -0.1868
vn -0.7168 0.4208 0.5560
vn -0.6191 0.2435 0.7466
vn -0.8649 0.3510 0.3589
vn 0.1731 0.0970 0.9801
vn 0.2748 0.1208 0.9539
vn -0.2354 -0.0939 0.9673
vn 0.8741 0.4858 -0.0000
vn 0.8649 0.3510 -0.3589
vn 0.8647 0.3365 0.3730
vn -0.8655 0.5008 -0.0116
vn -0.8647 0.3365 -0.3730
vn -0.3611 0.1393 -0.9221
vn 0.6749 0.2438 0.6964
vn 0.8926 0.4508 -0.0000
vn -0.8927 0.4507 -0.0000
vn -0.6452 0.3258 0.6911
vn -0.5693 -0.1972 -0.7981
vn -0.3913 -0.1117 -0.9134
vn 0.9092 -0.3721 0.1868
vn 0.8966 -0.2450 0.3688
vn 0.6983 -0.1864 0.6911
vn -0.7088 -0.2727 0.6506
vn -0.6896 -0.1846 0.7003
vn -0.8998 -0.2388 0.3653
vn 0.3879 -0.1006 -0.9162
vn -0.2892 0.1168 0.9501
vn -0.3677 0.0910 0.9255
vn -0.6513 0.1775 0.7378
vn 0.3506 0.1413 -0.9258
vn 0.3102 0.0892 -0.9465
vn 0.8742 0.2260 -0.4298
vn -0.3149 0.0845 -0.9453
vn 0.6315 0.2471 0.7349
vn 0.6566 0.1781 0.7329
vn 0.3650 0.0939 0.9263
vn 0.6962 0.1762 0.6959
vn 0.9405 0.3397 -0.0000
vn -0.6749 0.2438 0.6964
vn -0.9405 0.3397 -0.0000
vn -0.9694 0.2454 -0.0000
vn 0.8998 -0.2388 -0.3653
vn 0.9090 -0.1759 -0.3779
vn 0.9090 -0.1759 0.3779
vn -0.8966 -0.2450 -0.3688
vn -0.9090 -0.1759 -0.3779
vn -0.3811 -0.0740 -0.9216
vn 0.3786 0.0732 -0.9226
vn 0.3877 -0.1015 0.9162
vn 0.3812 -0.0740 0.9215
vn -0.3787 0.0732 0.9226
vn -0.3929 -0.1188 0.9119
vn -0.7006 -0.1357 0.7006
vn 0.3757 -0.0320 -0.9262
vn 0.7058 -0.0611 -0.7058
vn 0.3827 0.0005 -0.9239
vn 0.2334 0.0198 -0.9722
vn 0.5911 0.0387 -0.8057
vn -0.7027 0.0091 -0.7115
vn -0.5880 0.0327 -0.8082
vn -0.2373 0.0141 -0.9713
vn 0.9174 -0.0644 -0.3928
vn 0.9203 -0.0546 0.3874
vn -0.8527 -0.0069 -0.5223
vn -0.9203 -0.0546 -0.3874
vn -0.7013 -0.0503 -0.7111
vn 0.9245 0.0507 0.3777
vn 0.3938 0.0224 0.9189
vn 0.9245 -0.0536 0.3774
vn -0.3944 -0.0238 0.9186
vn -0.9983 -0.0585 -0.0000
vn -0.9245 -0.0536 0.3774
vn -0.3938 0.0224 0.9189
vn -0.9245 0.0507 0.3777
vn 0.3701 -0.0217 0.9287
vn -0.3757 -0.0321 0.9262
vn -0.8742 0.2260 0.4298
vn -0.9069 0.1798 0.3809
vn -0.8763 0.2206 -0.4283
vn -0.9071 0.1827 -0.3791
vn -0.3771 0.0751 -0.9231
vn 0.8763 0.2206 0.4283
vn 0.9071 0.1827 0.3791
vn 0.6993 0.1376 0.7015
vn 0.6965 0.1354 0.7046
vn 0.9694 0.2454 -0.0000
vn -0.6962 0.1762 0.6959
vn -0.9877 0.1566 -0.0000
vn -0.7071 0.1121 0.6982
vn 0.3811 -0.0740 -0.9216
vn 0.3952 -0.0549 -0.9170
vn 0.9224 -0.0862 -0.3765
vn 0.7006 -0.1357 0.7005
vn 0.7007 -0.1113 0.7047
vn 0.3879 -0.0601 0.9197
vn -0.9090 -0.1759 0.3779
vn -0.9224 -0.0862 0.3765
vn -0.8198 -0.3386 -0.4618
vn -0.3739 0.0561 -0.9258
vn 0.9069 0.1798 -0.3809
vn 0.9103 0.1658 -0.3794
vn 0.9140 0.1565 0.3744
vn -0.7006 0.1357 0.7006
vn -0.7067 0.1182 0.6975
vn -0.9103 0.1658 0.3794
vn 0.3786 0.0732 0.9226
vn 0.3792 0.0688 0.9228
vn -0.3698 -0.0831 0.9254
vn 0.7059 0.1037 0.7007
vn 0.9827 0.1850 -0.0000
vn 0.0009 -0.0136 -0.9999
vn -0.3691 -0.0853 -0.9255
vn 0.8186 -0.3146 0.4806
vn -0.4945 -0.3681 0.7874
vn 0.0494 -0.1124 0.9924
vn -0.7130 -0.1495 0.6850
vn -0.3738 0.0567 0.9258
vn -0.2293 0.0399 0.9725
vn -0.8444 0.1147 0.5232
vn 0.3792 0.0682 -0.9228
vn 0.7022 0.0834 -0.7071
vn 0.9913 0.1316 -0.0092
vn -0.9913 0.1316 0.0092
vn -0.9140 0.1565 -0.3744
vn -0.9872 0.1591 -0.0092
vn -0.6965 0.1221 -0.7071
vn 0.6979 0.1156 0.7068
vn 0.8408 0.1329 0.5247
vn 0.2294 0.0275 0.9729
vn -0.2338 0.0342 -0.9717
vn 0.3287 -0.0623 -0.9424
vn -0.3764 -0.0310 -0.9259
vn -0.3420 -0.0534 -0.9382
vn 0.2368 0.0402 -0.9707
vn 0.6773 -0.1098 -0.7274
vn 0.9091 -0.1617 -0.3839
vn 0.9245 0.0507 -0.3777
vn 0.9147 0.1505 -0.3752
vn 0.9147 0.1505 0.3752
vn -0.9246 0.0507 -0.3777
vn -0.9147 0.1505 -0.3752
vn -0.5878 0.0940 -0.8035
vn 0.7073 -0.0426 0.7056
vn 0.7075 -0.0426 0.7055
vn 0.3919 -0.0705 0.9173
vn 0.9135 -0.1590 0.3746
vn -0.3007 0.9050 0.3007
vn -0.2144 0.9767 0.0001
vn 0.0084 1.0000 0.0001
vn 0.2401 0.8351 -0.4950
vn -0.0085 1.0000 -0.0002
vn -0.6378 -0.4095 0.6523
vn -0.9981 -0.0000 0.0624
vn -0.2143 0.9768 0.0002
vn 0.1581 0.9052 -0.3945
vn 0.1200 -0.9832 -0.1373
vn 0.2879 -0.9490 -0.1286
vn 0.3657 -0.9223 -0.1247
vn 0.4859 -0.8681 -0.1015
vn 0.5907 -0.7885 -0.1714
vn 0.6716 -0.7043 -0.2298
vn 0.7620 -0.5843 -0.2792
vn 0.8202 -0.5086 -0.2618
vn 0.8828 -0.3794 -0.2769
vn 0.8809 -0.2666 -0.3910
vn 0.8588 -0.1762 -0.4811
vn -0.9169 -0.1501 0.3697
vn -0.3869 -0.0576 0.9203
vn 0.9983 -0.0585 -0.0000
vn 0.9849 -0.1732 -0.0000
vn 0.9091 -0.1617 0.3839
vn 0.3686 -0.0632 0.9274
vn -0.9174 -0.0644 0.3928
vn -0.9091 -0.1617 0.3839
vn -0.9091 -0.1617 -0.3839
vn -0.3915 0.0667 0.9177
vn 0.6946 0.0987 0.7126
vn 0.9894 0.1454 -0.0000
vn -0.9894 0.1454 -0.0000
vn -0.6931 0.1018 0.7136
vn 0.4469 -0.3288 -0.8319
vn 0.3774 0.0598 -0.9241
vn 0.0001 -0.0048 1.0000
vn -0.3701 0.0211 0.9287
vn 0.9872 0.1591 0.0092
vn 0.9174 0.1192 0.3797
vn 0.7058 0.1068 0.7003
vn -0.7118 0.0745 0.6984
vn -0.9187 0.1308 0.3727
vn 0.2002 -0.0492 -0.9785
vn 0.5604 -0.1420 -0.8160
vn 0.5852 0.0977 -0.8050
vn 0.6576 0.1805 -0.7315
vn 0.8942 0.2533 -0.3691
vn -0.6456 0.1805 -0.7421
vn -0.3351 0.0897 -0.9379
vn -0.6753 -0.1049 -0.7301
vn -0.5575 -0.1523 -0.8161
vn -0.1939 -0.0596 -0.9792
vn 0.8929 -0.2460 -0.3770
vn 0.8929 -0.2423 0.3794
vn 0.8589 -0.1761 -0.4810
vn 0.8806 -0.2521 0.4012
vn -0.9849 -0.1732 -0.0000
vn -0.9609 -0.2768 0.0089
vn -0.6900 -0.2088 0.6930
vn -0.9147 0.1505 0.3752
vn -0.8942 0.2533 0.3691
vn -0.8980 0.2456 -0.3650
vn 0.3915 0.0667 0.9177
vn 0.3844 0.1007 0.9176
vn -0.3686 -0.0632 0.9274
vn -0.3701 -0.0994 0.9237
vn -0.8929 -0.2460 0.3770
vn 0.6008 0.7093 -0.3687
vn 0.9901 0.1407 -0.0000
vn -0.6963 0.1229 0.7071
vn -0.6381 -0.4094 0.6521
vn -0.9848 0.1738 -0.0000
vn -0.3701 0.0217 -0.9288
vn -0.9254 0.0966 -0.3666
vn -0.5341 0.6082 -0.5872
vn 0.9187 0.1308 -0.3727
vn 0.6747 0.6786 -0.2905
vn 0.7966 0.5635 0.2188
vn -0.6781 0.7343 0.0306
vn 0.3796 0.0644 0.9229
vn -0.0425 0.2510 0.9671
vn -0.6507 0.6507 0.3914
vn 0.6249 -0.2536 -0.7384
vn 0.8431 -0.3066 -0.4418
vn -0.8929 -0.2423 -0.3794
vn -0.8401 -0.3126 -0.4432
vn -0.6276 -0.2435 -0.7395
vn -0.5677 -0.2189 0.7936
vn -0.0000 0.0003 -1.0000
vn 0.8290 -0.3246 0.4555
vn 0.9646 -0.2638 -0.0000
vn -0.9646 -0.2638 -0.0000
vn -0.9367 -0.3501 -0.0000
vn -0.8736 -0.3230 0.3639
vn 0.3720 -0.0972 0.9231
vn 0.2870 -0.1156 0.9509
vn -0.2051 0.0742 -0.9759
vn 0.3628 -0.1493 -0.9198
vn 0.3449 0.0754 -0.9356
vn 0.2001 0.0839 -0.9762
vn 0.7899 0.3015 -0.5339
vn -0.9256 0.3785 -0.0082
vn -0.7829 0.3198 -0.5336
vn 0.8980 0.2456 0.3650
vn 0.9256 0.3785 0.0082
vn 0.6635 0.2809 0.6934
vn -0.3885 0.1140 0.9144
vn -0.6770 0.2473 0.6932
vn -0.9348 0.3551 0.0085
vn -0.2916 -0.1110 0.9501
vn 0.6010 0.7091 -0.3688
vn -0.6877 -0.3438 -0.6394
vn 0.7967 0.5634 0.2189
vn -0.5560 0.6627 0.5018
vn 0.1581 0.9051 -0.3947
vn 0.8810 -0.2666 -0.3908
vn 0.7594 -0.4248 0.4929
vn 0.9367 -0.3501 -0.0000
vn -0.0000 0.7071 -0.7071
vn 0.2681 0.6490 -0.7120
vn -0.6552 0.7555 -0.0000
vn 0.3865 0.7330 0.5597
vn -0.0000 1.0000 -0.0000
vn -0.0000 0.9239 0.3827
vn -0.3605 -0.1282 -0.9239
vn -0.2666 -0.1441 -0.9530
vn 0.2914 0.1464 -0.9453
vn 0.8401 -0.3126 0.4432
vn 0.8214 -0.4398 0.3632
vn 0.3525 -0.1764 0.9190
vn -0.8289 -0.4368 0.3496
vn -0.7242 -0.4051 0.5581
vn -0.8431 -0.3066 0.4418
vn -0.8175 -0.4506 0.3586
vn -0.8214 -0.4398 -0.3632
vn 0.2666 -0.1409 -0.9534
vn 0.5986 -0.3105 -0.7384
vn -0.3683 0.2064 0.9065
vn -0.5981 0.3255 -0.7324
vn -0.2810 0.1516 -0.9476
vn 0.9348 0.3551 -0.0085
vn 0.8318 0.4365 -0.3429
vn 0.8341 0.4247 0.3521
vn -0.8318 0.4365 0.3429
vn -0.8341 0.4247 -0.3521
vn -0.6874 -0.3437 -0.6398
vn 0.8829 -0.3794 -0.2766
vn 0.7085 -0.5150 0.4826
vn 0.8815 -0.4723 -0.0000
vn 0.8175 -0.4506 -0.3586
vn 0.7404 -0.4944 -0.4554
vn 0.7335 -0.5042 0.4557
vn -0.5968 -0.3043 -0.7424
vn -0.4794 -0.3402 -0.8090
vn -0.2358 -0.1711 -0.9566
vn -0.5680 -0.2189 0.7934
vn -0.7242 -0.4053 0.5580
vn -0.8815 -0.4723 -0.0000
vn -0.7752 -0.5378 0.3314
vn -0.3560 -0.2447 0.9019
vn -0.3500 -0.1862 0.9181
vn -0.2502 -0.1661 0.9538
vn -0.7404 -0.4944 0.4554
vn -0.2630 0.1787 -0.9481
vn 0.2420 -0.1691 -0.9554
vn 0.5930 0.3246 -0.7369
vn 0.5620 0.3974 -0.7254
vn 0.7793 0.5290 -0.3359
vn -0.7793 0.5290 -0.3359
vn -0.5620 0.3974 -0.7254
vn 0.3748 0.2007 0.9051
vn 0.3607 0.2577 0.8964
vn -0.3607 0.2577 0.8964
vn -0.7793 0.5290 0.3359
vn 0.8203 -0.5086 -0.2614
vn 0.6626 -0.6029 0.4444
vn 0.8147 -0.5799 -0.0000
vn 0.4882 -0.3280 -0.8088
vn 0.5958 -0.5566 -0.5790
vn 0.7294 -0.6180 -0.2934
vn -0.7335 -0.5042 -0.4557
vn -0.7417 -0.6101 -0.2787
vn -0.6049 -0.5367 -0.5883
vn -0.5390 -0.4774 0.6939
vn -0.8147 -0.5799 -0.0000
vn -0.7480 -0.6636 -0.0000
vn 0.2418 -0.1732 0.9547
vn 0.3359 -0.3022 0.8921
vn 0.2630 0.1787 -0.9481
vn 0.2368 0.2010 -0.9505
vn 0.5270 0.4707 -0.7076
vn -0.3334 -0.3082 0.8910
vn -0.3421 0.3149 0.8853
vn -0.5284 0.4575 -0.7152
vn -0.2367 0.2010 -0.9505
vn 0.7793 0.5290 0.3359
vn 0.7188 0.6205 0.3135
vn 0.3429 0.2995 0.8904
vn -0.7147 0.6241 0.3156
vn -0.7188 0.6205 -0.3135
vn 0.7621 -0.5844 -0.2788
vn 0.5953 -0.6546 0.4660
vn 0.7480 -0.6636 -0.0000
vn 0.7417 -0.6101 0.2787
vn 0.6477 -0.6954 0.3114
vn 0.2932 -0.3271 0.8984
vn -0.6771 -0.7359 -0.0000
vn -0.4850 -0.5271 0.6979
vn -0.7294 -0.6180 0.2934
vn -0.6477 -0.6954 0.3114
vn -0.6477 -0.6954 -0.3114
vn -0.3325 -0.2771 -0.9015
vn -0.2007 -0.2172 -0.9553
vn 0.2146 0.2332 -0.9484
vn 0.3273 -0.2929 -0.8984
vn 0.2022 -0.2108 -0.9564
vn 0.4735 -0.5141 -0.7152
vn 0.7147 0.6241 -0.3156
vn 0.6865 0.7271 -0.0064
vn 0.6719 0.7406 0.0068
vn -0.6719 0.7406 -0.0068
vn -0.5961 0.6610 -0.4558
vn -0.4991 0.5186 0.6942
vn -0.6865 0.7271 0.0064
vn 0.6717 -0.7043 -0.2296
vn 0.5383 -0.7115 0.4517
vn 0.6771 -0.7359 -0.0000
vn 0.6477 -0.6954 -0.3114
vn 0.5728 -0.7496 -0.3316
vn 0.5761 -0.7464 0.3333
vn -0.4676 -0.5162 -0.7176
vn -0.4148 -0.5499 -0.7250
vn -0.1782 -0.2349 -0.9555
vn -0.6013 -0.7990 -0.0000
vn -0.4326 -0.5749 0.6945
vn 0.2571 -0.3384 0.9052
vn -0.2932 -0.3271 0.8984
vn -0.2464 -0.3377 0.9084
vn -0.5728 -0.7496 0.3316
vn -0.2146 0.2332 -0.9484
vn -0.1826 0.2538 -0.9498
vn 0.1829 -0.2344 -0.9548
vn 0.6127 0.6453 -0.4562
vn 0.4112 0.5511 -0.7261
vn 0.5746 0.7514 -0.3243
vn -0.2654 0.3500 0.8983
vn -0.5746 0.7514 0.3243
vn -0.5710 0.7500 -0.3338
vn 0.4782 0.5383 0.6939
vn 0.2779 0.3544 0.8929
vn 0.5907 -0.7885 -0.1712
vn 0.4426 -0.7391 0.5077
vn 0.6123 -0.7906 0.0032
vn -0.5761 -0.7464 -0.3333
vn -0.4508 -0.7676 -0.4556
vn -0.3616 -0.5822 -0.7282
vn -0.3684 -0.6160 0.6962
vn -0.6123 -0.7906 0.0032
vn -0.5178 -0.8555 0.0042
vn -0.5141 -0.8577 0.0018
vn 0.4508 -0.7676 0.4556
vn 0.1523 -0.2572 0.9543
vn 0.4079 -0.5448 -0.7327
vn 0.3553 -0.5795 -0.7334
vn 0.4586 -0.7623 -0.4567
vn 0.1826 0.2538 -0.9498
vn 0.1595 0.2799 -0.9467
vn 0.2961 0.5110 -0.8070
vn -0.1581 -0.2512 0.9549
vn -0.4218 0.5543 -0.7175
vn -0.3038 0.5101 -0.8047
vn -0.1619 0.2747 -0.9478
vn 0.5710 0.7500 0.3338
vn 0.4645 0.7657 0.4450
vn 0.1640 0.2796 0.9460
vn -0.1593 0.2801 0.9467
vn -0.4608 0.7699 0.4414
vn 0.4860 -0.8681 -0.1015
vn 0.3424 -0.7607 0.5514
vn 0.5178 -0.8555 0.0042
vn 0.3816 -0.8472 -0.3696
vn 0.3881 -0.8463 0.3649
vn -0.4109 -0.9117 0.0013
vn -0.2970 -0.6573 0.6926
vn -0.4586 -0.7623 0.4567
vn -0.3816 -0.8472 0.3696
vn -0.3881 -0.8463 -0.3649
vn -0.2070 -0.3460 -0.9151
vn -0.1237 -0.2815 -0.9515
vn 0.1816 0.3758 -0.9087
vn 0.1556 -0.3561 0.9214
vn 0.1963 -0.3489 -0.9164
vn 0.1286 -0.2765 -0.9524
vn 0.2659 -0.6186 -0.7394
vn -0.1326 0.2967 0.9457
vn 0.4608 0.7699 -0.4414
vn 0.3735 0.8154 -0.4422
vn 0.3735 0.8154 0.4422
vn -0.4645 0.7657 -0.4450
vn -0.3735 0.8154 -0.4422
vn -0.2745 0.6142 -0.7399
vn 0.3658 -0.9223 -0.1247
vn 0.2864 -0.8124 0.5079
vn 0.3997 -0.9166 -0.0000
vn -0.2629 -0.6196 -0.7396
vn -0.2321 -0.6865 -0.6891
vn -0.1248 -0.3687 -0.9211
vn -0.3997 -0.9166 -0.0000
vn -0.3168 -0.9485 -0.0000
vn -0.2266 -0.6783 0.6990
vn 0.2960 -0.8794 0.3730
vn 0.1206 -0.3674 0.9222
vn 0.2256 -0.6873 -0.6905
vn 0.2960 -0.8794 -0.3730
vn -0.1527 -0.3593 0.9206
vn -0.1207 -0.3674 0.9222
vn -0.2960 -0.8794 0.3730
vn -0.1739 0.3744 -0.9108
vn -0.1304 0.3903 -0.9114
vn 0.1182 -0.3697 -0.9216
vn 0.2772 0.6114 -0.7412
vn 0.2071 0.6503 -0.7309
vn 0.2776 0.8606 -0.4270
vn -0.3735 0.8154 0.4422
vn -0.2776 0.8606 0.4270
vn -0.2857 0.8595 -0.4238
vn 0.1326 0.2967 0.9457
vn 0.1080 0.3197 0.9413
vn 0.2881 -0.9489 -0.1286
vn 0.1703 -0.8344 0.5243
vn 0.3168 -0.9485 -0.0000
vn 0.1879 -0.9037 -0.3848
vn 0.1879 -0.9036 0.3849
vn -0.2960 -0.8794 -0.3730
vn -0.1879 -0.9036 -0.3849
vn -0.1343 -0.6617 -0.7377
vn -0.1430 -0.7116 0.6879
vn -0.1971 -0.9804 -0.0000
vn 0.0713 -0.3621 0.9294
vn 0.0754 -0.3124 -0.9469
vn 0.1274 -0.6715 -0.7300
vn 0.1380 0.3837 -0.9131
vn 0.0436 0.2369 -0.9705
vn 0.1799 0.8378 -0.5155
vn -0.0713 -0.3622 0.9294
vn -0.0978 0.3351 0.9371
vn -0.1635 0.7004 0.6948
vn -0.2113 0.9774 0.0107
vn -0.2055 0.6344 -0.7451
vn -0.1564 0.8425 -0.5156
vn -0.0559 0.2372 -0.9699
vn 0.2857 0.8595 0.4238
vn 0.1818 0.9833 0.0092
vn 0.1208 0.7079 0.6959
vn 0.0711 -0.8693 0.4892
vn 0.1971 -0.9804 -0.0000
vn -0.0651 -0.9979 0.0061
vn -0.0398 -0.7180 0.6949
vn 0.0815 -0.9196 0.3843
vn 0.0327 -0.3760 0.9260
vn -0.1879 -0.9037 0.3848
vn -0.0815 -0.9196 0.3843
vn -0.0815 -0.9196 -0.3843
vn 0.0572 -0.5846 -0.8093
vn 0.0815 -0.9196 -0.3843
vn -0.0785 -0.3172 -0.9451
vn -0.0130 -0.2215 -0.9751
vn 0.0334 0.3729 -0.9273
vn -0.0341 0.3884 0.9208
vn -0.0018 -0.9252 0.3796
vn 0.0725 -0.9974 -0.0000
vn -0.0145 0.3862 -0.9223
vn 0.0237 -0.2222 -0.9747
vn 0.0273 -0.9225 -0.3851
vn 0.0273 -0.9225 0.3851
vn -0.0454 -0.5854 -0.8095
vn -0.0208 -0.7070 -0.7070
vn -0.0103 -0.3765 -0.9264
vn -0.0745 -0.9972 -0.0000
vn 0.2113 0.9774 -0.0107
vn 0.0958 0.9237 -0.3709
vn 0.1053 0.9205 0.3762
vn -0.0327 -0.3760 0.9260
vn -0.0109 -0.3765 0.9264
vn -0.0273 -0.9225 0.3851
vn -0.0000 -0.3827 -0.9239
vn 0.0107 -0.7024 -0.7117
vn -0.1818 0.9833 -0.0092
vn -0.1053 0.9205 -0.3762
vn -0.0692 0.6924 -0.7182
vn -0.0273 -0.9225 -0.3851
vn -0.0020 -1.0000 -0.0000
vn 0.0109 -0.3765 0.9264
vn 0.0726 0.6803 -0.7294
vn 0.0107 0.5897 -0.8075
vn 0.0255 0.9245 -0.3802
vn -0.0061 0.2336 -0.9723
vn -0.0000 0.2298 -0.9732
vn -0.0163 0.5865 -0.8098
vn 0.0462 0.3939 0.9180
vn 0.0109 0.3884 0.9214
vn -0.0958 0.9237 0.3709
vn -0.0255 0.9245 0.3802
vn -0.0255 0.9245 -0.3802
vn -0.0109 0.3884 0.9214
vn 0.0255 0.9245 0.3802
vn -0.2141 0.9768 0.0002
vn -0.0000 -1.0000 -0.0000
vn -0.3008 0.9050 0.3009
vt 0.087468 0.733467
vt 0.081871 0.733467
vt 0.081871 0.627138
vt 0.726817 0.444826
vt 0.732413 0.551154
vt 0.726817 0.551154
vt 0.725686 0.551154
vt 0.732337 0.734520
vt 0.732337 0.628187
vt 0.733467 0.734508
vt 0.941313 0.006064
vt 0.941719 0.007427
vt 0.940756 0.007714
vt 0.940164 0.006901
vt 0.937169 0.000372
vt 0.936020 0.001210
vt 0.939013 0.007738
vt 0.934870 0.002046
vt 0.974230 0.545519
vt 0.972828 0.545275
vt 0.973748 0.510914
vt 0.974613 0.511246
vt 0.975397 0.545885
vt 0.206784 0.390326
vt 0.316149 0.390326
vt 0.310159 0.415210
vt 0.565907 0.001844
vt 0.553887 0.107491
vt 0.553887 0.000477
vt 0.937739 0.952663
vt 0.940151 0.939192
vt 0.941811 0.938874
vt 0.270577 0.968738
vt 0.280319 0.979777
vt 0.269622 0.969117
vt 0.268620 0.934602
vt 0.547688 0.109707
vt 0.573284 0.109707
vt 0.573284 0.216035
vt 0.326688 0.577500
vt 0.321075 0.577204
vt 0.326688 0.470556
vt 0.075556 0.733467
vt 0.075556 0.626992
vt 0.081145 0.627286
vt 0.316786 0.370949
vt 0.316786 0.264152
vt 0.342495 0.370949
vt 0.963461 0.156398
vt 0.964224 0.121899
vt 0.965748 0.121899
vt 0.964986 0.156398
vt 0.963461 0.163942
vt 0.964986 0.163942
vt 0.966510 0.156403
vt 0.966510 0.163943
vt 0.964986 0.165020
vt 0.963970 0.165380
vt 0.964477 0.166817
vt 0.313960 0.583468
vt 0.315096 0.583456
vt 0.315096 0.690259
vt 0.731359 0.504785
vt 0.730228 0.398463
vt 0.731359 0.398451
vt 0.319940 0.577144
vt 0.961640 0.970494
vt 0.967958 0.969506
vt 0.961922 0.971632
vt 0.267291 0.934952
vt 0.268574 0.969100
vt 0.266118 0.935136
vt 0.961418 0.969667
vt 0.967371 0.968361
vt 0.968247 0.968273
vt 0.967144 0.967478
vt 0.968099 0.967487
vt 0.969525 0.967704
vt 0.969099 0.968773
vt 0.197186 0.385003
vt 0.200003 0.385702
vt 0.197161 0.385577
vt 0.196781 0.384985
vt 0.197204 0.384597
vt 0.200028 0.385128
vt 0.971879 0.790373
vt 0.970166 0.784851
vt 0.971276 0.785161
vt 0.973740 0.756547
vt 0.971878 0.756535
vt 0.470009 0.933695
vt 0.468564 0.933533
vt 0.467628 0.918708
vt 0.014754 0.541669
vt 0.002733 0.540302
vt 0.014754 0.434655
vt 0.550725 0.563800
vt 0.550725 0.456785
vt 0.562746 0.458153
vt 0.465793 0.470118
vt 0.465793 0.576446
vt 0.440199 0.470118
vt 0.196628 0.385361
vt 0.196096 0.385146
vt 0.196799 0.384579
vt 0.942125 0.008791
vt 0.729470 0.106425
vt 0.728339 0.106437
vt 0.728339 0.000103
vt 0.733467 0.106382
vt 0.941872 0.013813
vt 0.940452 0.013741
vt 0.940705 0.008719
vt 0.939031 0.013669
vt 0.937017 0.012773
vt 0.968158 0.121885
vt 0.340979 0.958222
vt 0.338914 0.958674
vt 0.339281 0.942011
vt 0.342504 0.942438
vt 0.343169 0.957909
vt 0.970313 0.121853
vt 0.968665 0.156372
vt 0.971897 0.161782
vt 0.971899 0.163938
vt 0.971083 0.167176
vt 0.966002 0.165380
vt 0.970575 0.168613
vt 0.563800 0.631245
vt 0.559785 0.631245
vt 0.559785 0.524448
vt 0.554534 0.628192
vt 0.558531 0.734520
vt 0.554534 0.734520
vt 0.553403 0.734520
vt 0.732337 0.213928
vt 0.732337 0.107594
vt 0.733467 0.213915
vt 0.984278 0.500891
vt 0.964794 0.423279
vt 0.953319 0.413266
vt 0.966117 0.422687
vt 0.966149 0.440020
vt 0.073768 0.673398
vt 0.061539 0.673398
vt 0.061539 0.567070
vt 0.667075 0.323526
vt 0.654846 0.217198
vt 0.667075 0.217198
vt 0.439996 0.686044
vt 0.439996 0.579717
vt 0.452094 0.686044
vt 0.337802 0.942138
vt 0.337745 0.958986
vt 0.336376 0.942396
vt 0.335994 0.925586
vt 0.338500 0.925171
vt 0.961001 0.967945
vt 0.963925 0.963390
vt 0.966149 0.963314
vt 0.967228 0.963399
vt 0.968969 0.784657
vt 0.969450 0.790218
vt 0.200046 0.384722
vt 0.198106 0.382603
vt 0.200082 0.383911
vt 0.966278 0.784303
vt 0.970239 0.756478
vt 0.971982 0.511220
vt 0.970484 0.545121
vt 0.968130 0.511296
vt 0.968201 0.500752
vt 0.958587 0.413098
vt 0.967827 0.422432
vt 0.979214 0.500752
vt 0.934744 0.058771
vt 0.933363 0.057907
vt 0.935547 0.013707
vt 0.933800 0.008105
vt 0.933754 0.003721
vt 0.343908 0.942279
vt 0.344429 0.958819
vt 0.971834 0.122936
vt 0.938174 0.058944
vt 0.936754 0.058872
vt 0.023750 0.973740
vt 0.022208 0.973740
vt 0.023750 0.924673
vt 0.025292 0.924673
vt 0.025292 0.973740
vt 0.968600 0.963647
vt 0.969497 0.924509
vt 0.107345 0.410049
vt 0.143321 0.410049
vt 0.143321 0.516377
vt 0.231488 0.112760
vt 0.231488 0.000510
vt 0.265565 0.012041
vt 0.473170 0.617729
vt 0.469175 0.723982
vt 0.469175 0.617579
vt 0.195523 0.382998
vt 0.195029 0.383291
vt 0.186181 0.367281
vt 0.192975 0.364801
vt 0.197294 0.382567
vt 0.264748 0.968955
vt 0.273996 0.251819
vt 0.270916 0.252920
vt 0.270916 0.236710
vt 0.105383 0.151752
vt 0.104317 0.136368
vt 0.105383 0.136139
vt 0.085189 0.119200
vt 0.086414 0.103636
vt 0.086414 0.120137
vt 0.263259 0.968688
vt 0.263306 0.935160
vt 0.192836 0.252919
vt 0.192836 0.236239
vt 0.193905 0.252705
vt 0.943316 0.938578
vt 0.942235 0.924315
vt 0.945017 0.924772
vt 0.947420 0.938665
vt 0.169442 0.128927
vt 0.172828 0.129576
vt 0.169442 0.145429
vt 0.276548 0.980063
vt 0.466350 0.918574
vt 0.467531 0.933422
vt 0.465003 0.918440
vt 0.465269 0.903578
vt 0.466565 0.903612
vt 0.198914 0.364337
vt 0.243435 0.536400
vt 0.231285 0.535003
vt 0.243435 0.429371
vt 0.660115 0.567070
vt 0.672344 0.673398
vt 0.660115 0.673398
vt 0.127931 0.678667
vt 0.127931 0.572341
vt 0.140160 0.678667
vt 0.334826 0.925667
vt 0.333526 0.909109
vt 0.334656 0.908860
vt 0.939804 0.924761
vt 0.938529 0.924814
vt 0.939395 0.910248
vt 0.940918 0.910937
vt 0.965965 0.755965
vt 0.963557 0.784333
vt 0.964245 0.756366
vt 0.962049 0.744178
vt 0.464801 0.933224
vt 0.460895 0.919458
vt 0.932206 0.005352
vt 0.932409 0.007807
vt 0.931117 0.006266
vt 0.967280 0.545338
vt 0.965984 0.545600
vt 0.966169 0.511508
vt 0.971075 0.156357
vt 0.973359 0.122935
vt 0.972600 0.156357
vt 0.972323 0.159410
vt 0.967190 0.439925
vt 0.969504 0.440196
vt 0.968651 0.457363
vt 0.967291 0.457348
vt 0.261457 0.934973
vt 0.261574 0.968481
vt 0.260260 0.934737
vt 0.960188 0.966877
vt 0.959506 0.966372
vt 0.961986 0.964305
vt 0.198918 0.382639
vt 0.198530 0.382215
vt 0.199438 0.382255
vt 0.199430 0.382379
vt 0.200118 0.383099
vt 0.972632 0.422804
vt 0.972367 0.413350
vt 0.065900 0.306044
vt 0.067445 0.321387
vt 0.065900 0.322472
vt 0.981543 0.413098
vt 0.974417 0.423103
vt 0.971943 0.439634
vt 0.340989 0.925847
vt 0.341101 0.909097
vt 0.343395 0.909926
vt 0.343463 0.925562
vt 0.462032 0.903848
vt 0.442954 0.874572
vt 0.449749 0.857439
vt 0.445216 0.874470
vt 0.439116 0.891146
vt 0.437336 0.890927
vt 0.441332 0.874542
vt 0.336828 0.909587
vt 0.328291 0.897963
vt 0.114672 0.299505
vt 0.118029 0.315364
vt 0.114672 0.316149
vt 0.342866 0.897503
vt 0.344603 0.663914
vt 0.332373 0.557586
vt 0.344603 0.557586
vt 0.675213 0.213928
vt 0.675213 0.107599
vt 0.687098 0.213928
vt 0.937739 0.910397
vt 0.938249 0.896367
vt 0.939768 0.896264
vt 0.314042 0.676560
vt 0.301811 0.676560
vt 0.301811 0.570233
vt 0.468065 0.888701
vt 0.466970 0.888225
vt 0.470009 0.873841
vt 0.414156 0.690259
vt 0.402271 0.690259
vt 0.402271 0.583931
vt 0.559366 0.341441
vt 0.559366 0.234451
vt 0.571177 0.235771
vt 0.247092 0.536056
vt 0.259242 0.430425
vt 0.259243 0.537454
vt 0.200228 0.382535
vt 0.725799 0.108670
vt 0.727398 0.108658
vt 0.728197 0.214982
vt 0.565385 0.585570
vt 0.566961 0.692367
vt 0.565355 0.692367
vt 0.440502 0.006049
vt 0.416353 0.109598
vt 0.416353 0.000417
vt 0.027963 0.714498
vt 0.027963 0.680728
vt 0.029507 0.680765
vt 0.962049 0.784398
vt 0.857177 0.202099
vt 0.855192 0.202182
vt 0.855836 0.176203
vt 0.858594 0.176220
vt 0.859937 0.202047
vt 0.973315 0.160567
vt 0.973740 0.158195
vt 0.018485 0.972650
vt 0.016047 0.972650
vt 0.018485 0.924673
vt 0.020027 0.924673
vt 0.020027 0.973740
vt 0.022208 0.924673
vt 0.348818 0.257530
vt 0.348818 0.259106
vt 0.325978 0.257530
vt 0.325978 0.256417
vt 0.348818 0.256417
vt 0.932137 0.008623
vt 0.931117 0.057796
vt 0.145028 0.420587
vt 0.180205 0.420587
vt 0.180205 0.526916
vt 0.415210 0.084018
vt 0.415210 0.196013
vt 0.381813 0.184965
vt 0.381054 0.184714
vt 0.731359 0.107624
vt 0.728961 0.213928
vt 0.730559 0.107612
vt 0.964811 0.511868
vt 0.000417 0.423640
vt 0.006048 0.399493
vt 0.109599 0.423640
vt 0.422677 0.194959
vt 0.422677 0.085778
vt 0.446824 0.091409
vt 0.671291 0.450095
vt 0.671291 0.556423
vt 0.659191 0.450095
vt 0.986386 0.413720
vt 0.975578 0.423392
vt 0.949766 0.502489
vt 0.345290 0.942223
vt 0.345039 0.925456
vt 0.673398 0.428909
vt 0.661168 0.428909
vt 0.661168 0.322581
vt 0.670237 0.106437
vt 0.658007 0.000109
vt 0.670237 0.000109
vt 0.668677 0.321419
vt 0.668677 0.215090
vt 0.680775 0.321419
vt 0.345769 0.958749
vt 0.728197 0.108652
vt 0.360410 0.011620
vt 0.326104 0.112760
vt 0.359648 0.011368
vt 0.973125 0.158114
vt 0.698294 0.897864
vt 0.698294 0.833216
vt 0.712390 0.897864
vt 0.853460 0.202297
vt 0.852539 0.176294
vt 0.854188 0.176259
vt 0.939595 0.059015
vt 0.209681 0.246388
vt 0.209792 0.245594
vt 0.211444 0.246597
vt 0.960771 0.964626
vt 0.731359 0.247650
vt 0.729760 0.247626
vt 0.731359 0.141310
vt 0.728961 0.107588
vt 0.229735 0.008368
vt 0.229735 0.118029
vt 0.205481 0.112374
vt 0.388358 0.683937
vt 0.388358 0.577608
vt 0.400456 0.683937
vt 0.455255 0.843738
vt 0.451555 0.858243
vt 0.450411 0.857754
vt 0.028368 0.664328
vt 0.182862 0.113814
vt 0.182862 0.001069
vt 0.217089 0.012650
vt 0.199399 0.129027
vt 0.230789 0.247650
vt 0.181175 0.126102
vt 0.180898 0.124835
vt 0.199275 0.127754
vt 0.185687 0.367575
vt 0.000512 0.398348
vt 0.012042 0.364271
vt 0.112760 0.398348
vt 0.787058 0.840444
vt 0.755334 0.862034
vt 0.754884 0.861373
vt 0.786608 0.839783
vt 0.787269 0.839333
vt 0.788055 0.839483
vt 0.833581 0.283726
vt 0.832781 0.284856
vt 0.770423 0.283727
vt 0.770422 0.245353
vt 0.833579 0.245353
vt 0.888185 0.400456
vt 0.888185 0.337298
vt 0.899631 0.337297
vt 0.899631 0.400455
vt 0.411567 0.735574
vt 0.410725 0.724158
vt 0.412335 0.735350
vt 0.622814 0.779400
vt 0.622814 0.817773
vt 0.559657 0.817773
vt 0.559657 0.779400
vt 0.559657 0.778268
vt 0.622015 0.778268
vt 0.865718 0.390213
vt 0.866249 0.391299
vt 0.864985 0.391134
vt 0.864646 0.390318
vt 0.860788 0.360573
vt 0.265611 0.149148
vt 0.266126 0.137713
vt 0.266900 0.137916
vt 0.267673 0.138119
vt 0.266384 0.149351
vt 0.265869 0.160786
vt 0.909601 0.143321
vt 0.897961 0.143321
vt 0.897961 0.080164
vt 0.909601 0.080164
vt 0.921049 0.143321
vt 0.863340 0.390659
vt 0.860043 0.360690
vt 0.921049 0.080164
vt 0.788266 0.838372
vt 0.832780 0.285988
vt 0.770423 0.284858
vt 0.967130 0.924665
vt 0.965199 0.924752
vt 0.151086 0.123203
vt 0.150917 0.124102
vt 0.132508 0.120282
vt 0.132894 0.119008
vt 0.151422 0.121931
vt 0.962569 0.962917
vt 0.961374 0.924826
vt 0.209330 0.210353
vt 0.212874 0.210525
vt 0.212874 0.245813
vt 0.267673 0.105528
vt 0.267673 0.122244
vt 0.266158 0.105812
vt 0.950556 0.938375
vt 0.948889 0.938514
vt 0.949175 0.924121
vt 0.496355 0.677614
vt 0.484124 0.677614
vt 0.484124 0.571287
vt 0.315592 0.559584
vt 0.315592 0.452556
vt 0.327742 0.453954
vt 0.672892 0.106437
vt 0.672892 0.000109
vt 0.684990 0.106437
vt 0.246108 0.980063
vt 0.446967 0.875165
vt 0.453115 0.843007
vt 0.199320 0.364355
vt 0.199623 0.124155
vt 0.199455 0.125053
vt 0.181062 0.121223
vt 0.181687 0.119211
vt 0.200194 0.122148
vt 0.200228 0.364395
vt 0.970064 0.456412
vt 0.972719 0.457245
vt 0.966990 0.171486
vt 0.969642 0.173407
vt 0.970593 0.187770
vt 0.969278 0.187744
vt 0.965824 0.172512
vt 0.344988 0.909783
vt 0.861718 0.202111
vt 0.860569 0.176298
vt 0.863390 0.176369
vt 0.864142 0.202336
vt 0.326104 0.000270
vt 0.291911 0.419425
vt 0.179916 0.419425
vt 0.190965 0.386029
vt 0.348818 0.261981
vt 0.348818 0.366733
vt 0.325976 0.261981
vt 0.325978 0.260220
vt 0.348818 0.260220
vt 0.016047 0.924673
vt 0.786159 0.839122
vt 0.754434 0.860712
vt 0.490032 0.514743
vt 0.466700 0.620707
vt 0.466700 0.514743
vt 0.490032 0.549741
vt 0.195683 0.727440
vt 0.208659 0.672223
vt 0.195905 0.727971
vt 0.754434 0.791086
vt 0.786820 0.838672
vt 0.776556 0.782015
vt 0.832781 0.343549
vt 0.770423 0.285988
vt 0.413102 0.735125
vt 0.411493 0.723935
vt 0.738331 0.023355
vt 0.745059 0.024765
vt 0.738331 0.128567
vt 0.714498 0.745059
vt 0.708378 0.650637
vt 0.714498 0.649762
vt 0.911272 0.337298
vt 0.911272 0.400456
vt 0.410650 0.712519
vt 0.411418 0.712295
vt 0.859443 0.360816
vt 0.151297 0.883111
vt 0.151297 0.813626
vt 0.183367 0.861730
vt 0.281071 0.000612
vt 0.297180 0.045208
vt 0.281071 0.110652
vt 0.015466 0.113814
vt 0.017744 0.017286
vt 0.020023 0.029296
vt 0.015466 0.005278
vt 0.243823 0.771405
vt 0.243823 0.675811
vt 0.246597 0.693958
vt 0.235004 0.673706
vt 0.234229 0.769297
vt 0.234229 0.668344
vt 0.079629 0.007248
vt 0.080091 0.002074
vt 0.080091 0.012646
vt 0.494101 0.691649
vt 0.499516 0.771152
vt 0.498154 0.774927
vt 0.496340 0.778675
vt 0.494101 0.781943
vt 0.129621 0.245388
vt 0.127024 0.248704
vt 0.127024 0.155131
vt 0.024972 0.004279
vt 0.025292 0.000079
vt 0.025292 0.008431
vt 0.071661 0.067489
vt 0.071501 0.071661
vt 0.071501 0.063328
vt 0.024975 0.149563
vt 0.025292 0.145400
vt 0.025292 0.153825
vt 0.025102 0.158075
vt 0.735574 0.106437
vt 0.731974 0.002570
vt 0.735574 0.000470
vt 0.322472 0.239220
vt 0.318610 0.133324
vt 0.322472 0.131725
vt 0.291911 0.185067
vt 0.291911 0.292965
vt 0.287828 0.291625
vt 0.235081 0.270829
vt 0.239220 0.163010
vt 0.239220 0.271888
vt 0.000100 0.138952
vt 0.003063 0.140177
vt 0.000100 0.248704
vt 0.866219 0.392592
vt 0.622015 0.777139
vt 0.559657 0.777137
vt 0.622015 0.719577
vt 0.010538 0.002305
vt 0.010538 0.059015
vt 0.009424 0.059015
vt 0.859443 0.436286
vt 0.863859 0.391457
vt 0.022396 0.073768
vt 0.022396 0.017059
vt 0.023184 0.017059
vt 0.200228 0.880095
vt 0.199426 0.937910
vt 0.199426 0.880095
vt 0.150742 0.126807
vt 0.150908 0.128821
vt 0.132358 0.123901
vt 0.132275 0.122998
vt 0.150703 0.125904
vt 0.960432 0.924759
vt 0.947445 0.924358
vt 0.946283 0.910889
vt 0.948065 0.910646
vt 0.944655 0.910255
vt 0.944601 0.897170
vt 0.946152 0.897000
vt 0.974102 0.440372
vt 0.975474 0.440714
vt 0.974636 0.456604
vt 0.968185 0.187419
vt 0.964392 0.172524
vt 0.215073 0.745558
vt 0.216765 0.745986
vt 0.215672 0.758498
vt 0.891541 0.893649
vt 0.884171 0.893649
vt 0.884171 0.827257
vt 0.566822 0.107491
vt 0.566822 0.000510
vt 0.578553 0.001813
vt 0.679678 0.893649
vt 0.679678 0.827256
vt 0.687098 0.893649
vt 0.630672 0.978327
vt 0.617098 0.990601
vt 0.629170 0.978286
vt 0.631276 0.960793
vt 0.632850 0.961501
vt 0.632620 0.978362
vt 0.162290 0.261350
vt 0.160521 0.260690
vt 0.162290 0.245140
vt 0.323075 0.897496
vt 0.190864 0.750593
vt 0.190525 0.750299
vt 0.195410 0.727922
vt 0.288062 0.169446
vt 0.288750 0.169446
vt 0.288062 0.204443
vt 0.781004 0.428193
vt 0.819881 0.392308
vt 0.819881 0.470309
vt 0.804222 0.484762
vt 0.669924 0.969525
vt 0.691157 0.912416
vt 0.691157 0.969525
vt 0.811450 0.734427
vt 0.811450 0.812504
vt 0.772536 0.776585
vt 0.795776 0.719959
vt 0.087334 0.025283
vt 0.086775 0.013292
vt 0.088184 0.013324
vt 0.088522 0.025292
vt 0.299288 0.480213
vt 0.287906 0.585930
vt 0.287906 0.478988
vt 0.448202 0.875733
vt 0.445982 0.891920
vt 0.444514 0.891980
vt 0.940970 0.896957
vt 0.740318 0.501511
vt 0.738840 0.501072
vt 0.739308 0.485934
vt 0.742703 0.485332
vt 0.743713 0.500909
vt 0.418595 0.898269
vt 0.265565 0.172763
vt 0.265565 0.189690
vt 0.264231 0.173535
vt 0.161467 0.967375
vt 0.163026 0.967397
vt 0.162282 0.984287
vt 0.161460 0.984268
vt 0.159904 0.967606
vt 0.147364 0.956897
vt 0.442705 0.892442
vt 0.445979 0.904450
vt 0.075876 0.153859
vt 0.072483 0.139056
vt 0.075876 0.138439
vt 0.437545 0.903116
vt 0.737682 0.351980
vt 0.730841 0.248874
vt 0.737682 0.246419
vt 0.727329 0.322581
vt 0.734520 0.324122
vt 0.727329 0.428909
vt 0.205687 0.204707
vt 0.205687 0.197627
vt 0.206171 0.197730
vt 0.206171 0.204812
vt 0.205687 0.211788
vt 0.560038 0.739790
vt 0.560038 0.633957
vt 0.566961 0.738306
vt 0.005913 0.141843
vt 0.008431 0.143890
vt 0.088522 0.471874
vt 0.088164 0.483315
vt 0.087092 0.483673
vt 0.266642 0.160988
vt 0.267673 0.172828
vt 0.677760 0.108653
vt 0.689206 0.108653
vt 0.689206 0.214982
vt 0.574550 0.586984
vt 0.574550 0.480042
vt 0.585930 0.481267
vt 0.672052 0.640729
vt 0.672052 0.534401
vt 0.683937 0.640729
vt 0.177609 0.166136
vt 0.177340 0.153385
vt 0.179133 0.153751
vt 0.179259 0.166505
vt 0.975620 0.456981
vt 0.358303 0.897496
vt 0.693421 0.321419
vt 0.681536 0.321419
vt 0.681536 0.215090
vt 0.673398 0.214982
vt 0.661514 0.108654
vt 0.673398 0.108653
vt 0.169813 0.700798
vt 0.169813 0.594470
vt 0.181259 0.700798
vt 0.180903 0.154182
vt 0.181259 0.166128
vt 0.181259 0.142018
vt 0.151511 0.284469
vt 0.151752 0.298387
vt 0.147953 0.297520
vt 0.147482 0.283789
vt 0.975848 0.186306
vt 0.637776 0.978304
vt 0.649160 0.990601
vt 0.636846 0.978834
vt 0.638071 0.962142
vt 0.639707 0.962747
vt 0.638785 0.978592
vt 0.025941 0.184085
vt 0.027400 0.183585
vt 0.027400 0.200228
vt 0.344909 0.898788
vt 0.675294 0.000109
vt 0.687098 0.000109
vt 0.687098 0.106437
vt 0.029507 0.445228
vt 0.029507 0.552208
vt 0.017776 0.550905
vt 0.088310 0.697636
vt 0.088310 0.591308
vt 0.100114 0.697636
vt 0.149916 0.208659
vt 0.149916 0.192558
vt 0.151752 0.193001
vt 0.630372 0.960647
vt 0.625747 0.950282
vt 0.923156 0.337299
vt 0.518485 0.864214
vt 0.506601 0.927371
vt 0.506601 0.864215
vt 0.549306 0.629560
vt 0.551337 0.636697
vt 0.550931 0.636988
vt 0.550235 0.636872
vt 0.413102 0.700973
vt 0.086377 0.483315
vt 0.087807 0.471516
vt 0.087092 0.494398
vt 0.670998 0.925264
vt 0.659890 0.925264
vt 0.659890 0.862107
vt 0.670998 0.862107
vt 0.682883 0.925264
vt 0.886077 0.080164
vt 0.737830 0.485496
vt 0.737400 0.501624
vt 0.736741 0.485540
vt 0.739256 0.469837
vt 0.740214 0.469317
vt 0.965916 0.202510
vt 0.968083 0.202365
vt 0.964392 0.217089
vt 0.536542 0.952121
vt 0.547632 0.960461
vt 0.546376 0.961335
vt 0.217089 0.758587
vt 0.215073 0.771405
vt 0.551569 0.643893
vt 0.776674 0.000804
vt 0.776674 0.102222
vt 0.770159 0.004445
vt 0.661981 0.777727
vt 0.661981 0.676021
vt 0.669183 0.678040
vt 0.112760 0.688783
vt 0.106213 0.692367
vt 0.106213 0.585789
vt 0.948181 0.896693
vt 0.746113 0.499841
vt 0.744671 0.500389
vt 0.745503 0.485227
vt 0.427668 0.599739
vt 0.438394 0.599739
vt 0.438394 0.706067
vt 0.880662 0.762974
vt 0.880662 0.696244
vt 0.887326 0.696916
vt 0.141975 0.696583
vt 0.141975 0.590256
vt 0.153859 0.696583
vt 0.455255 0.906295
vt 0.168288 0.968016
vt 0.177044 0.957457
vt 0.169442 0.968412
vt 0.168896 0.984914
vt 0.167920 0.984601
vt 0.167096 0.967730
vt 0.173107 0.956897
vt 0.636763 0.962194
vt 0.643762 0.952492
vt 0.169105 0.221700
vt 0.170721 0.233532
vt 0.167936 0.233356
vt 0.266309 0.280319
vt 0.266309 0.265447
vt 0.267673 0.279600
vt 0.164047 0.983985
vt 0.164679 0.994817
vt 0.176024 0.948888
vt 0.187069 0.958151
vt 0.186050 0.958180
vt 0.155220 0.993468
vt 0.495495 0.927371
vt 0.495494 0.864214
vt 0.551976 0.643603
vt 0.743661 0.484812
vt 0.744649 0.470632
vt 0.746113 0.470147
vt 0.178966 0.141582
vt 0.173132 0.732041
vt 0.174233 0.716886
vt 0.174936 0.731471
vt 0.174936 0.746113
vt 0.562286 0.952485
vt 0.556090 0.960889
vt 0.553848 0.960893
vt 0.180371 0.130207
vt 0.483965 0.927372
vt 0.483965 0.864214
vt 0.552208 0.650799
vt 0.551511 0.650683
vt 0.087807 0.494755
vt 0.088522 0.505839
vt 0.648361 0.925264
vt 0.648361 0.862107
vt 0.823132 0.954618
vt 0.823535 0.941264
vt 0.825431 0.954109
vt 0.824072 0.967076
vt 0.821250 0.967346
vt 0.436286 0.539125
vt 0.433217 0.554315
vt 0.433217 0.538819
vt 0.434062 0.522631
vt 0.630471 0.949931
vt 0.400446 0.887326
vt 0.393085 0.820933
vt 0.400456 0.820933
vt 0.691543 0.213928
vt 0.691543 0.107601
vt 0.702905 0.213928
vt 0.482655 0.000713
vt 0.482257 0.016121
vt 0.481174 0.016093
vt 0.480794 0.000457
vt 0.737441 0.469317
vt 0.696583 0.643891
vt 0.684779 0.643891
vt 0.684779 0.537563
vt 0.592120 0.214982
vt 0.592120 0.108114
vt 0.602792 0.109191
vt 0.595901 0.713444
vt 0.595901 0.607116
vt 0.607007 0.713444
vt 0.204443 0.948585
vt 0.194292 0.958945
vt 0.193157 0.958299
vt 0.170254 0.984372
vt 0.174758 0.993190
vt 0.719767 0.321419
vt 0.709041 0.321419
vt 0.709041 0.215090
vt 0.263458 0.278211
vt 0.262659 0.263044
vt 0.263458 0.263002
vt 0.094845 0.001886
vt 0.094168 0.014754
vt 0.094167 0.001886
vt 0.907659 0.811216
vt 0.907157 0.811082
vt 0.908403 0.794686
vt 0.309765 0.830099
vt 0.312705 0.745301
vt 0.327796 0.830419
vt 0.309765 0.744795
vt 0.756710 0.095899
vt 0.758276 0.011911
vt 0.759812 0.023500
vt 0.756710 0.000996
vt 0.737682 0.011538
vt 0.736885 0.106437
vt 0.736885 0.000647
vt 0.389279 0.890957
vt 0.399668 0.924517
vt 0.400273 0.928128
vt 0.400456 0.931894
vt 0.400350 0.935525
vt 0.399379 0.938756
vt 0.397408 0.941874
vt 0.394994 0.944436
vt 0.392136 0.946442
vt 0.389279 0.948448
vt 0.902080 0.811450
vt 0.896451 0.753771
vt 0.899318 0.751887
vt 0.902080 0.750306
vt 0.386243 0.053097
vt 0.389918 0.114132
vt 0.386837 0.115591
vt 0.386243 0.115921
vt 0.094627 0.148492
vt 0.104274 0.210499
vt 0.104329 0.211002
vt 0.104251 0.211638
vt 0.094627 0.257135
vt 0.037912 0.365725
vt 0.148590 0.365725
vt 0.142232 0.382953
vt 0.139567 0.385595
vt 0.137057 0.387810
vt 0.293218 0.291911
vt 0.293218 0.184616
vt 0.295777 0.187137
vt 0.297798 0.190069
vt 0.299280 0.193411
vt 0.300524 0.196720
vt 0.301197 0.200678
vt 0.301396 0.204570
vt 0.301357 0.208432
vt 0.030437 0.611222
vt 0.030437 0.504196
vt 0.030561 0.509094
vt 0.608935 0.607047
vt 0.609114 0.713444
vt 0.608935 0.708671
vt 0.608118 0.703924
vt 0.606703 0.700153
vt 0.104329 0.601645
vt 0.104329 0.708175
vt 0.101539 0.704333
vt 0.295761 0.906295
vt 0.295761 0.842337
vt 0.298180 0.843942
vt 0.301236 0.845037
vt 0.304272 0.845905
vt 0.307719 0.846281
vt 0.916833 0.657591
vt 0.903690 0.597824
vt 0.907107 0.596983
vt 0.910416 0.595943
vt 0.913724 0.594904
vt 0.916833 0.593973
vt 0.517941 0.655368
vt 0.526916 0.718699
vt 0.526359 0.719317
vt 0.526393 0.719832
vt 0.517941 0.759812
vt 0.193905 0.233951
vt 0.158540 0.131436
vt 0.158540 0.125984
vt 0.032632 0.016861
vt 0.032632 0.000762
vt 0.033723 0.000762
vt 0.184538 0.958463
vt 0.174974 0.948585
vt 0.186081 0.974651
vt 0.699744 0.106437
vt 0.688382 0.106437
vt 0.688382 0.000109
vt 0.574632 0.150698
vt 0.574632 0.043765
vt 0.585930 0.044973
vt 0.582557 0.698690
vt 0.582557 0.592362
vt 0.594361 0.698690
vt 0.147482 0.311934
vt 0.549771 0.960351
vt 0.554731 0.951867
vt 0.551339 0.977066
vt 0.548844 0.976688
vt 0.539329 0.951867
vt 0.743171 0.470194
vt 0.476885 0.000552
vt 0.479907 0.001080
vt 0.475754 0.015924
vt 0.474243 0.015660
vt 0.475375 0.000288
vt 0.173505 0.993713
vt 0.191211 0.958477
vt 0.199953 0.948865
vt 0.192407 0.974577
vt 0.189404 0.974816
vt 0.256456 0.208521
vt 0.259242 0.207201
vt 0.259242 0.223412
vt 0.222047 0.251631
vt 0.222047 0.236785
vt 0.223412 0.250911
vt 0.222470 0.265566
vt 0.704261 0.430072
vt 0.714498 0.430072
vt 0.714498 0.536400
vt 0.713437 0.106437
vt 0.703206 0.000108
vt 0.713444 0.000108
vt 0.592253 0.098691
vt 0.581206 0.204443
vt 0.581206 0.097536
vt 0.215242 0.233950
vt 0.215242 0.218802
vt 0.217089 0.219194
vt 0.889434 0.457363
vt 0.882498 0.457363
vt 0.882498 0.390970
vt 0.696018 0.215090
vt 0.707121 0.321419
vt 0.696014 0.321419
vt 0.522631 0.878895
vt 0.522631 0.812502
vt 0.529023 0.878895
vt 0.557204 0.961579
vt 0.557207 0.976331
vt 0.556022 0.976758
vt 0.566961 0.952593
vt 0.439341 0.784051
vt 0.439341 0.687828
vt 0.444717 0.692450
vt 0.111706 0.692568
vt 0.111706 0.782997
vt 0.105485 0.694996
vt 0.869099 0.491952
vt 0.868238 0.479405
vt 0.869143 0.484131
vt 0.870044 0.492973
vt 0.871858 0.506283
vt 0.740467 0.690515
vt 0.747166 0.688531
vt 0.747166 0.785104
vt 0.547783 0.976818
vt 0.549788 0.992709
vt 0.873673 0.160023
vt 0.881003 0.160803
vt 0.873673 0.229735
vt 0.057961 0.452657
vt 0.057961 0.559584
vt 0.046718 0.558388
vt 0.884447 0.162290
vt 0.884447 0.095898
vt 0.891541 0.162290
vt 0.826927 0.966921
vt 0.828311 0.954336
vt 0.828194 0.967141
vt 0.826397 0.979919
vt 0.824186 0.979807
vt 0.478776 0.016453
vt 0.479247 0.031615
vt 0.476872 0.030464
vt 0.187113 0.974468
vt 0.190263 0.990071
vt 0.188842 0.990601
vt 0.554397 0.976936
vt 0.555435 0.991205
vt 0.553004 0.991992
vt 0.168011 0.245565
vt 0.170203 0.245764
vt 0.168672 0.256577
vt 0.167206 0.257135
vt 0.166378 0.244894
vt 0.473024 0.014729
vt 0.473988 0.030288
vt 0.686331 0.538618
vt 0.697636 0.538618
vt 0.697636 0.644945
vt 0.880305 0.396241
vt 0.880305 0.329474
vt 0.887326 0.330221
vt 0.332304 0.554388
vt 0.342495 0.448549
vt 0.342495 0.555369
vt 0.473956 0.000872
vt 0.193767 0.974440
vt 0.194858 0.973808
vt 0.195167 0.988929
vt 0.193973 0.988961
vt 0.473208 0.927371
vt 0.473208 0.864214
vt 0.551453 0.657472
vt 0.550757 0.657356
vt 0.086414 0.261193
vt 0.085285 0.271888
vt 0.085285 0.261132
vt 0.086414 0.250437
vt 0.868357 0.916833
vt 0.857602 0.916833
vt 0.857602 0.853676
vt 0.828311 0.596469
vt 0.813641 0.510329
vt 0.828311 0.510329
vt 0.637606 0.925264
vt 0.637606 0.862107
vt 0.549306 0.663914
vt 0.526916 0.809342
vt 0.522784 0.803677
vt 0.526916 0.728125
vt 0.828311 0.442609
vt 0.823045 0.362741
vt 0.828311 0.359338
vt 0.075339 0.752548
vt 0.080091 0.668187
vt 0.080091 0.757705
vt 0.551303 0.992273
vt 0.838467 0.979687
vt 0.836664 0.979323
vt 0.839795 0.963817
vt 0.840957 0.964767
vt 0.840267 0.980063
vt 0.701852 0.428909
vt 0.690546 0.428909
vt 0.690546 0.322581
vt 0.426036 0.599739
vt 0.437340 0.706067
vt 0.426034 0.706067
vt 0.649223 0.697636
vt 0.649223 0.591308
vt 0.660752 0.697636
vt 0.391600 0.327696
vt 0.392025 0.343383
vt 0.390806 0.344322
vt 0.389746 0.328034
vt 0.828311 0.980063
vt 0.480777 0.031502
vt 0.482655 0.031453
vt 0.741189 0.975478
vt 0.739410 0.975848
vt 0.739789 0.959809
vt 0.741573 0.960913
vt 0.742633 0.975139
vt 0.821547 0.979191
vt 0.385474 0.328100
vt 0.387892 0.328372
vt 0.385662 0.343792
vt 0.384239 0.343205
vt 0.383616 0.328418
vt 0.170721 0.256729
vt 0.191603 0.989808
vt 0.376982 0.243659
vt 0.374544 0.243823
vt 0.378435 0.228871
vt 0.380319 0.227764
vt 0.378477 0.244048
vt 0.475284 0.029804
vt 0.746412 0.975012
vt 0.744968 0.975351
vt 0.745352 0.960786
vt 0.747131 0.960422
vt 0.747573 0.974089
vt 0.556975 0.991263
vt 0.558013 0.992218
vt 0.832495 0.979196
vt 0.831318 0.978265
vt 0.833366 0.964782
vt 0.834766 0.964241
vt 0.834300 0.979546
vt 0.694472 0.323526
vt 0.683169 0.217198
vt 0.694475 0.217198
vt 0.711451 0.643891
vt 0.711451 0.537563
vt 0.721874 0.643891
vt 0.371874 0.242431
vt 0.372661 0.228208
vt 0.374502 0.228646
vt 0.373049 0.243434
vt 0.196262 0.989839
vt 0.674739 0.430072
vt 0.686044 0.430072
vt 0.686044 0.536400
vt 0.437340 0.795643
vt 0.422879 0.710725
vt 0.437340 0.708262
vt 0.889369 0.335118
vt 0.889369 0.271052
vt 0.899972 0.333313
vt 0.855163 0.046719
vt 0.858953 0.052619
vt 0.858355 0.053049
vt 0.010821 0.867175
vt 0.014754 0.857164
vt 0.011893 0.867532
vt 0.010106 0.878258
vt 0.009391 0.878615
vt 0.846072 0.916833
vt 0.846072 0.853676
vt 0.744962 0.878895
vt 0.744962 0.809167
vt 0.752436 0.809978
vt 0.558531 0.326473
vt 0.546103 0.432071
vt 0.546103 0.325010
vt 0.738636 0.960742
vt 0.738636 0.944326
vt 0.740043 0.944795
vt 0.698690 0.526916
vt 0.687161 0.526916
vt 0.687161 0.420587
vt 0.381487 0.228776
vt 0.380317 0.244489
vt 0.380205 0.211598
vt 0.669183 0.106437
vt 0.656670 0.106437
vt 0.656670 0.000109
vt 0.657723 0.450096
vt 0.670237 0.556423
vt 0.657723 0.556423
vt 0.033852 0.539373
vt 0.045315 0.433664
vt 0.045315 0.540615
vt 0.388672 0.343152
vt 0.388338 0.360346
vt 0.385909 0.360134
vt 0.837692 0.964919
vt 0.836492 0.948344
vt 0.838298 0.948689
vt 0.744460 0.960234
vt 0.745396 0.944778
vt 0.747179 0.945882
vt 0.375445 0.228093
vt 0.374849 0.211973
vt 0.377287 0.211809
vt 0.382381 0.343524
vt 0.382601 0.358737
vt 0.710282 0.634407
vt 0.699176 0.634407
vt 0.699176 0.528078
vt 0.701288 0.000109
vt 0.712390 0.106437
vt 0.701284 0.106437
vt 0.708175 0.215090
vt 0.708175 0.321419
vt 0.697751 0.215090
vt 0.382381 0.329336
vt 0.858113 0.150354
vt 0.860650 0.150438
vt 0.325978 0.259106
vt 0.303136 0.259106
vt 0.303136 0.257530
vt 0.853864 0.150420
vt 0.855277 0.150336
vt 0.325978 0.255303
vt 0.303136 0.255303
vt 0.054799 0.824095
vt 0.038908 0.824096
vt 0.038908 0.751217
vt 0.130911 0.795643
vt 0.130911 0.695519
vt 0.151752 0.700064
vt 0.325978 0.150550
vt 0.348818 0.255303
vt 0.310808 0.899972
vt 0.310808 0.833805
vt 0.324580 0.836808
vt 0.399169 0.793535
vt 0.399169 0.695806
vt 0.420479 0.793535
vt 0.190603 0.229184
vt 0.190713 0.255681
vt 0.188711 0.255058
vt 0.132792 0.125909
vt 0.106025 0.125353
vt 0.182313 0.247650
vt 0.874207 0.813789
vt 0.881003 0.813789
vt 0.881003 0.883111
vt 0.714613 0.000110
vt 0.725036 0.106437
vt 0.714613 0.106437
vt 0.285724 0.885218
vt 0.285724 0.815897
vt 0.292965 0.885218
vt 0.831562 0.964424
vt 0.830951 0.949641
vt 0.832011 0.949597
vt 0.105900 0.118697
vt 0.774897 0.668578
vt 0.795643 0.673101
vt 0.774897 0.768243
vt 0.462559 0.897864
vt 0.462559 0.831697
vt 0.476332 0.834700
vt 0.182313 0.000184
vt 0.155069 0.119323
vt 0.109598 0.796697
vt 0.088388 0.796697
vt 0.088388 0.699420
vt 0.872571 0.073768
vt 0.856682 0.000890
vt 0.872572 0.000890
vt 0.230789 0.000609
vt 0.132361 0.121187
vt 0.105241 0.121791
vt 0.185278 0.227622
vt 0.186012 0.254817
vt 0.185115 0.254895
vt 0.105135 0.120088
vt 0.180913 0.122127
vt 0.199239 0.126853
vt 0.180819 0.123935
vt 0.153836 0.122904
vt 0.201176 0.126242
vt 0.228405 0.125682
vt 0.228488 0.126581
vt 0.153750 0.121208
vt 0.153499 0.124673
vt 0.201496 0.124481
vt 0.228490 0.123879
vt 0.252920 0.862107
vt 0.252920 0.925264
vt 0.241390 0.925264
vt 0.241390 0.862107
vt 0.862061 0.059464
vt 0.861546 0.059380
vt 0.855163 0.124352
vt 0.147536 0.883111
vt 0.144068 0.877156
vt 0.147536 0.818772
vt 0.861119 0.454241
vt 0.850100 0.443994
vt 0.851482 0.443240
vt 0.862731 0.454152
vt 0.865199 0.466718
vt 0.267048 0.766569
vt 0.271888 0.762175
vt 0.271888 0.836742
vt 0.010463 0.878972
vt 0.009748 0.890057
vt 0.009033 0.890414
vt 0.840957 0.948148
vt 0.353352 0.233625
vt 0.354850 0.233289
vt 0.353036 0.249765
vt 0.871147 0.737914
vt 0.878895 0.737914
vt 0.878895 0.807235
vt 0.610930 0.589201
vt 0.622814 0.695529
vt 0.610930 0.695529
vt 0.541942 0.878895
vt 0.541942 0.809574
vt 0.550100 0.878895
vt 0.390167 0.359889
vt 0.391615 0.360410
vt 0.312367 0.322846
vt 0.313816 0.323188
vt 0.312946 0.339842
vt 0.310700 0.339136
vt 0.310660 0.323487
vt 0.743061 0.944565
vt 0.316306 0.071548
vt 0.317664 0.070811
vt 0.317195 0.087764
vt 0.314790 0.088191
vt 0.313901 0.071974
vt 0.378782 0.212198
vt 0.057069 0.308557
vt 0.058395 0.309189
vt 0.056402 0.325321
vt 0.055333 0.324314
vt 0.055636 0.308878
vt 0.834124 0.948514
vt 0.359013 0.234276
vt 0.361335 0.233564
vt 0.358882 0.250418
vt 0.356474 0.250107
vt 0.356605 0.233964
vt 0.383686 0.358858
vt 0.306078 0.323074
vt 0.308325 0.323777
vt 0.306118 0.338722
vt 0.305065 0.338725
vt 0.305026 0.323077
vt 0.748220 0.946009
vt 0.310715 0.071413
vt 0.311806 0.071353
vt 0.311604 0.087630
vt 0.441263 0.579716
vt 0.453147 0.579716
vt 0.453147 0.686044
vt 0.869087 0.691313
vt 0.869087 0.621560
vt 0.876788 0.622421
vt 0.060614 0.564754
vt 0.071661 0.459002
vt 0.071661 0.565907
vt 0.372965 0.213079
vt 0.371874 0.213136
vt 0.062657 0.308779
vt 0.063696 0.308781
vt 0.062622 0.324218
vt 0.060665 0.324912
vt 0.060699 0.309473
vt 0.863541 0.066571
vt 0.864055 0.066655
vt 0.864853 0.074706
vt 0.199900 0.796586
vt 0.202930 0.808859
vt 0.203121 0.866619
vt 0.199900 0.876788
vt 0.070286 0.796696
vt 0.070286 0.705668
vt 0.073768 0.716570
vt 0.229586 0.925264
vt 0.217701 0.925247
vt 0.229944 0.862103
vt 0.010464 0.902213
vt 0.834268 0.916833
vt 0.822383 0.916833
vt 0.822383 0.853676
vt 0.834268 0.853676
vt 0.010820 0.890414
vt 0.012252 0.902212
vt 0.011178 0.901855
vt 0.354153 0.250818
vt 0.354551 0.267424
vt 0.353036 0.267673
vt 0.375164 0.689206
vt 0.363279 0.689206
vt 0.363279 0.582878
vt 0.562527 0.574338
vt 0.562527 0.467348
vt 0.574338 0.468669
vt 0.545885 0.320228
vt 0.532799 0.425748
vt 0.532799 0.318605
vt 0.314042 0.338834
vt 0.314042 0.356195
vt 0.312575 0.355939
vt 0.319290 0.088386
vt 0.319186 0.071078
vt 0.320365 0.087276
vt 0.317774 0.105028
vt 0.316726 0.104718
vt 0.308364 0.339425
vt 0.306196 0.355398
vt 0.304765 0.354978
vt 0.058360 0.324627
vt 0.059650 0.340697
vt 0.058672 0.341044
vt 0.361204 0.249706
vt 0.362421 0.233573
vt 0.362290 0.249715
vt 0.361001 0.267197
vt 0.359489 0.267464
vt 0.673106 0.430071
vt 0.684990 0.536399
vt 0.673106 0.536400
vt 0.560638 0.215787
vt 0.548489 0.321419
vt 0.548489 0.214390
vt 0.063661 0.324220
vt 0.065338 0.339931
vt 0.063913 0.340288
vt 0.686044 0.428909
vt 0.674159 0.428909
vt 0.674159 0.322581
vt 0.312695 0.087570
vt 0.312226 0.104523
vt 0.310715 0.104200
vt 0.218059 0.862086
vt 0.205472 0.925208
vt 0.205648 0.862052
vt 0.865451 0.074277
vt 0.866249 0.082328
vt 0.865651 0.082758
vt 0.014040 0.914726
vt 0.013681 0.914010
vt 0.097518 0.067436
vt 0.099060 0.067436
vt 0.097518 0.099060
vt 0.115047 0.082199
vt 0.115047 0.069521
vt 0.115921 0.069521
vt 0.854494 0.124982
vt 0.303136 0.256417
vt 0.286642 0.207786
vt 0.286642 0.208560
vt 0.270752 0.207786
vt 0.270752 0.207011
vt 0.286642 0.207011
vt 0.864142 0.150528
vt 0.024961 0.023178
vt 0.027400 0.023178
vt 0.024961 0.054799
vt 0.819346 0.763802
vt 0.837088 0.763802
vt 0.837088 0.845173
vt 0.308773 0.304557
vt 0.187789 0.274103
vt 0.885875 0.625976
vt 0.885875 0.561328
vt 0.899972 0.625976
vt 0.303136 0.260220
vt 0.303136 0.261981
vt 0.286642 0.210431
vt 0.286642 0.211657
vt 0.270752 0.210431
vt 0.270752 0.209657
vt 0.286642 0.209657
vt 0.883769 0.813558
vt 0.883769 0.748910
vt 0.897864 0.813558
vt 0.079473 0.151752
vt 0.079473 0.139075
vt 0.080091 0.139075
vt 0.931587 0.373010
vt 0.931587 0.404671
vt 0.930047 0.373085
vt 0.930047 0.341425
vt 0.791161 0.225554
vt 0.796697 0.148509
vt 0.796697 0.242381
vt 0.785626 0.208726
vt 0.001757 0.784752
vt 0.012918 0.801923
vt 0.012595 0.802251
vt 0.191232 0.750340
vt 0.208659 0.773512
vt 0.104556 0.012603
vt 0.104559 0.000747
vt 0.105383 0.000790
vt 0.105380 0.012646
vt 0.028960 0.037938
vt 0.028960 0.022048
vt 0.029507 0.037938
vt 0.948316 0.752293
vt 0.969525 0.809343
vt 0.948314 0.809343
vt 0.927105 0.752293
vt 0.087041 0.001298
vt 0.087951 0.001323
vt 0.228636 0.122978
vt 0.202153 0.121399
vt 0.229022 0.121710
vt 0.247130 0.125885
vt 0.246960 0.126781
vt 0.201392 0.122785
vt 0.154114 0.126034
vt 0.182209 0.273188
vt 0.180943 0.273312
vt 0.183854 0.255171
vt 0.183920 0.228233
vt 0.104919 0.123561
vt 0.187811 0.254911
vt 0.188726 0.227872
vt 0.184897 0.273365
vt 0.183106 0.273152
vt 0.187038 0.227957
vt 0.246787 0.129474
vt 0.246952 0.131478
vt 0.228920 0.128578
vt 0.202277 0.128027
vt 0.387645 0.811682
vt 0.396241 0.881002
vt 0.387645 0.881003
vt 0.645630 0.590145
vt 0.645630 0.483817
vt 0.658644 0.590145
vt 0.913342 0.472186
vt 0.914726 0.489863
vt 0.913187 0.489782
vt 0.911803 0.472105
vt 0.319277 0.105383
vt 0.657591 0.213928
vt 0.644406 0.213928
vt 0.644406 0.107600
vt 0.055333 0.341441
vt 0.342059 0.887144
vt 0.340520 0.887216
vt 0.343549 0.869469
vt 0.424694 0.660752
vt 0.411681 0.660752
vt 0.411681 0.554424
vt 0.538235 0.552208
vt 0.538235 0.445086
vt 0.551154 0.446667
vt 0.182927 0.535831
vt 0.196013 0.430311
vt 0.196013 0.537454
vt 0.356067 0.267178
vt 0.407901 0.941653
vt 0.405148 0.940277
vt 0.408719 0.920452
vt 0.409855 0.920718
vt 0.408993 0.941857
vt 0.309524 0.355434
vt 0.187514 0.200228
vt 0.185992 0.200121
vt 0.186446 0.182693
vt 0.189793 0.182025
vt 0.190860 0.199559
vt 0.313273 0.104833
vt 0.907355 0.472722
vt 0.910721 0.471989
vt 0.908739 0.490399
vt 0.907656 0.490282
vt 0.906272 0.472605
vt 0.303326 0.354616
vt 0.193905 0.199772
vt 0.192383 0.199666
vt 0.192837 0.182238
vt 0.386756 0.661806
vt 0.373742 0.661806
vt 0.373742 0.555478
vt 0.509000 0.428225
vt 0.509000 0.535346
vt 0.496083 0.533765
vt 0.215477 0.536056
vt 0.227628 0.430425
vt 0.227628 0.537454
vt 0.873030 0.442841
vt 0.881003 0.442841
vt 0.881003 0.512162
vt 0.660115 0.107600
vt 0.672344 0.213928
vt 0.660115 0.213928
vt 0.658645 0.108653
vt 0.658645 0.214982
vt 0.645630 0.108653
vt 0.403140 0.940399
vt 0.403564 0.918895
vt 0.404764 0.918926
vt 0.404087 0.940262
vt 0.362518 0.266959
vt 0.062934 0.340635
vt 0.336074 0.886572
vt 0.334990 0.886682
vt 0.337563 0.868897
vt 0.340926 0.869651
vt 0.339436 0.887326
vt 0.381487 0.892861
vt 0.380687 0.892850
vt 0.367931 0.890269
vt 0.379931 0.828257
vt 0.925263 0.815665
vt 0.911580 0.752508
vt 0.925264 0.752508
vt 0.810153 0.916833
vt 0.810153 0.853676
vt 0.204810 0.855526
vt 0.205160 0.821068
vt 0.205830 0.842775
vt 0.206627 0.842840
vt 0.205606 0.855590
vt 0.165992 0.001504
vt 0.166505 0.001531
vt 0.165102 0.008658
vt 0.380676 0.893649
vt 0.367909 0.891867
vt 0.367920 0.891069
vt 0.014754 0.914369
vt 0.410944 0.920871
vt 0.411536 0.898685
vt 0.642923 0.456419
vt 0.656537 0.456419
vt 0.656537 0.562746
vt 0.031703 0.535455
vt 0.045315 0.641783
vt 0.031701 0.641783
vt 0.659698 0.325743
vt 0.659698 0.432071
vt 0.646684 0.325743
vt 0.409907 0.942125
vt 0.184924 0.182587
vt 0.184469 0.200015
vt 0.183402 0.182480
vt 0.185445 0.164218
vt 0.186967 0.164324
vt 0.912105 0.489666
vt 0.911897 0.508254
vt 0.908638 0.507985
vt 0.342010 0.869541
vt 0.341916 0.850986
vt 0.343455 0.850914
vt 0.405942 0.918958
vt 0.406291 0.897946
vt 0.409673 0.898368
vt 0.191315 0.182132
vt 0.192384 0.164921
vt 0.193905 0.165027
vt 0.906118 0.490202
vt 0.904734 0.472524
vt 0.906013 0.507667
vt 0.328795 0.667075
vt 0.315979 0.667075
vt 0.315979 0.560747
vt 0.541590 0.264512
vt 0.541590 0.157415
vt 0.554315 0.158948
vt 0.047055 0.666021
vt 0.047055 0.559695
vt 0.060068 0.666021
vt 0.336480 0.869008
vt 0.333450 0.886754
vt 0.334940 0.869079
vt 0.336479 0.851333
vt 0.337567 0.851265
vt 0.922118 0.659698
vt 0.922118 0.596541
vt 0.935802 0.596541
vt 0.206021 0.820334
vt 0.269644 0.831656
vt 0.206531 0.834009
vt 0.205734 0.833946
vt 0.359138 0.890143
vt 0.359937 0.890155
vt 0.886380 0.925330
vt 0.883434 0.910247
vt 0.886722 0.925266
vt 0.888330 0.948365
vt 0.887511 0.947452
vt 0.885832 0.925399
vt 0.882413 0.910692
vt 0.046934 0.132783
vt 0.046934 0.101160
vt 0.048476 0.101160
vt 0.270752 0.208560
vt 0.802043 0.935802
vt 0.799862 0.935802
vt 0.802043 0.904181
vt 0.803585 0.904181
vt 0.803585 0.935802
vt 0.887815 0.925321
vt 0.888182 0.925379
vt 0.890323 0.947513
vt 0.889845 0.947633
vt 0.887192 0.925434
vt 0.885538 0.910191
vt 0.270752 0.211657
vt 0.286642 0.284534
vt 0.278211 0.249758
vt 0.277373 0.973740
vt 0.277373 0.917683
vt 0.289596 0.973740
vt 0.795882 0.935802
vt 0.795882 0.904181
vt 0.798320 0.904181
vt 0.798320 0.935802
vt 0.270752 0.134133
vt 0.963202 0.588889
vt 0.963202 0.644945
vt 0.950980 0.588889
vt 0.933695 0.077973
vt 0.933695 0.109592
vt 0.932152 0.109592
vt 0.932152 0.077973
vt 0.247464 0.124620
vt 0.278211 0.003437
vt 0.957074 0.288184
vt 0.940705 0.281285
vt 0.957370 0.287371
vt 0.973740 0.294269
vt 0.940705 0.333011
vt 0.712390 0.912416
vt 0.712390 0.969525
vt 0.164515 0.763996
vt 0.939955 0.552128
vt 0.939721 0.552002
vt 0.944071 0.540645
vt 0.944266 0.540733
vt 0.940153 0.552208
vt 0.088522 0.001315
vt 0.535215 0.732304
vt 0.564854 0.743324
vt 0.535215 0.823042
vt 0.020158 0.292965
vt 0.020158 0.257891
vt 0.031615 0.262150
vt 0.927103 0.809343
vt 0.176242 0.362864
vt 0.177364 0.362864
vt 0.176242 0.385875
vt 0.636860 0.774341
vt 0.654602 0.774341
vt 0.654602 0.855711
vt 0.636860 0.855711
vt 0.062861 0.304557
vt 0.185792 0.273535
vt 0.180538 0.362864
vt 0.182312 0.362863
vt 0.180538 0.385875
vt 0.179745 0.385875
vt 0.179745 0.362864
vt 0.178158 0.362864
vt 0.178158 0.385875
vt 0.177364 0.385875
vt 0.246747 0.128575
vt 0.928881 0.077973
vt 0.931063 0.077973
vt 0.928881 0.109592
vt 0.927791 0.109592
vt 0.927791 0.077973
vt 0.410655 0.898561
vt 0.053269 0.000463
vt 0.054799 0.000273
vt 0.054799 0.018969
vt 0.421532 0.987426
vt 0.405721 0.978241
vt 0.406693 0.977704
vt 0.051155 0.018969
vt 0.051155 0.000368
vt 0.052692 0.018841
vt 0.190867 0.164759
vt 0.792797 0.942414
vt 0.795942 0.942216
vt 0.794349 0.961222
vt 0.792964 0.961170
vt 0.791423 0.942423
vt 0.002193 0.542832
vt 0.015807 0.542832
vt 0.015807 0.649160
vt 0.525004 0.539562
vt 0.525004 0.432366
vt 0.538508 0.434096
vt 0.651268 0.217198
vt 0.651268 0.323526
vt 0.637676 0.217198
vt 0.798548 0.941551
vt 0.800864 0.960455
vt 0.799845 0.960629
vt 0.797332 0.941935
vt 0.183922 0.164111
vt 0.912983 0.508330
vt 0.914521 0.508410
vt 0.912779 0.526877
vt 0.910606 0.526725
vt 0.340828 0.851056
vt 0.339331 0.832611
vt 0.341503 0.832435
vt 0.404331 0.897455
vt 0.402918 0.897802
vt 0.383637 0.880653
vt 0.388144 0.988494
vt 0.396928 0.977549
vt 0.398723 0.977623
vt 0.091200 0.018969
vt 0.091200 0.000368
vt 0.092737 0.018841
vt 0.647937 0.342603
vt 0.660752 0.448932
vt 0.647935 0.448932
vt 0.327852 0.651268
vt 0.327852 0.544940
vt 0.341441 0.651268
vt 0.334939 0.851403
vt 0.333450 0.833086
vt 0.334986 0.832962
vt 0.666021 0.321419
vt 0.653206 0.321419
vt 0.653206 0.215090
vt 0.907551 0.507786
vt 0.906262 0.526381
vt 0.904734 0.526151
vt 0.714327 0.870537
vt 0.727144 0.870537
vt 0.714327 0.933695
vt 0.269781 0.842155
vt 0.688891 0.908403
vt 0.688891 0.844631
vt 0.697636 0.907179
vt 0.888793 0.000734
vt 0.902080 0.003594
vt 0.888793 0.065338
vt 0.886684 0.693421
vt 0.886684 0.628818
vt 0.899972 0.631676
vt 0.360840 0.827003
vt 0.925264 0.533239
vt 0.917229 0.470086
vt 0.925264 0.470076
vt 0.359128 0.890943
vt 0.346337 0.890760
vt 0.346348 0.889960
vt 0.268567 0.860627
vt 0.893698 0.467901
vt 0.893592 0.404738
vt 0.905690 0.404738
vt 0.905715 0.467896
vt 0.165587 0.009198
vt 0.093681 0.040046
vt 0.096952 0.021509
vt 0.096952 0.040046
vt 0.402990 0.979176
vt 0.401452 0.962072
vt 0.402962 0.961069
vt 0.412915 0.988494
vt 0.427855 0.880643
vt 0.797572 0.960956
vt 0.799154 0.976674
vt 0.795024 0.976647
vt 0.791610 0.961263
vt 0.791807 0.976735
vt 0.485816 0.707121
vt 0.474596 0.707121
vt 0.474596 0.600793
vt 0.407212 0.589092
vt 0.407212 0.482173
vt 0.418371 0.483350
vt 0.539562 0.259156
vt 0.526080 0.364626
vt 0.526080 0.257432
vt 0.790234 0.942333
vt 0.497517 0.545993
vt 0.511108 0.545993
vt 0.511108 0.652322
vt 0.512272 0.547049
vt 0.525862 0.653375
vt 0.512271 0.653375
vt 0.887326 0.184979
vt 0.880156 0.252919
vt 0.880156 0.184222
vt 0.395858 0.977275
vt 0.395733 0.960913
vt 0.396898 0.961185
vt 0.382824 0.988264
vt 0.640839 0.000110
vt 0.654429 0.106437
vt 0.640838 0.106437
vt 0.569069 0.347493
vt 0.557126 0.453147
vt 0.557126 0.346144
vt 0.003986 0.980063
vt 0.001849 0.964336
vt 0.003317 0.964066
vt 0.005036 0.979949
vt 0.913867 0.526916
vt 0.580661 0.648106
vt 0.567071 0.648106
vt 0.567071 0.541778
vt 0.342592 0.832411
vt 0.976537 0.638622
vt 0.975459 0.638528
vt 0.977955 0.622409
vt 0.302099 0.465227
vt 0.314042 0.466576
vt 0.302099 0.572230
vt 0.542720 0.672344
vt 0.530704 0.566017
vt 0.542723 0.566017
vt 0.091903 0.531516
vt 0.105383 0.426046
vt 0.105383 0.533239
vt 0.907346 0.526497
vt 0.010163 0.978693
vt 0.007087 0.979447
vt 0.007670 0.964086
vt 0.008695 0.963835
vt 0.011188 0.978442
vt 0.336073 0.832874
vt 0.970146 0.637491
vt 0.969083 0.637284
vt 0.971985 0.622407
vt 0.975173 0.623029
vt 0.973333 0.638113
vt 0.889351 0.947819
vt 0.907143 0.963153
vt 0.906427 0.963202
vt 0.799862 0.904181
vt 0.799862 0.872561
vt 0.802043 0.872561
vt 0.805127 0.904181
vt 0.805127 0.872561
vt 0.950980 0.644945
vt 0.938757 0.644945
vt 0.938757 0.588889
vt 0.805127 0.935802
vt 0.672344 0.855711
vt 0.890731 0.947326
vt 0.908403 0.962505
vt 0.907999 0.962724
vt 0.854830 0.845173
vt 0.854830 0.763802
vt 0.872572 0.845173
vt 0.182313 0.385875
vt 0.182313 0.408887
vt 0.180538 0.408886
vt 0.023875 0.819207
vt 0.779183 0.192199
vt 0.780096 0.191900
vt 0.023992 0.818887
vt 0.039667 0.826521
vt 0.039326 0.827207
vt 0.023380 0.819763
vt 0.922967 0.665935
vt 0.935741 0.660065
vt 0.936104 0.660812
vt 0.923174 0.667439
vt 0.907571 0.659071
vt 0.927766 0.473627
vt 0.940018 0.489115
vt 0.927766 0.535346
vt 0.966758 0.029343
vt 0.977956 0.062114
vt 0.966758 0.075876
vt 0.301818 0.252920
vt 0.301818 0.220044
vt 0.314042 0.252920
vt 0.943666 0.540307
vt 0.947902 0.528881
vt 0.948538 0.529371
vt 0.061122 0.096952
vt 0.038112 0.096952
vt 0.061122 0.035060
vt 0.001757 0.866249
vt 0.135063 0.255027
vt 0.158075 0.193136
vt 0.158075 0.255027
vt 0.925353 0.109592
vt 0.925353 0.077973
vt 0.925353 0.141213
vt 0.289596 0.917683
vt 0.301818 0.917683
vt 0.301818 0.973740
vt 0.177365 0.408886
vt 0.176242 0.408886
vt 0.179745 0.408886
vt 0.178158 0.408886
vt 0.931063 0.109592
vt 0.931063 0.141213
vt 0.928881 0.141213
vt 0.334346 0.890589
vt 0.335134 0.891400
vt 0.324708 0.893649
vt 0.140791 0.168613
vt 0.142027 0.165847
vt 0.142203 0.166009
vt 0.903609 0.815738
vt 0.913497 0.815738
vt 0.913497 0.878895
vt 0.903607 0.878895
vt 0.891590 0.815738
vt 0.891590 0.878895
vt 0.398249 0.961456
vt 0.397150 0.947147
vt 0.398916 0.946528
vt 0.793123 0.976711
vt 0.787528 0.986386
vt 0.586432 0.735574
vt 0.595901 0.719876
vt 0.595421 0.721616
vt 0.785133 0.985219
vt 0.404419 0.960932
vt 0.402081 0.945448
vt 0.878231 0.001235
vt 0.885218 0.001235
vt 0.885218 0.069553
vt 0.703626 0.322582
vt 0.714498 0.428909
vt 0.703623 0.428909
vt 0.885218 0.073329
vt 0.877545 0.141213
vt 0.877545 0.072461
vt 0.801784 0.976862
vt 0.153621 0.912943
vt 0.153859 0.929479
vt 0.152098 0.913180
vt 0.153859 0.899456
vt 0.050434 0.101176
vt 0.052692 0.114472
vt 0.050434 0.115393
vt 0.813558 0.986386
vt 0.010152 0.963510
vt 0.012646 0.978117
vt 0.010621 0.951583
vt 0.365680 0.732413
vt 0.356565 0.732413
vt 0.356565 0.626085
vt 0.885217 0.324580
vt 0.879362 0.256263
vt 0.885218 0.256263
vt 0.300342 0.593416
vt 0.300342 0.699744
vt 0.289122 0.593416
vt 0.970922 0.622200
vt 0.967575 0.637022
vt 0.969414 0.621938
vt 0.969475 0.608462
vt 0.971590 0.608925
vt 0.004594 0.964840
vt 0.005232 0.950475
vt 0.007540 0.950985
vt 0.976443 0.622174
vt 0.976052 0.608788
vt 0.977135 0.607706
vt 0.915579 0.404734
vt 0.915605 0.467891
vt 0.163725 0.015272
vt 0.163212 0.015245
vt 0.401427 0.946753
vt 0.980084 0.109598
vt 0.978038 0.108316
vt 0.982225 0.095269
vt 0.983586 0.095961
vt 0.981401 0.108825
vt 0.715331 0.942526
vt 0.716293 0.929910
vt 0.718358 0.942427
vt 0.717225 0.953570
vt 0.596093 0.717822
vt 0.611222 0.719267
vt 0.611041 0.719999
vt 0.586432 0.703943
vt 0.796624 0.985956
vt 0.395671 0.946648
vt 0.394558 0.947590
vt 0.973594 0.106704
vt 0.972259 0.107446
vt 0.976002 0.095325
vt 0.977361 0.096022
vt 0.975648 0.107973
vt 0.007818 0.840957
vt 0.007818 0.808990
vt 0.010538 0.809224
vt 0.613330 0.001536
vt 0.604424 0.107491
vt 0.604424 0.000788
vt 0.968441 0.609592
vt 0.967559 0.596493
vt 0.969327 0.595868
vt 0.731359 0.639676
vt 0.722243 0.639676
vt 0.722243 0.533349
vt 0.009584 0.950496
vt 0.011006 0.939171
vt 0.012646 0.940013
vt 0.973936 0.608328
vt 0.973122 0.594971
vt 0.974518 0.594344
vt 0.907297 0.962686
vt 0.035664 0.020691
vt 0.035952 0.019803
vt 0.058889 0.028935
vt 0.058425 0.030192
vt 0.035022 0.021928
vt 0.803585 0.872561
vt 0.265724 0.283281
vt 0.265799 0.282960
vt 0.277785 0.282614
vt 0.277554 0.283016
vt 0.265595 0.283558
vt 0.033684 0.024296
vt 0.013974 0.001135
vt 0.034463 0.022792
vt 0.058666 0.032603
vt 0.013974 0.128567
vt 0.324580 0.252920
vt 0.275860 0.133147
vt 0.293683 0.136012
vt 0.872572 0.763802
vt 0.866038 0.963164
vt 0.798320 0.872561
vt 0.795882 0.872561
vt 0.265723 0.282033
vt 0.265525 0.281593
vt 0.277686 0.280532
vt 0.277813 0.280965
vt 0.265814 0.282432
vt 0.715552 0.213928
vt 0.704678 0.213928
vt 0.704678 0.107600
vt 0.701516 0.430072
vt 0.712390 0.536400
vt 0.701516 0.536400
vt 0.304836 0.893387
vt 0.307719 0.861667
vt 0.307719 0.893649
vt 0.934503 0.624854
vt 0.935299 0.634617
vt 0.933109 0.634968
vt 0.932867 0.624110
vt 0.934195 0.613875
vt 0.104235 0.284534
vt 0.104235 0.249366
vt 0.120137 0.267571
vt 0.039999 0.826078
vt 0.059132 0.826959
vt 0.059112 0.827384
vt 0.948968 0.529643
vt 0.961094 0.524381
vt 0.497408 0.000944
vt 0.497408 0.091683
vt 0.467770 0.080664
vt 0.939721 0.497517
vt 0.960372 0.523786
vt 0.960788 0.524138
vt 0.294188 0.129233
vt 0.293858 0.130484
vt 0.275960 0.126357
vt 0.324580 0.009455
vt 0.832527 0.586954
vt 0.832527 0.670237
vt 0.815193 0.666456
vt 0.070708 0.408887
vt 0.003189 0.951008
vt 0.002107 0.949979
vt 0.004255 0.936883
vt 0.007414 0.937907
vt 0.932152 0.141213
vt 0.933695 0.141213
vt 0.340411 0.131468
vt 0.340530 0.132700
vt 0.322602 0.128638
vt 0.322526 0.127765
vt 0.340375 0.130594
vt 0.293692 0.131370
vt 0.293481 0.133142
vt 0.275435 0.128502
vt 0.275581 0.127611
vt 0.293520 0.134032
vt 0.275434 0.131172
vt 0.275352 0.130283
vt 0.927791 0.141213
vt 0.340748 0.127979
vt 0.340584 0.128850
vt 0.322762 0.125138
vt 0.323368 0.123189
vt 0.341301 0.126036
vt 0.006323 0.849388
vt 0.000581 0.849388
vt 0.000581 0.781071
vt 0.723482 0.215090
vt 0.732413 0.321419
vt 0.723475 0.321419
vt 0.507798 0.739790
vt 0.507798 0.634301
vt 0.516377 0.739790
vt 0.974142 0.095520
vt 0.974279 0.083781
vt 0.975359 0.083793
vt 0.610549 0.720838
vt 0.167914 0.000663
vt 0.169621 0.000733
vt 0.168942 0.009922
vt 0.059015 0.712390
vt 0.056424 0.712390
vt 0.056424 0.680540
vt 0.300342 0.484520
vt 0.300342 0.591199
vt 0.291722 0.590497
vt 0.530571 0.788042
vt 0.533239 0.756303
vt 0.533239 0.788266
vt 0.925237 0.404730
vt 0.925264 0.467887
vt 0.874680 0.438033
vt 0.863904 0.451494
vt 0.863084 0.451917
vt 0.166505 0.021077
vt 0.163698 0.015786
vt 0.143101 0.163258
vt 0.142924 0.163096
vt 0.143321 0.160537
vt 0.902926 0.008503
vt 0.912042 0.008503
vt 0.912042 0.071661
vt 0.902926 0.071661
vt 0.923156 0.815738
vt 0.923156 0.878895
vt 0.980366 0.095477
vt 0.980243 0.083165
vt 0.982103 0.082957
vt 0.866569 0.463886
vt 0.009989 0.939418
vt 0.797499 0.683189
vt 0.800582 0.683296
vt 0.798613 0.695575
vt 0.797072 0.695522
vt 0.796701 0.683934
vt 0.970339 0.596251
vt 0.945324 0.176022
vt 0.944655 0.175093
vt 0.941505 0.161505
vt 0.944526 0.161522
vt 0.948002 0.176021
vt 0.050536 0.128567
vt 0.051759 0.847812
vt 0.053011 0.836067
vt 0.054146 0.848045
vt 0.052679 0.858165
vt 0.720821 0.953605
vt 0.720323 0.964426
vt 0.716927 0.963846
vt 0.976013 0.594673
vt 0.950556 0.177044
vt 0.949289 0.176050
vt 0.947063 0.161953
vt 0.355141 0.726090
vt 0.345382 0.726090
vt 0.345382 0.619762
vt 0.943430 0.046369
vt 0.943430 0.014384
vt 0.946341 0.014651
vt 0.721874 0.217198
vt 0.721874 0.323526
vt 0.712214 0.217198
vt 0.237052 0.740843
vt 0.237052 0.634920
vt 0.246597 0.635788
vt 0.716331 0.428909
vt 0.716331 0.322581
vt 0.726090 0.428909
vt 0.803447 0.682558
vt 0.805127 0.695765
vt 0.803238 0.695735
vt 0.802124 0.683349
vt 0.002806 0.937241
vt 0.285588 0.730305
vt 0.275929 0.730305
vt 0.275929 0.623977
vt 0.795982 0.695557
vt 0.794816 0.683817
vt 0.794816 0.706946
vt 0.536400 0.564854
vt 0.527929 0.564176
vt 0.536400 0.458188
vt 0.734524 0.104223
vt 0.742951 0.209712
vt 0.734521 0.209712
vt 0.617545 0.270240
vt 0.608926 0.376218
vt 0.608926 0.269539
vt 0.940264 0.161807
vt 0.943713 0.175385
vt 0.939397 0.162034
vt 0.934868 0.148533
vt 0.936764 0.148538
vt 0.977218 0.083586
vt 0.975178 0.072213
vt 0.978886 0.071023
vt 0.715331 0.963642
vt 0.071923 0.001202
vt 0.073768 0.000800
vt 0.073768 0.012646
vt 0.341441 0.970565
vt 0.331249 0.965500
vt 0.332050 0.965182
vt 0.170721 0.009871
vt 0.169718 0.018969
vt 0.170721 0.000100
vt 0.264990 0.864202
vt 0.273488 0.864202
vt 0.265591 0.927362
vt 0.255965 0.927372
vt 0.255874 0.864216
vt 0.143160 0.160713
vt 0.143042 0.158006
vt 0.920541 0.008503
vt 0.920541 0.071661
vt 0.274090 0.927362
vt 0.867936 0.474492
vt 0.801697 0.695682
vt 0.801270 0.708014
vt 0.797442 0.707110
vt 0.945655 0.161682
vt 0.941567 0.147706
vt 0.942400 0.147661
vt 0.984279 0.082797
vt 0.982138 0.070673
vt 0.741897 0.465793
vt 0.732854 0.465793
vt 0.732854 0.360305
vt 0.600032 0.561692
vt 0.600032 0.454974
vt 0.609114 0.455753
vt 0.236058 0.635795
vt 0.226416 0.740843
vt 0.226416 0.634910
vt 0.933705 0.644238
vt 0.935802 0.644503
vt 0.932867 0.653375
vt 0.319869 0.976865
vt 0.322646 0.968101
vt 0.324727 0.967360
vt 0.054799 0.858400
vt 0.051759 0.868357
vt 0.058308 0.031021
vt 0.072308 0.019877
vt 0.781425 0.338513
vt 0.797226 0.345290
vt 0.796704 0.346507
vt 0.071848 0.022176
vt 0.277817 0.281897
vt 0.282427 0.281434
vt 0.041833 0.100680
vt 0.042153 0.107238
vt 0.041833 0.107254
vt 0.282427 0.287516
vt 0.058987 0.028003
vt 0.036136 0.018910
vt 0.058704 0.026962
vt 0.073121 0.015797
vt 0.174099 0.130014
vt 0.174936 0.147185
vt 0.174099 0.147226
vt 0.073768 0.017257
vt 0.973322 0.072444
vt 0.972259 0.072635
vt 0.299001 0.033718
vt 0.297651 0.033667
vt 0.300492 0.023340
vt 0.302457 0.023954
vt 0.301132 0.034230
vt 0.086414 0.659698
vt 0.083869 0.627848
vt 0.086414 0.627847
vt 0.625976 0.296553
vt 0.617769 0.402564
vt 0.617769 0.295917
vt 0.077615 0.124352
vt 0.076586 0.113182
vt 0.077984 0.112528
vt 0.934075 0.149176
vt 0.916085 0.148166
vt 0.552208 0.734520
vt 0.543710 0.734520
vt 0.543710 0.628192
vt 0.314042 0.973740
vt 0.370949 0.008260
vt 0.973740 0.462517
vt 0.965213 0.501624
vt 0.965213 0.460658
vt 0.267170 0.178663
vt 0.267673 0.185209
vt 0.267169 0.185249
vt 0.277275 0.280008
vt 0.281076 0.271689
vt 0.934399 0.404671
vt 0.934399 0.347298
vt 0.946341 0.349902
vt 0.798804 0.005386
vt 0.778610 0.098006
vt 0.778610 0.000983
vt 0.401506 0.312422
vt 0.388171 0.308570
vt 0.388630 0.307550
vt 0.322872 0.129867
vt 0.296647 0.129801
vt 0.370949 0.247650
vt 0.058952 0.827958
vt 0.075789 0.828469
vt 0.048476 0.894773
vt 0.028825 0.902080
vt 0.028825 0.841920
vt 0.048476 0.834613
vt 0.963202 0.454926
vt 0.963202 0.505839
vt 0.946571 0.461109
vt 0.142704 0.158021
vt 0.142086 0.155506
vt 0.929479 0.008503
vt 0.929479 0.071661
vt 0.004215 0.012625
vt 0.003790 0.012646
vt 0.003790 0.003908
vt 0.073655 0.067445
vt 0.073655 0.059363
vt 0.073768 0.059370
vt 0.012646 0.001810
vt 0.012365 0.010538
vt 0.012345 0.001810
vt 0.876079 0.528943
vt 0.899618 0.528943
vt 0.899618 0.592253
vt 0.304694 0.166505
vt 0.304694 0.131431
vt 0.316149 0.135691
vt 0.027806 0.961094
vt 0.027806 0.905499
vt 0.048476 0.961094
vt 0.724093 0.796696
vt 0.724093 0.700547
vt 0.745059 0.796696
vt 0.377272 0.130669
vt 0.377272 0.162290
vt 0.374833 0.162290
vt 0.249526 0.132600
vt 0.248652 0.127421
vt 0.044261 0.103267
vt 0.044261 0.134890
vt 0.042719 0.134890
vt 0.249403 0.126051
vt 0.248439 0.130838
vt 0.040046 0.099060
vt 0.040046 0.130675
vt 0.037865 0.130675
vt 0.248755 0.129096
vt 0.795901 0.707056
vt 0.386714 0.411975
vt 0.385219 0.412386
vt 0.385876 0.400143
vt 0.387342 0.400649
vt 0.387810 0.411929
vt 0.322618 0.126014
vt 0.296379 0.126767
vt 0.403280 0.308531
vt 0.389492 0.305344
vt 0.389741 0.304600
vt 0.296296 0.125123
vt 0.716274 0.973740
vt 0.329415 0.966194
vt 0.329808 0.974667
vt 0.325453 0.954705
vt 0.327381 0.954047
vt 0.337869 0.971815
vt 0.940361 0.147706
vt 0.942607 0.133334
vt 0.944069 0.133059
vt 0.282427 0.864219
vt 0.017131 0.918941
vt 0.017131 0.855250
vt 0.025292 0.917877
vt 0.870099 0.484668
vt 0.870066 0.485362
vt 0.980744 0.070816
vt 0.307252 0.035614
vt 0.305496 0.034989
vt 0.308181 0.024423
vt 0.309729 0.024202
vt 0.308355 0.035830
vt 0.802811 0.708067
vt 0.803896 0.708175
vt 0.379780 0.413076
vt 0.378683 0.413102
vt 0.379483 0.400291
vt 0.380979 0.399880
vt 0.381275 0.412665
vt 0.107491 0.765082
vt 0.104760 0.765082
vt 0.104760 0.733231
vt 0.601086 0.350926
vt 0.601086 0.244208
vt 0.610168 0.244986
vt 0.115107 0.870465
vt 0.115107 0.838614
vt 0.118029 0.870465
vt 0.321586 0.967951
vt 0.318852 0.954949
vt 0.320254 0.955210
vt 0.315258 0.977955
vt 0.328773 0.954494
vt 0.101168 0.273996
vt 0.099202 0.273599
vt 0.100256 0.262963
vt 0.729251 0.923156
vt 0.726357 0.923156
vt 0.726357 0.891305
vt 0.593170 0.107491
vt 0.593170 0.000725
vt 0.602791 0.001600
vt 0.054441 0.607007
vt 0.054441 0.575157
vt 0.056907 0.607007
vt 0.742951 0.739790
vt 0.734785 0.739790
vt 0.734785 0.634300
vt 0.727144 0.106437
vt 0.718913 0.000109
vt 0.727144 0.000109
vt 0.737682 0.552103
vt 0.737682 0.657591
vt 0.728098 0.552103
vt 0.298922 0.023665
vt 0.298841 0.012025
vt 0.300710 0.012507
vt 0.141924 0.155682
vt 0.140791 0.153019
vt 0.992836 0.006092
vt 0.995486 0.006233
vt 0.995552 0.006451
vt 0.904187 0.678667
vt 0.894638 0.677207
vt 0.904187 0.614776
vt 0.463161 0.742170
vt 0.476332 0.828312
vt 0.463157 0.828312
vt 0.343549 0.711477
vt 0.341754 0.722928
vt 0.342045 0.711137
vt 0.341754 0.698423
vt 0.080739 0.249795
vt 0.079948 0.260435
vt 0.077621 0.259742
vt 0.939568 0.135080
vt 0.940050 0.122128
vt 0.306245 0.023838
vt 0.305200 0.012612
vt 0.308153 0.011839
vt 0.384380 0.400554
vt 0.385579 0.387357
vt 0.386532 0.387900
vt 0.871856 0.496709
vt 0.321798 0.954549
vt 0.320215 0.941599
vt 0.322919 0.941455
vt 0.495301 0.280824
vt 0.495301 0.386756
vt 0.485660 0.385870
vt 0.497535 0.729251
vt 0.497535 0.622923
vt 0.506893 0.729251
vt 0.378037 0.399732
vt 0.379927 0.386991
vt 0.381224 0.386142
vt 0.706846 0.108653
vt 0.716605 0.108653
vt 0.716605 0.214982
vt 0.992770 0.005875
vt 0.995420 0.006016
vt 0.998286 0.006093
vt 0.998352 0.006310
vt 0.387810 0.387406
vt 0.208423 0.756651
vt 0.206804 0.756628
vt 0.210766 0.744934
vt 0.371055 0.456028
vt 0.380136 0.456806
vt 0.371055 0.562746
vt 0.248125 0.740843
vt 0.248125 0.634968
vt 0.257135 0.635741
vt 0.717483 0.213928
vt 0.717483 0.107600
vt 0.727144 0.213928
vt 0.945812 0.132219
vt 0.950556 0.119664
vt 0.314042 0.581715
vt 0.304720 0.580894
vt 0.314042 0.474977
vt 0.056907 0.817773
vt 0.054104 0.785923
vt 0.056907 0.785923
vt 0.715277 0.532185
vt 0.715277 0.425857
vt 0.725036 0.532185
vt 0.071959 0.294532
vt 0.073768 0.281896
vt 0.073768 0.295073
vt 0.080731 0.260246
vt 0.082152 0.260959
vt 0.082132 0.275569
vt 0.080811 0.275680
vt 0.084004 0.251300
vt 0.076586 0.100433
vt 0.302271 0.012283
vt 0.300898 0.001470
vt 0.304503 0.000683
vt 0.324503 0.941837
vt 0.323061 0.264722
vt 0.324580 0.264987
vt 0.323061 0.278211
vt 0.080680 0.292965
vt 0.080680 0.279477
vt 0.082199 0.279742
vt 0.098237 0.263356
vt 0.101168 0.252617
vt 0.817773 0.633353
vt 0.804750 0.548201
vt 0.817773 0.546209
vt 0.871454 0.914726
vt 0.871454 0.850834
vt 0.881003 0.913266
vt 0.872600 0.496476
vt 0.873598 0.506435
vt 0.874680 0.510054
vt 0.022640 0.008431
vt 0.022640 0.001230
vt 0.023184 0.006733
vt 0.007956 0.008431
vt 0.007956 0.001229
vt 0.008431 0.001365
vt 0.070892 0.126240
vt 0.071661 0.114819
vt 0.071661 0.126460
vt 0.998220 0.005875
vt 0.564828 0.827573
vt 0.564548 0.826895
vt 0.575299 0.829505
vt 0.574767 0.830525
vt 0.564688 0.827842
vt 0.390971 0.457735
vt 0.389811 0.471277
vt 0.404935 0.309826
vt 0.404935 0.202770
vt 0.417317 0.308374
vt 0.114759 0.294538
vt 0.124736 0.308468
vt 0.124587 0.309282
vt 0.114668 0.296033
vt 0.297651 0.000957
vt 0.299218 0.000880
vt 0.123536 0.311415
vt 0.286642 0.165042
vt 0.284897 0.179151
vt 0.284897 0.164320
vt 0.100700 0.746113
vt 0.100700 0.715849
vt 0.103275 0.716070
vt 0.568790 0.357857
vt 0.579607 0.463633
vt 0.568790 0.464740
vt 0.286642 0.480101
vt 0.286642 0.586984
vt 0.278752 0.509839
vt 0.941531 0.267891
vt 0.952696 0.230385
vt 0.953697 0.267571
vt 0.953991 0.268783
vt 0.941979 0.269478
vt 0.082986 0.275489
vt 0.368841 0.582769
vt 0.359759 0.581990
vt 0.368841 0.476050
vt 0.573157 0.868430
vt 0.583823 0.868430
vt 0.573157 0.931587
vt 0.086414 0.737957
vt 0.086414 0.824096
vt 0.072622 0.824096
vt 0.883581 0.526916
vt 0.883581 0.460971
vt 0.893649 0.525308
vt 0.206343 0.192204
vt 0.206551 0.198317
vt 0.206446 0.198801
vt 0.999368 0.001514
vt 0.992770 0.001514
vt 0.993845 0.001254
vt 0.383131 0.387226
vt 0.203103 0.755950
vt 0.200603 0.755536
vt 0.203426 0.743246
vt 0.206945 0.744589
vt 0.205645 0.756059
vt 0.076000 0.260322
vt 0.073336 0.249795
vt 0.075954 0.275285
vt 0.170027 0.291057
vt 0.170721 0.301172
vt 0.168945 0.301396
vt 0.168590 0.290123
vt 0.170721 0.279574
vt 0.942884 0.121674
vt 0.309826 0.012660
vt 0.308486 0.000678
vt 0.225520 0.739790
vt 0.215488 0.739790
vt 0.215488 0.634301
vt 0.593778 0.312988
vt 0.593778 0.206179
vt 0.603845 0.207138
vt 0.273996 0.633246
vt 0.273996 0.738736
vt 0.264712 0.633246
vt 0.317911 0.940957
vt 0.096952 0.631127
vt 0.096952 0.644945
vt 0.095890 0.632244
vt 0.096162 0.618734
vt 0.888873 0.978317
vt 0.882563 0.974308
vt 0.882920 0.972537
vt 0.315258 0.930190
vt 0.809342 0.205497
vt 0.794998 0.120560
vt 0.809342 0.118137
vt 0.564548 0.889434
vt 0.699950 0.744281
vt 0.714498 0.830419
vt 0.699950 0.830419
vt 0.739790 0.843898
vt 0.730020 0.906295
vt 0.730020 0.842368
vt 0.443876 0.744278
vt 0.457363 0.830419
vt 0.443875 0.830419
vt 0.208939 0.744520
vt 0.069553 0.015936
vt 0.068319 0.016861
vt 0.068319 0.001442
vt 0.164398 0.953386
vt 0.147967 0.947690
vt 0.148534 0.947278
vt 0.175535 0.292644
vt 0.177044 0.278134
vt 0.177044 0.292965
vt 0.322491 0.930508
vt 0.131787 0.270854
vt 0.134890 0.258096
vt 0.134890 0.271888
vt 0.882328 0.968366
vt 0.866997 0.969842
vt 0.865898 0.967482
vt 0.881692 0.966969
vt 0.889434 0.955924
vt 0.574594 0.828808
vt 0.573295 0.820442
vt 0.585630 0.827414
vt 0.076878 0.276075
vt 0.075769 0.286642
vt 0.958148 0.281114
vt 0.958170 0.271189
vt 0.960000 0.270935
vt 0.064204 0.286161
vt 0.865611 0.966506
vt 0.881581 0.966200
vt 0.364626 0.288067
vt 0.363535 0.288067
vt 0.364626 0.272647
vt 0.562746 0.862034
vt 0.551440 0.862034
vt 0.551440 0.786086
vt 0.459470 0.832527
vt 0.447461 0.751853
vt 0.459470 0.750154
vt 0.306753 0.001119
vt 0.130675 0.147536
vt 0.128982 0.146699
vt 0.130675 0.131925
vt 0.114668 0.328795
vt 0.123287 0.315748
vt 0.123813 0.316562
vt 0.036442 0.016861
vt 0.036442 0.000947
vt 0.037938 0.016488
vt 0.955088 0.270715
vt 0.955262 0.268533
vt 0.956138 0.269118
vt 0.950800 0.280770
vt 0.096952 0.285104
vt 0.073896 0.124352
vt 0.073896 0.108740
vt 0.075876 0.123438
vt 0.122704 0.313701
vt 0.143700 0.313334
vt 0.144164 0.315366
vt 0.115063 0.321627
vt 0.118029 0.016861
vt 0.115059 0.002621
vt 0.118029 0.001250
vt 0.572664 0.820029
vt 0.992770 0.000840
vt 0.992955 0.000561
vt 0.996345 0.000608
vt 0.996160 0.000887
vt 0.996160 0.009011
vt 0.992770 0.008965
vt 0.996392 0.008965
vt 0.229735 0.254950
vt 0.229735 0.269781
vt 0.226609 0.268819
vt 0.145341 0.948681
vt 0.143289 0.959497
vt 0.142424 0.948450
vt 0.143127 0.947174
vt 0.145280 0.946440
vt 0.146450 0.946715
vt 0.154243 0.957754
vt 0.044261 0.693421
vt 0.041393 0.693421
vt 0.041393 0.663267
vt 0.531131 0.053375
vt 0.531131 0.160182
vt 0.521063 0.159225
vt 0.509669 0.158141
vt 0.512242 0.131082
vt 0.197330 0.252920
vt 0.197330 0.172951
vt 0.208659 0.251281
vt 0.881777 0.975493
vt 0.865072 0.974164
vt 0.865767 0.973100
vt 0.889434 0.984279
vt 0.206448 0.205882
vt 0.206171 0.211892
vt 0.995929 0.009072
vt 0.996160 0.009121
vt 0.992770 0.009121
vt 0.596723 0.825997
vt 0.602791 0.863468
vt 0.588202 0.863824
vt 0.569489 0.865328
vt 0.202380 0.743681
vt 0.199412 0.756417
vt 0.201636 0.743417
vt 0.084306 0.174936
vt 0.082781 0.174708
vt 0.084306 0.159325
vt 0.129832 0.963202
vt 0.141620 0.948068
vt 0.199412 0.731074
vt 0.145068 0.309939
vt 0.145429 0.308672
vt 0.304835 0.711506
vt 0.303349 0.711097
vt 0.311448 0.696193
vt 0.312935 0.696602
vt 0.306042 0.712959
vt 0.143750 0.311176
vt 0.314835 0.698129
vt 0.308173 0.713421
vt 0.363095 0.272462
vt 0.360953 0.288750
vt 0.361566 0.272260
vt 0.135660 0.287771
vt 0.137198 0.287887
vt 0.136634 0.305495
vt 0.135097 0.305378
vt 0.134123 0.287654
vt 0.001462 0.753042
vt 0.014754 0.674738
vt 0.014754 0.770351
vt 0.778664 0.330366
vt 0.778664 0.301497
vt 0.780659 0.302897
vt 0.780464 0.328723
vt 0.375164 0.265135
vt 0.373251 0.264636
vt 0.375164 0.250701
vt 0.853603 0.305714
vt 0.841155 0.307719
vt 0.841155 0.228406
vt 0.786340 0.579804
vt 0.800912 0.665655
vt 0.786340 0.668129
vt 0.750328 0.718942
vt 0.750328 0.805127
vt 0.749886 0.770223
vt 0.935802 0.951852
vt 0.935802 0.990601
vt 0.923324 0.988989
vt 0.924000 0.951895
vt 0.206551 0.205398
vt 0.152650 0.381626
vt 0.150038 0.383595
vt 0.152533 0.368183
vt 0.153607 0.367997
vt 0.154238 0.380603
vt 0.956515 0.232689
vt 0.959151 0.233848
vt 0.955653 0.267204
vt 0.062874 0.930464
vt 0.070564 0.899792
vt 0.080091 0.934781
vt 0.079695 0.937187
vt 0.062478 0.932870
vt 0.150100 0.368021
vt 0.064247 0.000432
vt 0.061809 0.018969
vt 0.061809 0.000432
vt 0.146554 0.945370
vt 0.145407 0.944795
vt 0.065338 0.000432
vt 0.064247 0.018969
vt 0.956880 0.267083
vt 0.866341 0.971763
vt 0.358804 0.288381
vt 0.357274 0.288180
vt 0.359416 0.271892
vt 0.996577 0.000561
vt 0.999969 0.000608
vt 0.999782 0.000887
vt 0.140107 0.924328
vt 0.141098 0.924294
vt 0.143096 0.943680
vt 0.137765 0.924435
vt 0.782009 0.303644
vt 0.784177 0.303873
vt 0.781549 0.328837
vt 0.962653 0.234310
vt 0.958569 0.266823
vt 0.958310 0.269286
vt 0.749456 0.344290
vt 0.766135 0.344290
vt 0.749456 0.447878
vt 0.776759 0.202336
vt 0.776759 0.104693
vt 0.792481 0.104693
vt 0.624262 0.745059
vt 0.624262 0.640136
vt 0.640729 0.742407
vt 0.311472 0.439535
vt 0.290720 0.441629
vt 0.290028 0.440699
vt 0.310885 0.438641
vt 0.309961 0.695784
vt 0.111706 0.294231
vt 0.111706 0.322472
vt 0.099653 0.315705
vt 0.448540 0.946342
vt 0.447869 0.977955
vt 0.430794 0.945964
vt 0.430644 0.943531
vt 0.448390 0.943908
vt 0.155734 0.367514
vt 0.062280 0.936135
vt 0.062412 0.933958
vt 0.078409 0.940387
vt 0.078343 0.941475
vt 0.062149 0.938312
vt 0.157860 0.367030
vt 0.156364 0.380120
vt 0.961253 0.269259
vt 0.969525 0.281704
vt 0.968715 0.282427
vt 0.959336 0.269341
vt 0.959459 0.267304
vt 0.969525 0.234595
vt 0.144580 0.316383
vt 0.803905 0.673786
vt 0.818827 0.673786
vt 0.818827 0.760866
vt 0.838347 0.105383
vt 0.844002 0.026139
vt 0.857819 0.026139
vt 0.357249 0.581715
vt 0.348778 0.503023
vt 0.357249 0.474773
vt 0.204131 0.739790
vt 0.206288 0.212874
vt 0.935058 0.662114
vt 0.946341 0.648088
vt 0.935800 0.663048
vt 0.921114 0.668820
vt 0.963202 0.694484
vt 0.947562 0.699744
vt 0.947562 0.647976
vt 0.911524 0.989030
vt 0.911393 0.951938
vt 0.372479 0.250973
vt 0.372387 0.264558
vt 0.371169 0.250982
vt 0.941309 0.955625
vt 0.941778 0.955396
vt 0.948101 0.966092
vt 0.946247 0.965926
vt 0.939496 0.955881
vt 0.079629 0.938275
vt 0.448213 0.942833
vt 0.431542 0.942277
vt 0.431186 0.940125
vt 0.448932 0.940503
vt 0.963567 0.313611
vt 0.977955 0.307555
vt 0.977955 0.347764
vt 0.016788 0.189690
vt 0.016788 0.152623
vt 0.018969 0.153713
vt 0.140446 0.946735
vt 0.129832 0.906660
vt 0.141869 0.944563
vt 0.142198 0.946677
vt 0.962075 0.312202
vt 0.963189 0.312102
vt 0.138172 0.305611
vt 0.139360 0.288171
vt 0.140476 0.304814
vt 0.354087 0.766909
vt 0.352101 0.768323
vt 0.348330 0.751254
vt 0.232136 0.143398
vt 0.235274 0.157615
vt 0.234080 0.158450
vt 0.263458 0.220617
vt 0.261929 0.238166
vt 0.261929 0.220416
vt 0.993002 0.008858
vt 0.996392 0.008904
vt 0.992770 0.008904
vt 0.079184 0.894843
vt 0.078543 0.893656
vt 0.072392 0.878627
vt 0.073815 0.881437
vt 0.080091 0.895757
vt 0.783718 0.329065
vt 0.787030 0.306096
vt 0.786141 0.328794
vt 0.370326 0.264321
vt 0.368013 0.265059
vt 0.367535 0.250677
vt 0.157690 0.380907
vt 0.160182 0.366287
vt 0.160182 0.383528
vt 0.965013 0.234639
vt 0.135895 0.921044
vt 0.078908 0.541378
vt 0.078908 0.524145
vt 0.080091 0.541296
vt 0.080091 0.558531
vt 0.187273 0.805197
vt 0.167481 0.792489
vt 0.169011 0.792207
vt 0.083469 0.018659
vt 0.083469 0.001446
vt 0.084307 0.018618
vt 0.084307 0.035830
vt 0.073125 0.019060
vt 0.281627 0.274814
vt 0.166185 0.136761
vt 0.166186 0.130187
vt 0.166505 0.136745
vt 0.166505 0.143321
vt 0.318189 0.398267
vt 0.320365 0.429813
vt 0.318189 0.429963
vt 0.109147 0.212645
vt 0.109147 0.206062
vt 0.109598 0.212614
vt 0.109598 0.219197
vt 0.383247 0.511214
vt 0.382917 0.509683
vt 0.387810 0.511030
vt 0.386747 0.511342
vt 0.382917 0.616491
vt 0.520095 0.838850
vt 0.520095 0.760504
vt 0.522700 0.760590
vt 0.357010 0.271503
vt 0.355744 0.287991
vt 0.355479 0.271313
vt 0.141784 0.288437
vt 0.143321 0.288560
vt 0.142013 0.304936
vt 0.162711 0.309039
vt 0.168613 0.311934
vt 0.162584 0.309332
vt 0.156680 0.306436
vt 0.168613 0.278782
vt 0.350790 0.404671
vt 0.363975 0.299922
vt 0.745869 0.067445
vt 0.745869 0.037326
vt 0.752436 0.067445
vt 0.282418 0.290857
vt 0.129621 0.533239
vt 0.106370 0.533239
vt 0.106370 0.426603
vt 0.468955 0.361995
vt 0.468955 0.470009
vt 0.446471 0.465107
vt 0.857819 0.357439
vt 0.857819 0.436286
vt 0.840626 0.357439
vt 0.146104 0.816719
vt 0.162575 0.793599
vt 0.163375 0.793555
vt 0.456525 0.216779
vt 0.456525 0.199565
vt 0.457363 0.216738
vt 0.457363 0.233950
vt 0.812504 0.353284
vt 0.781425 0.425748
vt 0.404671 0.111706
vt 0.381659 0.006172
vt 0.404671 0.006172
vt 0.290921 0.835187
vt 0.307719 0.758148
vt 0.307719 0.838850
vt 0.011117 0.311934
vt 0.011117 0.294183
vt 0.012646 0.294384
vt 0.292612 0.014546
vt 0.295073 0.000376
vt 0.294429 0.014817
vt 0.293087 0.026345
vt 0.752847 0.672032
vt 0.767189 0.672032
vt 0.767189 0.775620
vt 0.752847 0.775620
vt 0.096952 0.298070
vt 0.096602 0.327700
vt 0.092062 0.324710
vt 0.090048 0.325926
vt 0.067389 0.329627
vt 0.413672 0.823257
vt 0.426033 0.811308
vt 0.438394 0.824096
vt 0.785919 0.813540
vt 0.809584 0.848322
vt 0.809263 0.849690
vt 0.075876 0.828199
vt 0.849203 0.848655
vt 0.849238 0.848828
vt 0.809437 0.849859
vt 0.785919 0.885218
vt 0.948618 0.055311
vt 0.965310 0.061350
vt 0.948618 0.107491
vt 0.967417 0.360922
vt 0.967417 0.413102
vt 0.950726 0.407064
vt 0.936225 0.401818
vt 0.961094 0.131932
vt 0.961094 0.183367
vt 0.946383 0.136556
vt 0.923156 0.592253
vt 0.311533 0.006600
vt 0.312904 0.013511
vt 0.312663 0.013522
vt 0.311261 0.006552
vt 0.316149 0.000083
vt 0.430122 0.977578
vt 0.904269 0.333011
vt 0.904269 0.301389
vt 0.918610 0.301389
vt 0.918610 0.333011
vt 0.253799 0.121975
vt 0.260021 0.108650
vt 0.256187 0.122466
vt 0.796410 0.316834
vt 0.787029 0.330053
vt 0.366374 0.265186
vt 0.365830 0.250775
vt 0.821982 0.110962
vt 0.853603 0.110962
vt 0.821982 0.196013
vt 0.050584 0.948448
vt 0.050584 0.886090
vt 0.073768 0.886090
vt 0.121752 0.893649
vt 0.121752 0.827617
vt 0.143321 0.885630
vt 0.297573 0.123296
vt 0.390242 0.302933
vt 0.403617 0.307008
vt 0.366141 0.294310
vt 0.403617 0.198009
vt 0.874587 0.950556
vt 0.874587 0.919729
vt 0.881003 0.921129
vt 0.158261 0.113014
vt 0.181259 0.007542
vt 0.181259 0.118029
vt 0.404671 0.002018
vt 0.404671 0.003605
vt 0.381659 0.002018
vt 0.381659 0.001224
vt 0.404671 0.001224
vt 0.131692 0.172826
vt 0.132783 0.172826
vt 0.131692 0.204443
vt 0.404671 0.004397
vt 0.381659 0.004397
vt 0.381659 0.003605
vt 0.027400 0.177044
vt 0.026309 0.177044
vt 0.027400 0.145426
vt 0.296053 0.128481
vt 0.388903 0.306811
vt 0.402095 0.311332
vt 0.364520 0.298121
vt 0.365114 0.296656
vt 0.402948 0.310022
vt 0.316320 0.698544
vt 0.322215 0.683132
vt 0.748220 0.000248
vt 0.746247 0.014513
vt 0.746355 0.002077
vt 0.318893 0.696843
vt 0.313959 0.710353
vt 0.310541 0.713999
vt 0.289867 0.438739
vt 0.109598 0.115540
vt 0.108104 0.115921
vt 0.108104 0.103441
vt 0.279023 0.424241
vt 0.290867 0.437076
vt 0.310758 0.437495
vt 0.061822 0.940728
vt 0.071529 0.942534
vt 0.837484 0.652793
vt 0.845173 0.652793
vt 0.837484 0.733467
vt 0.857819 0.305611
vt 0.845745 0.230628
vt 0.857819 0.228684
vt 0.638622 0.749746
vt 0.625631 0.830419
vt 0.625631 0.746349
vt 0.946341 0.708175
vt 0.952044 0.944233
vt 0.952044 0.895165
vt 0.965310 0.895165
vt 0.807811 0.971632
vt 0.807811 0.923720
vt 0.819881 0.968369
vt 0.069553 0.322472
vt 0.069245 0.309206
vt 0.069553 0.307047
vt 0.911062 0.669271
vt 0.260975 0.109861
vt 0.257141 0.123677
vt 0.798804 0.316375
vt 0.787713 0.330903
vt 0.365766 0.265566
vt 0.364729 0.261603
vt 0.291202 0.436340
vt 0.311934 0.436023
vt 0.997064 0.003027
vt 0.993943 0.004144
vt 0.998500 0.002079
vt 0.992770 0.005494
vt 0.998500 0.005814
vt 0.212744 0.145708
vt 0.214982 0.144741
vt 0.214982 0.164398
vt 0.072005 0.878480
vt 0.071220 0.876371
vt 0.071807 0.876162
vt 0.948530 0.964711
vt 0.943128 0.954714
vt 0.949596 0.962417
vt 0.953998 0.971791
vt 0.954549 0.973740
vt 0.032162 0.644699
vt 0.033689 0.644488
vt 0.046369 0.747307
vt 0.032162 0.749274
vt 0.789320 0.552572
vt 0.775800 0.650214
vt 0.775800 0.552572
vt 0.943277 0.972704
vt 0.934107 0.873417
vt 0.946341 0.881003
vt 0.933039 0.875611
vt 0.932391 0.874210
vt 0.931745 0.872809
vt 0.946341 0.825862
vt 0.363918 0.972910
vt 0.355905 0.986386
vt 0.362626 0.973635
vt 0.363444 0.972539
vt 0.365310 0.971106
vt 0.372331 0.972236
vt 0.279023 0.457363
vt 0.078162 0.942550
vt 0.070451 0.943637
vt 0.826204 0.499498
vt 0.825003 0.499516
vt 0.825003 0.418833
vt 0.642837 0.755597
vt 0.633008 0.652478
vt 0.642837 0.651541
vt 0.346175 0.751591
vt 0.350593 0.768644
vt 0.345139 0.751929
vt 0.090823 0.148836
vt 0.091375 0.148873
vt 0.088489 0.159276
vt 0.239220 0.157686
vt 0.236832 0.169651
vt 0.234802 0.170704
vt 0.234978 0.171637
vt 0.295073 0.026534
vt 0.294494 0.027400
vt 0.776674 0.316890
vt 0.775132 0.420479
vt 0.775132 0.316890
vt 0.103365 0.974530
vt 0.102320 0.974027
vt 0.102796 0.972648
vt 0.351315 0.775237
vt 0.348907 0.775620
vt 0.143321 0.298434
vt 0.364036 0.262462
vt 0.272508 0.360020
vt 0.272613 0.358564
vt 0.273467 0.358399
vt 0.277026 0.369781
vt 0.946800 0.943550
vt 0.952106 0.951342
vt 0.944566 0.953787
vt 0.259306 0.123934
vt 0.260388 0.124062
vt 0.430926 0.939066
vt 0.448130 0.935970
vt 0.448710 0.938337
vt 0.448754 0.939427
vt 0.772128 0.649904
vt 0.774566 0.649904
vt 0.772128 0.753489
vt 0.771037 0.753489
vt 0.771038 0.649904
vt 0.362522 0.972434
vt 0.362633 0.971911
vt 0.314817 0.711635
vt 0.315064 0.716124
vt 0.499952 0.732802
vt 0.503731 0.732802
vt 0.503731 0.819881
vt 0.250812 0.824096
vt 0.246589 0.745833
vt 0.249987 0.745797
vt 0.250812 0.745789
vt 0.387059 0.512404
vt 0.465793 0.642516
vt 0.463356 0.642573
vt 0.464790 0.641339
vt 0.234891 0.172952
vt 0.236001 0.173004
vt 0.232136 0.261350
vt 0.695529 0.750328
vt 0.693092 0.646754
vt 0.695529 0.646697
vt 0.465793 0.746113
vt 0.943978 0.825254
vt 0.930250 0.872425
vt 0.942483 0.824869
vt 0.996042 0.008132
vt 0.992770 0.007042
vt 0.997132 0.007042
vt 0.094686 0.330860
vt 0.092102 0.327858
vt 0.092361 0.326587
vt 0.096952 0.333011
vt 0.069895 0.873397
vt 0.892313 0.471631
vt 0.895757 0.471462
vt 0.895757 0.520593
vt 0.491085 0.843065
vt 0.488652 0.794044
vt 0.491085 0.793899
vt 0.785187 0.948448
vt 0.785187 0.899295
vt 0.788266 0.948254
vt 0.467901 0.644621
vt 0.466857 0.748220
vt 0.466811 0.644621
vt 0.261014 0.105736
vt 0.262063 0.106033
vt 0.260593 0.107218
vt 0.921049 0.333011
vt 0.261642 0.107516
vt 0.258839 0.106518
vt 0.446552 0.934111
vt 0.078350 0.944981
vt 0.079623 0.947061
vt 0.062240 0.948549
vt 0.062049 0.947019
vt 0.061857 0.945489
vt 0.363482 0.971494
vt 0.364130 0.969255
vt 0.092111 0.149097
vt 0.092888 0.149392
vt 0.093791 0.149656
vt 0.090383 0.161597
vt 0.087108 0.160927
vt 0.236366 0.171708
vt 0.086904 0.161889
vt 0.093791 0.241327
vt 0.766341 0.316890
vt 0.067445 0.743131
vt 0.067445 0.824096
vt 0.060624 0.823517
vt 0.494533 0.859926
vt 0.494533 0.783977
vt 0.505839 0.859926
vt 0.367497 0.868357
vt 0.366580 0.852968
vt 0.368102 0.852722
vt 0.369019 0.868112
vt 0.092152 0.973635
vt 0.091931 0.972225
vt 0.369624 0.852477
vt 0.370541 0.867867
vt 0.091343 0.971389
vt 0.372521 0.791406
vt 0.392025 0.803019
vt 0.373686 0.793792
vt 0.392025 0.776915
vt 0.931970 0.877805
vt 0.931320 0.874416
vt 0.930753 0.873267
vt 0.276418 0.354107
vt 0.275321 0.354039
vt 0.289186 0.374702
vt 0.287651 0.374856
vt 0.289185 0.359281
vt 0.290719 0.359127
vt 0.290720 0.374547
vt 0.277789 0.354077
vt 0.375164 0.968718
vt 0.029507 0.000579
vt 0.029507 0.014754
vt 0.028417 0.000579
vt 0.745157 0.014461
vt 0.743293 0.014371
vt 0.744138 0.001352
vt 0.748220 0.025292
vt 0.316587 0.716364
vt 0.318110 0.716605
vt 0.346092 0.212053
vt 0.347626 0.212207
vt 0.346092 0.227474
vt 0.344557 0.227319
vt 0.344558 0.211899
vt 0.741912 0.001246
vt 0.320888 0.698246
vt 0.323044 0.698572
vt 0.321508 0.716019
vt 0.109561 0.969590
vt 0.091238 0.967632
vt 0.109502 0.967717
vt 0.346802 0.769330
vt 0.344245 0.768560
vt 0.343612 0.752143
vt 0.768599 0.753489
vt 0.929678 0.875352
vt 0.930442 0.876693
vt 0.956879 0.973476
vt 0.956033 0.972734
vt 0.954162 0.963860
vt 0.383971 0.687472
vt 0.398348 0.685332
vt 0.398348 0.784051
vt 0.768600 0.649904
vt 0.747166 0.504387
vt 0.747166 0.609114
vt 0.731914 0.506657
vt 0.120710 0.016861
vt 0.120710 0.001442
vt 0.122244 0.001596
vt 0.363468 0.969757
vt 0.355905 0.957378
vt 0.818826 0.175990
vt 0.805865 0.088911
vt 0.818827 0.088911
vt 0.480089 0.859926
vt 0.480089 0.781623
vt 0.491085 0.859926
vt 0.259243 0.280319
vt 0.257753 0.265847
vt 0.259243 0.265447
vt 0.054799 0.157372
vt 0.054799 0.168613
vt 0.053673 0.157673
vt 0.287651 0.359436
vt 0.841947 0.541350
vt 0.853603 0.541350
vt 0.853603 0.619653
vt 0.174936 0.012396
vt 0.172972 0.001163
vt 0.174612 0.003265
vt 0.325884 0.731125
vt 0.319811 0.740255
vt 0.325312 0.729111
vt 0.335958 0.720951
vt 0.336385 0.721241
vt 0.327912 0.732236
vt 0.172972 0.012646
vt 0.094845 0.096952
vt 0.077263 0.096952
vt 0.094845 0.047886
vt 0.262587 0.759812
vt 0.956879 0.709099
vt 0.956879 0.760866
vt 0.941239 0.714358
vt 0.363527 0.208350
vt 0.363527 0.192930
vt 0.365061 0.193084
vt 0.365061 0.208504
vt 0.833952 0.002842
vt 0.834306 0.001694
vt 0.845173 0.004417
vt 0.833952 0.084306
vt 0.855687 0.571177
vt 0.855687 0.494483
vt 0.866249 0.495966
vt 0.838850 0.186999
vt 0.838850 0.267673
vt 0.826841 0.186999
vt 0.057213 0.867033
vt 0.080091 0.828445
vt 0.147536 0.745526
vt 0.147536 0.794589
vt 0.145098 0.794589
vt 0.766858 0.211508
vt 0.769297 0.211508
vt 0.766858 0.315096
vt 0.751439 0.211508
vt 0.263458 0.108032
vt 0.263458 0.124352
vt 0.261923 0.124206
vt 0.262515 0.109792
vt 0.951028 0.962702
vt 0.952896 0.963539
vt 0.281326 0.355178
vt 0.279845 0.370583
vt 0.954621 0.952075
vt 0.342076 0.768788
vt 0.109322 0.965953
vt 0.091631 0.966450
vt 0.091531 0.965459
vt 0.109598 0.965177
vt 0.340541 0.768932
vt 0.342076 0.752287
vt 0.340541 0.752432
vt 0.748581 0.566650
vt 0.765082 0.566650
vt 0.765082 0.670237
vt 0.751439 0.315096
vt 0.734937 0.211508
vt 0.055229 0.868302
vt 0.053582 0.869169
vt 0.992801 0.000265
vt 0.992834 0.000030
vt 0.996386 0.000265
vt 0.996353 0.000500
vt 0.992770 0.000500
vt 0.035830 0.134890
vt 0.020526 0.134890
vt 0.035830 0.085823
vt 0.958987 0.891541
vt 0.943347 0.845034
vt 0.958987 0.839774
vt 0.015385 0.132782
vt 0.018969 0.122126
vt 0.018969 0.132783
vt 0.955908 0.952282
vt 0.956879 0.952298
vt 0.063606 0.951716
vt 0.366595 0.193238
vt 0.369988 0.192621
vt 0.366595 0.208659
vt 0.282939 0.370700
vt 0.282995 0.355206
vt 0.284534 0.354985
vt 0.284534 0.370949
vt 0.430530 0.937577
vt 0.430122 0.936089
vt 0.445966 0.931745
vt 0.347626 0.227628
vt 0.351019 0.211590
vt 0.351019 0.227011
vt 0.313306 0.170049
vt 0.316729 0.169635
vt 0.313673 0.184592
vt 0.312145 0.184385
vt 0.311777 0.169842
vt 0.373047 0.852891
vt 0.373056 0.838260
vt 0.970822 0.656354
vt 0.970876 0.670902
vt 0.969355 0.671153
vt 0.969301 0.656605
vt 0.011134 0.071069
vt 0.012646 0.070765
vt 0.012646 0.086414
vt 0.080936 0.982171
vt 0.776892 0.449986
vt 0.776892 0.352343
vt 0.791427 0.352343
vt 0.114369 0.754543
vt 0.114369 0.649815
vt 0.129621 0.752272
vt 0.740819 0.014413
vt 0.740482 0.000971
vt 0.080936 0.953463
vt 0.968326 0.641216
vt 0.967779 0.656857
vt 0.966805 0.641467
vt 0.310616 0.184178
vt 0.310249 0.169635
vt 0.311871 0.197914
vt 0.854196 0.651129
vt 0.864142 0.652453
vt 0.854196 0.727144
vt 0.143321 0.747722
vt 0.143116 0.824341
vt 0.133096 0.822979
vt 0.798167 0.231843
vt 0.798167 0.144764
vt 0.810396 0.231843
vt 0.368102 0.838178
vt 0.366580 0.838424
vt 0.115921 0.037436
vt 0.114463 0.037938
vt 0.114463 0.023721
vt 0.975848 0.671090
vt 0.974142 0.684777
vt 0.973073 0.684990
vt 0.974310 0.671210
vt 0.369625 0.837933
vt 0.336268 0.718297
vt 0.340499 0.659848
vt 0.075185 0.959199
vt 0.075876 0.996283
vt 0.063405 0.996515
vt 0.062714 0.959430
vt 0.063405 0.958492
vt 0.075876 0.958260
vt 0.294112 0.375164
vt 0.294111 0.359744
vt 0.295645 0.359589
vt 0.295646 0.375010
vt 0.070534 0.159781
vt 0.071661 0.159479
vt 0.071661 0.170721
vt 0.136998 0.166505
vt 0.133584 0.152366
vt 0.136998 0.151878
vt 0.179151 0.170201
vt 0.179151 0.181259
vt 0.176571 0.170569
vt 0.445558 0.930258
vt 0.079882 0.949485
vt 0.080091 0.951013
vt 0.063815 0.953243
vt 0.970700 0.684432
vt 0.133198 0.824105
vt 0.143219 0.825467
vt 0.143321 0.826593
vt 0.133301 0.825231
vt 0.090629 0.275705
vt 0.089140 0.276104
vt 0.089146 0.261231
vt 0.009353 0.139106
vt 0.009353 0.127775
vt 0.010538 0.127966
vt 0.841718 0.430928
vt 0.832130 0.426536
vt 0.842243 0.429928
vt 0.851496 0.433506
vt 0.850970 0.434508
vt 0.841192 0.431930
vt 0.831605 0.427536
vt 0.323044 0.716154
vt 0.324580 0.698707
vt 0.324580 0.716289
vt 0.352553 0.211745
vt 0.354087 0.211899
vt 0.352553 0.227165
vt 0.362518 0.759812
vt 0.624724 0.944233
vt 0.633314 0.916457
vt 0.634407 0.925362
vt 0.631621 0.908140
vt 0.629923 0.900415
vt 0.627626 0.893276
vt 0.624724 0.887317
vt 0.748413 0.564854
vt 0.748413 0.460198
vt 0.754543 0.470534
vt 0.318257 0.387810
vt 0.225844 0.360951
vt 0.235472 0.358490
vt 0.221307 0.370336
vt 0.211407 0.376596
vt 0.204665 0.387810
vt 0.302350 0.314042
vt 0.189062 0.305728
vt 0.312988 0.305728
vt 0.177044 0.736933
vt 0.176464 0.750328
vt 0.176464 0.723444
vt 0.000598 0.001311
vt 0.014754 0.117185
vt 0.007109 0.126514
vt 0.001256 0.133370
vt 0.000598 0.134890
vt 0.191855 0.280058
vt 0.296127 0.303503
vt 0.183967 0.303503
vt 0.438394 0.799359
vt 0.999937 0.000500
vt 0.980550 0.865973
vt 0.967918 0.864135
vt 0.980728 0.865143
vt 0.992709 0.865973
vt 0.980550 0.904187
vt 0.967700 0.904187
vt 0.967700 0.865973
vt 0.100326 0.086414
vt 0.100326 0.073563
vt 0.101168 0.073676
vt 0.996417 0.000030
vt 0.999970 0.000265
vt 0.369988 0.208042
vt 0.371522 0.192775
vt 0.371522 0.208196
vt 0.111706 0.012646
vt 0.110520 0.012455
vt 0.111706 0.001316
vt 0.155967 0.139106
vt 0.153569 0.128712
vt 0.155967 0.127913
vt 0.073328 0.172828
vt 0.073328 0.160939
vt 0.075876 0.171979
vt 0.297180 0.374855
vt 0.297180 0.359435
vt 0.855711 0.759150
vt 0.844181 0.760866
vt 0.844181 0.681700
vt 0.155494 0.639990
vt 0.172828 0.742117
vt 0.155494 0.745059
vt 0.859926 0.459150
vt 0.846641 0.537454
vt 0.846636 0.459150
vt 0.539562 0.866249
vt 0.529449 0.866249
vt 0.529449 0.790301
vt 0.831605 0.507947
vt 0.102666 0.237820
vt 0.105383 0.216456
vt 0.105383 0.238166
vt 0.066892 0.129688
vt 0.092625 0.127652
vt 0.092085 0.128822
vt 0.067716 0.131719
vt 0.160182 0.014252
vt 0.158724 0.014754
vt 0.158724 0.000535
vt 0.461578 0.642273
vt 0.461578 0.747166
vt 0.445283 0.744570
vt 0.834634 0.674749
vt 0.822756 0.754543
vt 0.822756 0.672980
vt 0.823051 0.671817
vt 0.373056 0.192930
vt 0.064024 0.954771
vt 0.084307 0.122244
vt 0.080724 0.122244
vt 0.080724 0.099748
vt 0.051625 0.957784
vt 0.051502 0.956970
vt 0.063282 0.957677
vt 0.075753 0.957445
vt 0.252616 0.795643
vt 0.252616 0.702114
vt 0.264512 0.795643
vt 0.568784 0.985217
vt 0.577436 0.976735
vt 0.578493 0.976930
vt 0.070357 0.149644
vt 0.070357 0.137707
vt 0.071661 0.149157
vt 0.313399 0.198120
vt 0.951891 0.347089
vt 0.942404 0.334405
vt 0.952743 0.347117
vt 0.948044 0.360586
vt 0.277104 0.269249
vt 0.264442 0.261021
vt 0.264768 0.259762
vt 0.278211 0.268814
vt 0.051605 0.996734
vt 0.050916 0.959650
vt 0.995620 0.001575
vt 0.998819 0.001796
vt 0.995573 0.001796
vt 0.088006 0.100006
vt 0.088193 0.100005
vt 0.088860 0.103402
vt 0.948654 0.534755
vt 0.963202 0.534755
vt 0.948654 0.583822
vt 0.992709 0.904187
vt 0.169595 0.147135
vt 0.170721 0.146833
vt 0.170717 0.158075
vt 0.280938 0.151634
vt 0.282427 0.166106
vt 0.280938 0.166505
vt 0.695529 0.834634
vt 0.684349 0.833457
vt 0.695345 0.833484
vt 0.317096 0.184178
vt 0.318257 0.169842
vt 0.110184 0.100315
vt 0.111706 0.086013
vt 0.111706 0.100561
vt 0.111134 0.113814
vt 0.955132 0.338222
vt 0.955583 0.348149
vt 0.164398 0.154356
vt 0.164398 0.168613
vt 0.161052 0.155190
vt 0.722928 0.794589
vt 0.709965 0.794589
vt 0.722928 0.707510
vt 0.695529 0.755180
vt 0.204443 0.654478
vt 0.177668 0.755597
vt 0.189999 0.652746
vt 0.190424 0.651264
vt 0.242381 0.255477
vt 0.240859 0.269781
vt 0.240859 0.255232
vt 0.354087 0.227319
vt 0.967833 0.671404
vt 0.115921 0.244489
vt 0.112897 0.244489
vt 0.112897 0.222951
vt 0.952842 0.130675
vt 0.952842 0.101360
vt 0.956879 0.101927
vt 0.345657 0.191571
vt 0.342484 0.212874
vt 0.342484 0.191099
vt 0.998771 0.002018
vt 0.995525 0.002018
vt 0.992770 0.001891
vt 0.089088 0.103050
vt 0.134072 0.138714
vt 0.777142 0.451759
vt 0.789282 0.450799
vt 0.788992 0.453193
vt 0.777469 0.453112
vt 0.278211 0.265166
vt 0.276722 0.265566
vt 0.276728 0.250693
vt 0.588768 0.985417
vt 0.587495 0.986386
vt 0.581276 0.975415
vt 0.583921 0.974730
vt 0.591194 0.984794
vt 0.142832 0.828311
vt 0.946830 0.208738
vt 0.941825 0.195058
vt 0.944582 0.193968
vt 0.948910 0.207726
vt 0.952061 0.221358
vt 0.949283 0.221534
vt 0.945372 0.208788
vt 0.968326 0.683874
vt 0.966805 0.684125
vt 0.946110 0.193851
vt 0.941683 0.179162
vt 0.942764 0.179182
vt 0.947639 0.193664
vt 0.951065 0.206553
vt 0.252089 0.261345
vt 0.240712 0.160448
vt 0.796694 0.584876
vt 0.785215 0.491348
vt 0.796696 0.491348
vt 0.678243 0.748666
vt 0.691313 0.645908
vt 0.691313 0.750328
vt 0.041411 0.996924
vt 0.507231 0.935760
vt 0.495053 0.980063
vt 0.495053 0.935760
vt 0.494814 0.934806
vt 0.507947 0.934566
vt 0.948372 0.221556
vt 0.944359 0.209367
vt 0.941683 0.233950
vt 0.212874 0.160182
vt 0.209309 0.160182
vt 0.209309 0.131153
vt 0.127285 0.000517
vt 0.101536 0.127734
vt 0.076398 0.029507
vt 0.076398 0.000478
vt 0.080091 0.029507
vt 0.962141 0.583823
vt 0.221305 0.204443
vt 0.217861 0.191126
vt 0.221305 0.190159
vt 0.456731 0.965310
vt 0.456731 0.914340
vt 0.470009 0.961577
vt 0.067922 0.133657
vt 0.068482 0.132176
vt 0.091328 0.134364
vt 0.090878 0.135750
vt 0.067428 0.135128
vt 0.092005 0.131428
vt 0.101291 0.132088
vt 0.100477 0.135802
vt 0.482398 0.933850
vt 0.482159 0.932894
vt 0.494576 0.933850
vt 0.507709 0.933612
vt 0.576532 0.963708
vt 0.578781 0.962623
vt 0.177668 0.650819
vt 0.958379 0.349045
vt 0.971632 0.344805
vt 0.959211 0.349698
vt 0.953802 0.361037
vt 0.952201 0.361319
vt 0.966175 0.342586
vt 0.950141 0.360848
vt 0.946436 0.374231
vt 0.945122 0.372958
vt 0.089336 0.100387
vt 0.089335 0.103199
vt 0.089970 0.106663
vt 0.089759 0.106687
vt 0.789320 0.454546
vt 0.594361 0.983708
vt 0.593343 0.984290
vt 0.586818 0.974197
vt 0.793470 0.033985
vt 0.804073 0.033985
vt 0.793470 0.127514
vt 0.751382 0.715551
vt 0.738715 0.612743
vt 0.751382 0.611183
vt 0.777142 0.547992
vt 0.777796 0.454466
vt 0.182841 0.297180
vt 0.182841 0.275481
vt 0.185474 0.275805
vt 0.177044 0.190167
vt 0.177044 0.219197
vt 0.173753 0.190167
vt 0.952469 0.206366
vt 0.957352 0.217392
vt 0.956196 0.218132
vt 0.385702 0.851496
vt 0.382153 0.851059
vt 0.385702 0.822247
vt 0.482600 0.980063
vt 0.482600 0.935760
vt 0.585724 0.974800
vt 0.584357 0.962426
vt 0.585275 0.962327
vt 0.954614 0.219376
vt 0.963561 0.225019
vt 0.188696 0.788048
vt 0.186737 0.780592
vt 0.190558 0.780865
vt 0.957814 0.228098
vt 0.942404 0.385702
vt 0.904187 0.484919
vt 0.903326 0.494103
vt 0.901539 0.494475
vt 0.252925 0.262683
vt 0.240712 0.273996
vt 0.101054 0.129404
vt 0.144707 0.352689
vt 0.145934 0.353213
vt 0.144449 0.363843
vt 0.143106 0.363515
vt 0.142858 0.353579
vt 0.090213 0.106778
vt 0.091036 0.109456
vt 0.090741 0.109689
vt 0.838850 0.433493
vt 0.830234 0.505839
vt 0.830234 0.432467
vt 0.597032 0.986023
vt 0.600430 0.978127
vt 0.601688 0.978533
vt 0.575345 0.964033
vt 0.568784 0.958874
vt 0.943678 0.232622
vt 0.193169 0.780966
vt 0.202336 0.788266
vt 0.190964 0.769217
vt 0.192267 0.768408
vt 0.193997 0.780783
vt 0.092716 0.137518
vt 0.100505 0.138332
vt 0.127514 0.265566
vt 0.074856 0.798804
vt 0.074856 0.769605
vt 0.077984 0.769943
vt 0.170721 0.174476
vt 0.170721 0.196013
vt 0.168279 0.174476
vt 0.068566 0.136075
vt 0.764930 0.460213
vt 0.776674 0.460213
vt 0.764930 0.563800
vt 0.860506 0.548475
vt 0.868357 0.620910
vt 0.860506 0.621760
vt 0.509074 0.541324
vt 0.523754 0.447675
vt 0.521569 0.542288
vt 0.520988 0.543201
vt 0.508050 0.542579
vt 0.954910 0.361346
vt 0.471593 0.980063
vt 0.471593 0.935760
vt 0.747901 0.940445
vt 0.737169 0.942438
vt 0.737272 0.941790
vt 0.747908 0.939657
vt 0.094631 0.111327
vt 0.088006 0.122244
vt 0.196013 0.901488
vt 0.196013 0.950556
vt 0.184269 0.950556
vt 0.159090 0.153859
vt 0.159090 0.139719
vt 0.162290 0.153093
vt 0.582350 0.962459
vt 0.580917 0.955686
vt 0.612490 0.983095
vt 0.607687 0.978123
vt 0.609397 0.977471
vt 0.586070 0.955267
vt 0.729463 0.939033
vt 0.729106 0.937679
vt 0.737536 0.941227
vt 0.748220 0.938957
vt 0.520336 0.544307
vt 0.507550 0.543870
vt 0.523754 0.552416
vt 0.962598 0.811823
vt 0.965503 0.819792
vt 0.961461 0.819433
vt 0.522887 0.554315
vt 0.518659 0.546861
vt 0.100562 0.137343
vt 0.138844 0.353176
vt 0.140182 0.353333
vt 0.139104 0.363201
vt 0.138171 0.363356
vt 0.137896 0.353013
vt 0.091518 0.109494
vt 0.094845 0.110723
vt 0.967417 0.222696
vt 0.184454 0.780608
vt 0.177430 0.787594
vt 0.183585 0.780583
vt 0.184210 0.769362
vt 0.185906 0.769438
vt 0.180447 0.788266
vt 0.902233 0.504490
vt 0.657591 0.769297
vt 0.644281 0.769297
vt 0.644281 0.665711
vt 0.415601 0.662547
vt 0.428909 0.766135
vt 0.415600 0.766135
vt 0.762229 0.104329
vt 0.762229 0.000745
vt 0.774566 0.104329
vt 0.145703 0.364626
vt 0.235004 0.356804
vt 0.042153 0.214982
vt 0.038697 0.185952
vt 0.042153 0.185952
vt 0.925852 0.329576
vt 0.928697 0.299467
vt 0.929722 0.329942
vt 0.929500 0.330334
vt 0.925632 0.329969
vt 0.039006 0.001148
vt 0.038896 0.000724
vt 0.042153 0.000724
vt 0.042048 0.001014
vt 0.039652 0.014754
vt 0.959200 0.748220
vt 0.959200 0.699153
vt 0.971633 0.699153
vt 0.603786 0.978164
vt 0.600116 0.986386
vt 0.602259 0.964115
vt 0.605204 0.964443
vt 0.606608 0.984344
vt 0.575339 0.956642
vt 0.033723 0.819881
vt 0.022255 0.772173
vt 0.033723 0.769416
vt 0.719693 0.973740
vt 0.729043 0.939790
vt 0.174936 0.164398
vt 0.164920 0.793207
vt 0.154907 0.814597
vt 0.157381 0.766945
vt 0.158531 0.765774
vt 0.170893 0.810262
vt 0.006890 0.035830
vt 0.006890 0.004172
vt 0.008431 0.035755
vt 0.119122 0.819067
vt 0.116953 0.818730
vt 0.122607 0.792931
vt 0.124575 0.793151
vt 0.121023 0.819388
vt 0.141213 0.843065
vt 0.042153 0.113814
vt 0.159294 0.764771
vt 0.160612 0.764060
vt 0.170017 0.791383
vt 0.196013 0.802234
vt 0.963124 0.832010
vt 0.961269 0.831748
vt 0.960000 0.819850
vt 0.952533 0.812173
vt 0.140430 0.363110
vt 0.925741 0.331316
vt 0.925668 0.330418
vt 0.929367 0.331474
vt 0.929196 0.332165
vt 0.925777 0.331764
vt 0.267673 0.191797
vt 0.501624 0.216989
vt 0.501624 0.248704
vt 0.499193 0.217177
vt 0.111709 0.817907
vt 0.109694 0.817391
vt 0.115954 0.791775
vt 0.117848 0.792132
vt 0.113677 0.818256
vt 0.104778 0.843065
vt 0.035830 0.370949
vt 0.020309 0.362922
vt 0.035830 0.256904
vt 0.020373 0.363515
vt 0.072088 0.233947
vt 0.072088 0.220445
vt 0.072673 0.233927
vt 0.849388 0.848260
vt 0.992770 0.012154
vt 0.992883 0.012154
vt 0.311201 0.006648
vt 0.311604 0.018969
vt 0.189028 0.769395
vt 0.186785 0.756031
vt 0.188774 0.755782
vt 0.923156 0.528943
vt 0.935802 0.165159
vt 0.935802 0.227628
vt 0.912577 0.165159
vt 0.910830 0.758082
vt 0.911933 0.781239
vt 0.910803 0.781293
vt 0.316149 0.017956
vt 0.381659 0.000101
vt 0.404671 0.000101
vt 0.358649 0.000101
vt 0.569070 0.218252
vt 0.592253 0.218252
vt 0.592253 0.324580
vt 0.493193 0.679196
vt 0.493193 0.779835
vt 0.472246 0.775268
vt 0.432604 0.191074
vt 0.455255 0.087186
vt 0.455255 0.196013
vt 0.443142 0.349147
vt 0.465793 0.245261
vt 0.465793 0.354087
vt 0.358649 0.006172
vt 0.358649 0.004397
vt 0.364271 0.298864
vt 0.350403 0.296314
vt 0.807630 0.920368
vt 0.838347 0.938234
vt 0.838869 0.939389
vt 0.350599 0.295143
vt 0.358649 0.003605
vt 0.358649 0.002018
vt 0.365386 0.295915
vt 0.351799 0.292348
vt 0.127543 0.152808
vt 0.138421 0.173607
vt 0.137093 0.175068
vt 0.352494 0.290845
vt 0.523589 0.550913
vt 0.967451 0.820046
vt 0.973740 0.811823
vt 0.968410 0.820042
vt 0.968097 0.831371
vt 0.965720 0.831694
vt 0.970120 0.811827
vt 0.241153 0.252920
vt 0.241153 0.179666
vt 0.248704 0.252133
vt 0.588794 0.955269
vt 0.610036 0.977231
vt 0.615328 0.982833
vt 0.609186 0.964550
vt 0.750328 0.343269
vt 0.738609 0.344603
vt 0.738609 0.240347
vt 0.061920 0.777728
vt 0.061920 0.674146
vt 0.072714 0.674146
vt 0.049114 0.364626
vt 0.035830 0.141691
vt 0.035830 0.170721
vt 0.032525 0.141691
vt 0.183249 0.769433
vt 0.181613 0.757207
vt 0.182356 0.757238
vt 0.069553 0.221305
vt 0.066527 0.221305
vt 0.066527 0.192275
vt 0.860236 0.973740
vt 0.860236 0.924673
vt 0.872572 0.924673
vt 0.255027 0.933042
vt 0.243573 0.981573
vt 0.242870 0.933219
vt 0.724185 0.931105
vt 0.724932 0.931625
vt 0.994988 0.006981
vt 0.995158 0.006832
vt 0.997590 0.006512
vt 0.068097 0.285538
vt 0.071661 0.285538
vt 0.068097 0.299288
vt 0.960838 0.128567
vt 0.960838 0.079500
vt 0.971633 0.079500
vt 0.963102 0.845655
vt 0.961584 0.845116
vt 0.904187 0.504120
vt 0.902499 0.514270
vt 0.929536 0.330783
vt 0.779692 0.211205
vt 0.781085 0.210543
vt 0.780816 0.224331
vt 0.778396 0.224629
vt 0.777273 0.211503
vt 0.719693 0.922590
vt 0.243410 0.932289
vt 0.230878 0.932471
vt 0.226620 0.931244
vt 0.226558 0.358419
vt 0.724408 0.929599
vt 0.075876 0.053427
vt 0.075661 0.057133
vt 0.075231 0.056999
vt 0.995010 0.006661
vt 0.992770 0.006512
vt 0.600136 0.964158
vt 0.599033 0.964282
vt 0.590875 0.956529
vt 0.030303 0.248318
vt 0.044858 0.246843
vt 0.044113 0.249164
vt 0.598251 0.956622
vt 0.190029 0.754749
vt 0.858565 0.717609
vt 0.858451 0.717107
vt 0.862951 0.717941
vt 0.860344 0.752436
vt 0.025292 0.699744
vt 0.021445 0.669502
vt 0.025292 0.669501
vt 0.124352 0.664392
vt 0.124352 0.693421
vt 0.120622 0.664392
vt 0.967708 0.844094
vt 0.965275 0.844324
vt 0.607866 0.964333
vt 0.271327 0.001091
vt 0.273996 0.001177
vt 0.271327 0.014754
vt 0.031400 0.254508
vt 0.045015 0.253368
vt 0.044616 0.254858
vt 0.617545 0.956651
vt 0.184507 0.756747
vt 0.858754 0.715706
vt 0.858842 0.714819
vt 0.863145 0.715990
vt 0.863063 0.716800
vt 0.858671 0.716516
vt 0.929159 0.332481
vt 0.773772 0.211943
vt 0.774853 0.211801
vt 0.775489 0.225005
vt 0.811849 0.359431
vt 0.815665 0.359917
vt 0.811849 0.389918
vt 0.862336 0.680036
vt 0.863267 0.714896
vt 0.858889 0.714456
vt 0.925632 0.362518
vt 0.925740 0.332080
vt 0.761718 0.106125
vt 0.773512 0.106125
vt 0.761718 0.209712
vt 0.528494 0.775620
vt 0.528494 0.672033
vt 0.541669 0.672033
vt 0.748220 0.352941
vt 0.748220 0.457363
vt 0.735150 0.354603
vt 0.969177 0.831275
vt 0.970443 0.843892
vt 0.969142 0.844506
vt 0.075594 0.061122
vt 0.356164 0.318257
vt 0.351430 0.318257
vt 0.356164 0.301872
vt 0.360410 0.301872
vt 0.231042 0.981755
vt 0.230339 0.933401
vt 0.933695 0.331141
vt 0.782871 0.225061
vt 0.784051 0.210895
vt 0.784051 0.224068
vt 0.782237 0.239877
vt 0.781210 0.239512
vt 0.742527 0.180205
vt 0.742527 0.075784
vt 0.755597 0.077447
vt 0.043861 0.245667
vt 0.045547 0.142094
vt 0.060068 0.245930
vt 0.059678 0.247422
vt 0.030686 0.245716
vt 0.030303 0.142129
vt 0.863315 0.717575
vt 0.868266 0.717716
vt 0.868357 0.718222
vt 0.967756 0.858503
vt 0.966835 0.859149
vt 0.044388 0.251587
vt 0.030976 0.250162
vt 0.059198 0.252363
vt 0.058798 0.253852
vt 0.031228 0.252218
vt 0.605094 0.956529
vt 0.777004 0.225292
vt 0.776735 0.239080
vt 0.774964 0.239735
vt 0.971630 0.857308
vt 0.970607 0.857774
vt 0.863367 0.715401
vt 0.868109 0.715553
vt 0.868209 0.716057
vt 0.075876 0.060974
vt 0.150596 0.003973
vt 0.150425 0.003823
vt 0.153218 0.002349
vt 0.155967 0.012646
vt 0.351430 0.301872
vt 0.217028 0.930646
vt 0.216370 0.933604
vt 0.202457 0.931809
vt 0.053818 0.671190
vt 0.054799 0.681219
vt 0.053912 0.685575
vt 0.053723 0.674243
vt 0.212771 0.929417
vt 0.217073 0.981958
vt 0.202457 0.982171
vt 0.965667 0.859926
vt 0.343207 0.127704
vt 0.341905 0.127037
vt 0.364271 0.119342
vt 0.383595 0.212874
vt 0.867565 0.494460
vt 0.878895 0.564854
vt 0.867562 0.564854
vt 0.731359 0.647987
vt 0.715344 0.750328
vt 0.715344 0.645481
vt 0.762974 0.543777
vt 0.758242 0.543777
vt 0.758242 0.513534
vt 0.375164 0.691332
vt 0.375164 0.786158
vt 0.360680 0.783892
vt 0.690260 0.645951
vt 0.673792 0.748220
vt 0.673792 0.643299
vt 0.303163 0.298860
vt 0.303167 0.282182
vt 0.304694 0.282396
vt 0.304691 0.299074
vt 0.783727 0.240274
vt 0.777763 0.239445
vt 0.309181 0.298862
vt 0.305759 0.299288
vt 0.309185 0.282183
vt 0.310254 0.282397
vt 0.310250 0.299075
vt 0.059298 0.248916
vt 0.153859 0.946341
vt 0.152918 0.946186
vt 0.150134 0.927596
vt 0.408724 0.891541
vt 0.416324 0.868306
vt 0.417955 0.868287
vt 0.410759 0.890431
vt 0.868174 0.717209
vt 0.063120 0.141647
vt 0.062831 0.146160
vt 0.050990 0.140360
vt 0.050016 0.138490
vt 0.063019 0.139605
vt 0.153310 0.747720
vt 0.154370 0.747676
vt 0.120574 0.792555
vt 0.122245 0.776116
vt 0.125030 0.776615
vt 0.156551 0.766868
vt 0.155363 0.765631
vt 0.150902 0.748264
vt 0.151946 0.747999
vt 0.257456 0.098178
vt 0.257736 0.097249
vt 0.274956 0.100715
vt 0.272864 0.103118
vt 0.254859 0.100723
vt 0.155227 0.747332
vt 0.853603 0.227628
vt 0.842751 0.227628
vt 0.842751 0.147437
vt 0.633348 0.635460
vt 0.618962 0.529133
vt 0.633353 0.529133
vt 0.838226 0.649160
vt 0.838226 0.568970
vt 0.855711 0.649160
vt 0.449465 0.000772
vt 0.472116 0.005711
vt 0.449465 0.109598
vt 0.418371 0.337804
vt 0.418371 0.446824
vt 0.395680 0.441877
vt 0.531131 0.002123
vt 0.516870 0.107491
vt 0.516870 0.000193
vt 0.113591 0.790933
vt 0.116481 0.774776
vt 0.118097 0.775149
vt 0.444195 0.467901
vt 0.444195 0.359074
vt 0.466847 0.364013
vt 0.163318 0.341392
vt 0.059428 0.362518
vt 0.156059 0.323652
vt 0.157011 0.323860
vt 0.163528 0.339005
vt 0.177640 0.323569
vt 0.269781 0.362518
vt 0.073607 0.220463
vt 0.073341 0.212147
vt 0.598576 0.952664
vt 0.584187 0.952664
vt 0.598576 0.890306
vt 0.621760 0.890306
vt 0.621760 0.952664
vt 0.073768 0.233951
vt 0.911488 0.795667
vt 0.910689 0.795705
vt 0.910005 0.781331
vt 0.909701 0.758136
vt 0.912577 0.227628
vt 0.898161 0.227628
vt 0.898161 0.165159
vt 0.358649 0.001224
vt 0.344365 0.001224
vt 0.442478 0.310097
vt 0.428214 0.310824
vt 0.428157 0.309704
vt 0.344365 0.000101
vt 0.344361 0.005108
vt 0.442553 0.313735
vt 0.428287 0.314791
vt 0.428273 0.313999
vt 0.344365 0.004397
vt 0.350941 0.293651
vt 0.839900 0.940386
vt 0.827170 0.949062
vt 0.859818 0.921931
vt 0.859926 0.922522
vt 0.840613 0.940595
vt 0.854388 0.973740
vt 0.059427 0.255634
vt 0.039195 0.358303
vt 0.412503 0.890715
vt 0.411576 0.890485
vt 0.420348 0.870190
vt 0.864189 0.265512
vt 0.874680 0.263931
vt 0.874680 0.335118
vt 0.755520 0.519539
vt 0.755520 0.415955
vt 0.770351 0.415955
vt 0.259151 0.095847
vt 0.280319 0.003038
vt 0.276511 0.098294
vt 0.275487 0.099451
vt 0.973683 0.857930
vt 0.921049 0.357258
vt 0.921049 0.387810
vt 0.916762 0.387196
vt 0.063796 0.150511
vt 0.101168 0.286642
vt 0.053557 0.148785
vt 0.052923 0.146751
vt 0.063575 0.148208
vt 0.868357 0.714973
vt 0.863931 0.680309
vt 0.153196 0.002030
vt 0.155967 0.000235
vt 0.519824 0.994817
vt 0.504740 0.994817
vt 0.519824 0.950438
vt 0.533239 0.950438
vt 0.253810 0.138803
vt 0.263458 0.135887
vt 0.263458 0.170721
vt 0.099242 0.063230
vt 0.099242 0.014163
vt 0.115921 0.014163
vt 0.725510 0.844928
vt 0.711119 0.872572
vt 0.721781 0.836675
vt 0.723570 0.836617
vt 0.725774 0.844617
vt 0.253814 0.138062
vt 0.271942 0.103811
vt 0.270570 0.116975
vt 0.065097 0.148730
vt 0.076620 0.159255
vt 0.076831 0.160649
vt 0.361361 0.119221
vt 0.353779 0.109922
vt 0.254266 0.101549
vt 0.305763 0.282610
vt 0.305918 0.264857
vt 0.309337 0.264422
vt 0.149049 0.927445
vt 0.151921 0.946044
vt 0.147972 0.927356
vt 0.143568 0.907627
vt 0.145515 0.907860
vt 0.050008 0.137004
vt 0.063033 0.137568
vt 0.015446 0.136665
vt 0.219803 0.001507
vt 0.223412 0.002126
vt 0.219803 0.023184
vt 0.015974 0.660442
vt 0.033723 0.764028
vt 0.015972 0.764028
vt 0.101168 0.000457
vt 0.280319 0.111631
vt 0.265248 0.224784
vt 0.267673 0.238223
vt 0.266021 0.238561
vt 0.279550 0.113097
vt 0.311780 0.282611
vt 0.311934 0.264863
vt 0.394133 0.767189
vt 0.376383 0.767189
vt 0.376383 0.663604
vt 0.202249 0.309653
vt 0.296004 0.318638
vt 0.290910 0.334757
vt 0.015807 0.652111
vt 0.000370 0.754543
vt 0.000370 0.649784
vt 0.311934 0.298221
vt 0.419144 0.869164
vt 0.428873 0.845436
vt 0.429316 0.846609
vt 0.052272 0.144712
vt 0.292595 0.336551
vt 0.291691 0.335591
vt 0.299624 0.321458
vt 0.302014 0.323142
vt 0.295687 0.339334
vt 0.026016 0.592609
vt 0.027400 0.576793
vt 0.027293 0.593471
vt 0.027394 0.611222
vt 0.109595 0.237162
vt 0.108291 0.243091
vt 0.107798 0.242664
vt 0.106917 0.212831
vt 0.504740 0.950438
vt 0.734683 0.827235
vt 0.741897 0.827058
vt 0.732178 0.836857
vt 0.053723 0.697636
vt 0.276851 0.113903
vt 0.215779 0.242755
vt 0.219197 0.225508
vt 0.219197 0.243242
vt 0.216865 0.261350
vt 0.076485 0.158296
vt 0.093791 0.143694
vt 0.083798 0.154006
vt 0.064914 0.146917
vt 0.304848 0.264647
vt 0.303321 0.264433
vt 0.267118 0.001068
vt 0.268719 0.001110
vt 0.268382 0.008584
vt 0.267118 0.018969
vt 0.405775 0.196876
vt 0.424422 0.197520
vt 0.405611 0.197953
vt 0.383595 0.024453
vt 0.837802 0.343549
vt 0.837802 0.273157
vt 0.838850 0.343549
vt 0.141941 0.907749
vt 0.139220 0.907375
vt 0.130416 0.903905
vt 0.634407 0.862034
vt 0.622518 0.859997
vt 0.634407 0.790616
vt 0.015902 0.137926
vt 0.016484 0.138835
vt 0.000744 0.137626
vt 0.137598 0.907507
vt 0.013803 0.136871
vt 0.427327 0.845280
vt 0.425038 0.846191
vt 0.408724 0.820339
vt 0.313218 0.923711
vt 0.313157 0.908037
vt 0.315738 0.909528
vt 0.434255 0.829616
vt 0.310407 0.264645
vt 0.406029 0.202428
vt 0.406195 0.201351
vt 0.424676 0.203071
vt 0.424638 0.204161
vt 0.405823 0.203955
vt 0.457363 0.838330
vt 0.876788 0.425748
vt 0.863997 0.425748
vt 0.876788 0.355356
vt 0.760866 0.078727
vt 0.760866 0.182313
vt 0.743116 0.182313
vt 0.872572 0.084549
vt 0.872572 0.155967
vt 0.860683 0.086587
vt 0.568641 0.753489
vt 0.568641 0.649209
vt 0.586984 0.750156
vt 0.218641 0.170752
vt 0.219197 0.185030
vt 0.218053 0.185077
vt 0.216205 0.171018
vt 0.216967 0.157467
vt 0.297898 0.320098
vt 0.312621 0.310203
vt 0.313305 0.311099
vt 0.147641 0.730301
vt 0.148430 0.730037
vt 0.119718 0.775579
vt 0.121337 0.759059
vt 0.123697 0.759565
vt 0.149127 0.730833
vt 0.149452 0.730084
vt 0.126797 0.776889
vt 0.128034 0.760308
vt 0.197474 0.421715
vt 0.211820 0.423668
vt 0.197474 0.529023
vt 0.499897 0.108545
vt 0.499897 0.001044
vt 0.514270 0.003001
vt 0.244852 0.632299
vt 0.244852 0.525972
vt 0.259243 0.632299
vt 0.834418 0.502900
vt 0.845173 0.504355
vt 0.834418 0.583823
vt 0.344042 0.531131
vt 0.344042 0.423833
vt 0.358303 0.425764
vt 0.883111 0.665185
vt 0.873813 0.733467
vt 0.873813 0.663919
vt 0.150149 0.748369
vt 0.146104 0.730573
vt 0.146716 0.730456
vt 0.039058 0.309307
vt 0.039593 0.318214
vt 0.038602 0.318257
vt 0.010458 0.358483
vt 0.010649 0.357925
vt 0.056308 0.014971
vt 0.056907 0.015042
vt 0.056308 0.025292
vt 0.048476 0.000066
vt 0.046867 0.005373
vt 0.045902 0.004912
vt 0.038602 0.300861
vt 0.040046 0.309235
vt 0.946415 0.001060
vt 0.947260 0.002924
vt 0.946344 0.002348
vt 0.452518 0.877451
vt 0.456120 0.847657
vt 0.459470 0.910510
vt 0.057305 0.185710
vt 0.064492 0.235039
vt 0.056416 0.185131
vt 0.330903 0.301396
vt 0.328722 0.301396
vt 0.328722 0.283914
vt 0.539562 0.701348
vt 0.539562 0.731359
vt 0.536252 0.730791
vt 0.058736 0.185248
vt 0.342994 0.828803
vt 0.357267 0.825552
vt 0.370899 0.819737
vt 0.384648 0.813017
vt 0.127845 0.115921
vt 0.154338 0.014952
vt 0.166505 0.024100
vt 0.141360 0.007922
vt 0.127845 0.001921
vt 0.457316 0.185474
vt 0.488129 0.094364
vt 0.497408 0.102325
vt 0.478880 0.087748
vt 0.468232 0.082343
vt 0.457316 0.078220
vt 0.422586 0.372893
vt 0.422581 0.480547
vt 0.417902 0.477193
vt 0.002620 0.352397
vt 0.884452 0.165159
vt 0.912618 0.795613
vt 0.912137 0.809289
vt 0.911008 0.809343
vt 0.584187 0.890306
vt 0.926435 0.881003
vt 0.926435 0.819111
vt 0.940017 0.819111
vt 0.001487 0.933695
vt 0.001487 0.870328
vt 0.014754 0.930782
vt 0.428347 0.315913
vt 0.442609 0.420479
vt 0.414889 0.317748
vt 0.414829 0.316627
vt 0.442609 0.315158
vt 0.152011 0.178761
vt 0.152806 0.177852
vt 0.972790 0.001410
vt 0.974323 0.001221
vt 0.973544 0.020082
vt 0.090757 0.426033
vt 0.104329 0.427780
vt 0.090757 0.533239
vt 0.496355 0.407064
vt 0.496355 0.514270
vt 0.482782 0.512523
vt 0.127543 0.276104
vt 0.344365 0.002811
vt 0.428244 0.312411
vt 0.442538 0.312941
vt 0.413991 0.314262
vt 0.413962 0.312675
vt 0.442509 0.311355
vt 0.858870 0.921468
vt 0.858416 0.920368
vt 0.977556 0.000708
vt 0.979713 0.000365
vt 0.978483 0.020458
vt 0.976326 0.020800
vt 0.975401 0.001050
vt 0.098275 0.250812
vt 0.368334 0.027584
vt 0.371332 0.027719
vt 0.368014 0.037938
vt 0.967255 0.592253
vt 0.967255 0.547875
vt 0.984279 0.547875
vt 0.945757 0.406973
vt 0.963202 0.452834
vt 0.945757 0.459470
vt 0.711119 0.796739
vt 0.733397 0.826619
vt 0.370021 0.024816
vt 0.371625 0.027535
vt 0.108398 0.243308
vt 0.118029 0.250812
vt 0.077974 0.160268
vt 0.269781 0.002360
vt 0.474224 0.755597
vt 0.472682 0.755597
vt 0.472682 0.652006
vt 0.212133 0.745269
vt 0.212874 0.815665
vt 0.212133 0.815665
vt 0.093791 0.252920
vt 0.425004 0.200917
vt 0.124627 0.127196
vt 0.126460 0.130072
vt 0.107510 0.134701
vt 0.443651 0.201560
vt 0.443487 0.202638
vt 0.193905 0.223412
vt 0.188901 0.205498
vt 0.191719 0.212675
vt 0.193905 0.204590
vt 0.315096 0.311962
vt 0.310797 0.907275
vt 0.309543 0.904819
vt 0.322056 0.887753
vt 0.284968 0.912885
vt 0.153859 0.886571
vt 0.216205 0.185474
vt 0.125846 0.132437
vt 0.126284 0.134523
vt 0.107809 0.135741
vt 0.267532 0.252920
vt 0.265248 0.252612
vt 0.423506 0.307702
vt 0.102275 0.065777
vt 0.107491 0.045058
vt 0.106008 0.066717
vt 0.105957 0.067031
vt 0.102215 0.065993
vt 0.312277 0.309653
vt 0.071661 0.273996
vt 0.067841 0.273303
vt 0.071661 0.252281
vt 0.322748 0.889005
vt 0.324096 0.888680
vt 0.316423 0.909647
vt 0.328795 0.929479
vt 0.359186 0.411025
vt 0.359395 0.412610
vt 0.350442 0.411086
vt 0.350744 0.408691
vt 0.359606 0.409804
vt 0.126314 0.760036
vt 0.943439 0.117690
vt 0.941161 0.117061
vt 0.944885 0.098253
vt 0.946341 0.098591
vt 0.944895 0.118029
vt 0.359717 0.414302
vt 0.360041 0.415482
vt 0.350399 0.414777
vt 0.350769 0.413131
vt 0.119272 0.759574
vt 0.118070 0.759217
vt 0.937429 0.117138
vt 0.935973 0.116804
vt 0.938593 0.098714
vt 0.941154 0.098330
vt 0.939133 0.116466
vt 0.359714 0.408805
vt 0.350647 0.407312
vt 0.416960 0.339053
vt 0.605913 0.206551
vt 0.605913 0.100110
vt 0.619653 0.101915
vt 0.874242 0.069553
vt 0.874242 0.000641
vt 0.883111 0.069553
vt 0.123233 0.260617
vt 0.122343 0.271888
vt 0.122343 0.254731
vt 0.124352 0.260127
vt 0.048455 0.005841
vt 0.043465 0.009154
vt 0.909701 0.808558
vt 0.163381 0.242381
vt 0.162318 0.241742
vt 0.164398 0.230049
vt 0.798489 0.572230
vt 0.798489 0.485156
vt 0.816719 0.489157
vt 0.935802 0.883983
vt 0.935802 0.946341
vt 0.921840 0.883983
vt 0.160520 0.241832
vt 0.161049 0.229279
vt 0.162057 0.229441
vt 0.413905 0.311554
vt 0.399580 0.314531
vt 0.272942 0.739790
vt 0.258312 0.739790
vt 0.258312 0.634255
vt 0.421533 0.484762
vt 0.350468 0.416170
vt 0.699072 0.740843
vt 0.699072 0.635309
vt 0.713444 0.740843
vt 0.980638 0.020114
vt 0.981246 0.000173
vt 0.982171 0.019923
vt 0.980097 0.040046
vt 0.978817 0.039180
vt 0.414021 0.315848
vt 0.400398 0.318043
vt 0.400420 0.316456
vt 0.975076 0.019893
vt 0.974322 0.038944
vt 0.972790 0.039133
vt 0.375953 0.027683
vt 0.375974 0.027868
vt 0.372558 0.037328
vt 0.952985 0.016371
vt 0.969525 0.020092
vt 0.969294 0.021096
vt 0.952142 0.017277
vt 0.946738 0.003414
vt 0.953185 0.011693
vt 0.966796 0.016335
vt 0.063376 0.031024
vt 0.082199 0.031024
vt 0.063376 0.080091
vt 0.945802 0.054799
vt 0.048476 0.898002
vt 0.048476 0.950556
vt 0.030902 0.904744
vt 0.107922 0.136809
vt 0.126460 0.135593
vt 0.107862 0.138346
vt 0.077020 0.238719
vt 0.073416 0.239331
vt 0.067036 0.235918
vt 0.069614 0.235958
vt 0.079122 0.238410
vt 0.443332 0.204172
vt 0.451040 0.204172
vt 0.451040 0.307719
vt 0.226042 0.265566
vt 0.226042 0.244140
vt 0.227628 0.244259
vt 0.443235 0.307719
vt 0.326544 0.878782
vt 0.767910 0.545572
vt 0.775620 0.545572
vt 0.767910 0.649160
vt 0.123217 0.238166
vt 0.287243 0.740843
vt 0.287243 0.635587
vt 0.305611 0.737534
vt 0.105909 0.067345
vt 0.321451 0.886318
vt 0.320831 0.884234
vt 0.324987 0.879693
vt 0.102155 0.066493
vt 0.326015 0.878885
vt 0.341941 0.409145
vt 0.342065 0.407840
vt 0.423454 0.404598
vt 0.437340 0.406421
vt 0.423454 0.512162
vt 0.031471 0.533239
vt 0.031471 0.425998
vt 0.045315 0.427816
vt 0.514270 0.108116
vt 0.500933 0.213928
vt 0.500933 0.106435
vt 0.937136 0.098380
vt 0.937296 0.080562
vt 0.938996 0.079883
vt 0.162902 0.217635
vt 0.164335 0.217581
vt 0.046269 0.013857
vt 0.112603 0.956879
vt 0.099301 0.956879
vt 0.112603 0.894986
vt 0.126460 0.894986
vt 0.126460 0.956879
vt 0.921840 0.946341
vt 0.908440 0.946341
vt 0.908440 0.883983
vt 0.401170 0.319641
vt 0.401233 0.320761
vt 0.387589 0.323363
vt 0.387605 0.322570
vt 0.341806 0.412057
vt 0.342055 0.410295
vt 0.943182 0.098925
vt 0.942794 0.079873
vt 0.945360 0.079527
vt 0.280370 0.484762
vt 0.341250 0.414521
vt 0.341444 0.413823
vt 0.482763 0.499516
vt 0.482763 0.391846
vt 0.497408 0.393877
vt 0.227628 0.423659
vt 0.213345 0.529023
vt 0.213345 0.421723
vt 0.980063 0.352930
vt 0.979871 0.372559
vt 0.978782 0.372548
vt 0.978558 0.353255
vt 0.981628 0.039851
vt 0.558531 0.627030
vt 0.543789 0.627030
vt 0.543789 0.520701
vt 0.399637 0.315652
vt 0.386077 0.319368
vt 0.385867 0.318601
vt 0.976674 0.039597
vt 0.975116 0.353172
vt 0.977198 0.352534
vt 0.973980 0.371744
vt 0.972938 0.372063
vt 0.972715 0.352770
vt 0.995795 0.008798
vt 0.992770 0.008193
vt 0.996703 0.008193
vt 0.377272 0.037938
vt 0.946187 0.002816
vt 0.945802 0.002973
vt 0.996041 0.009913
vt 0.993862 0.012093
vt 0.992770 0.009913
vt 0.376294 0.027400
vt 0.048409 0.012672
vt 0.046787 0.018969
vt 0.085444 0.956879
vt 0.099301 0.894986
vt 0.067024 0.235402
vt 0.067568 0.234971
vt 0.081156 0.238010
vt 0.772951 0.160859
vt 0.774566 0.161520
vt 0.772840 0.161854
vt 0.771672 0.161815
vt 0.769194 0.154692
vt 0.082199 0.237429
vt 0.064161 0.235793
vt 0.048233 0.330903
vt 0.696546 0.751382
vt 0.696546 0.647791
vt 0.697636 0.647791
vt 0.048073 0.142056
vt 0.325679 0.877090
vt 0.328795 0.868147
vt 0.326613 0.875601
vt 0.326539 0.876576
vt 0.327192 0.877638
vt 0.325892 0.878148
vt 0.107491 0.067445
vt 0.940454 0.080212
vt 0.938805 0.061817
vt 0.941145 0.061486
vt 0.283595 0.338332
vt 0.619653 0.516071
vt 0.605912 0.620707
vt 0.605912 0.514266
vt 0.180589 0.278377
vt 0.180164 0.302913
vt 0.179459 0.301039
vt 0.213704 0.261350
vt 0.213704 0.247767
vt 0.214982 0.260840
vt 0.388442 0.324441
vt 0.098509 0.533306
vt 0.111706 0.534970
vt 0.098509 0.639676
vt 0.894477 0.883983
vt 0.161924 0.217698
vt 0.160571 0.205391
vt 0.162349 0.205240
vt 0.971195 0.371346
vt 0.971209 0.353093
vt 0.971754 0.390567
vt 0.632299 0.638622
vt 0.618337 0.638622
vt 0.618337 0.532294
vt 0.496169 0.381487
vt 0.496169 0.273922
vt 0.510054 0.275745
vt 0.017159 0.657591
vt 0.017159 0.551263
vt 0.030561 0.657591
vt 0.091902 0.803091
vt 0.093888 0.803022
vt 0.092887 0.822156
vt 0.090822 0.821645
vt 0.090326 0.803518
vt 0.386841 0.320969
vt 0.109598 0.164084
vt 0.107853 0.164398
vt 0.107853 0.150337
vt 0.382713 0.138052
vt 0.380401 0.126862
vt 0.380941 0.125951
vt 0.021077 0.070113
vt 0.019302 0.084306
vt 0.019302 0.070113
vt 0.976381 0.372146
vt 0.977135 0.391524
vt 0.974686 0.391117
vt 0.095981 0.802805
vt 0.096798 0.802681
vt 0.096813 0.822342
vt 0.095129 0.822000
vt 0.946162 0.079535
vt 0.946341 0.061075
vt 0.497222 0.404598
vt 0.511108 0.406421
vt 0.497222 0.512162
vt 0.638612 0.345657
vt 0.624660 0.239328
vt 0.638622 0.239328
vt 0.165749 0.593307
vt 0.165749 0.486658
vt 0.180205 0.593307
vt 0.481601 0.509267
vt 0.481498 0.510054
vt 0.467860 0.507463
vt 0.481601 0.402827
vt 0.880995 0.636514
vt 0.871954 0.567602
vt 0.881003 0.567602
vt 0.608061 0.389669
vt 0.593886 0.494247
vt 0.593886 0.387748
vt 0.060552 0.185395
vt 0.458037 0.847326
vt 0.459470 0.847293
vt 0.769194 0.257135
vt 0.571177 0.871985
vt 0.570094 0.921049
vt 0.570086 0.871985
vt 0.995830 0.009182
vt 0.996128 0.009852
vt 0.992770 0.009852
vt 0.048476 0.017949
vt 0.153372 0.282343
vt 0.157307 0.281894
vt 0.154241 0.289515
vt 0.385702 0.956879
vt 0.373079 0.956879
vt 0.385702 0.897718
vt 0.085444 0.894986
vt 0.089199 0.821924
vt 0.089071 0.802915
vt 0.090076 0.840562
vt 0.824096 0.826204
vt 0.813257 0.826204
vt 0.813257 0.739589
vt 0.292965 0.354087
vt 0.171060 0.318215
vt 0.661069 0.789947
vt 0.672344 0.704069
vt 0.672344 0.791427
vt 0.937112 0.062514
vt 0.935646 0.062221
vt 0.349093 0.886691
vt 0.347697 0.886006
vt 0.350694 0.867519
vt 0.352586 0.867298
vt 0.350985 0.886470
vt 0.288042 0.014754
vt 0.288042 0.001122
vt 0.288750 0.001500
vt 0.162960 0.205735
vt 0.999950 0.001193
vt 0.992770 0.001193
vt 0.999542 0.000947
vt 0.894477 0.946341
vt 0.937910 0.234823
vt 0.937910 0.297180
vt 0.924604 0.234823
vt 0.312829 0.065338
vt 0.318257 0.061042
vt 0.319055 0.060942
vt 0.319046 0.061427
vt 0.233224 0.267673
vt 0.233224 0.253816
vt 0.233951 0.254134
vt 0.178964 0.299625
vt 0.180552 0.277370
vt 0.170598 0.314655
vt 0.170341 0.311869
vt 0.178148 0.297138
vt 0.180481 0.274235
vt 0.973219 0.390239
vt 0.972324 0.909494
vt 0.973844 0.909804
vt 0.973170 0.928662
vt 0.971293 0.928368
vt 0.970904 0.910118
vt 0.095796 0.841108
vt 0.093480 0.841368
vt 0.942837 0.060787
vt 0.355305 0.886641
vt 0.353413 0.886862
vt 0.356906 0.867470
vt 0.358303 0.868154
vt 0.356702 0.887326
vt 0.507093 0.830419
vt 0.507093 0.743806
vt 0.518485 0.830419
vt 0.098102 0.821748
vt 0.099074 0.840873
vt 0.097694 0.841473
vt 0.978591 0.392025
vt 0.980063 0.391574
vt 0.977799 0.909817
vt 0.979217 0.909190
vt 0.978644 0.928985
vt 0.977125 0.928676
vt 0.976279 0.909508
vt 0.366904 0.123216
vt 0.367792 0.122358
vt 0.381728 0.125088
vt 0.385702 0.136786
vt 0.158075 0.287873
vt 0.155077 0.296470
vt 0.359574 0.956879
vt 0.373079 0.897718
vt 0.091680 0.840929
vt 0.090491 0.860305
vt 0.089492 0.859369
vt 0.211820 0.537454
vt 0.198631 0.535804
vt 0.211820 0.430403
vt 0.532681 0.107491
vt 0.532681 0.000332
vt 0.545885 0.001984
vt 0.689206 0.322686
vt 0.689206 0.428909
vt 0.675465 0.322686
vt 0.348801 0.867736
vt 0.349086 0.848817
vt 0.350371 0.847941
vt 0.318662 0.054782
vt 0.318917 0.054776
vt 0.324580 0.065338
vt 0.924604 0.297180
vt 0.910369 0.297180
vt 0.910369 0.234823
vt 0.170918 0.316249
vt 0.162824 0.311744
vt 0.060436 0.769983
vt 0.046626 0.770351
vt 0.047138 0.769607
vt 0.060130 0.768965
vt 0.355014 0.867691
vt 0.354767 0.848185
vt 0.356660 0.847902
vt 0.974690 0.928971
vt 0.972496 0.947520
vt 0.971581 0.948125
vt 0.060519 0.767290
vt 0.047188 0.767504
vt 0.047051 0.766452
vt 0.060548 0.766225
vt 0.366416 0.124158
vt 0.098964 0.861250
vt 0.096508 0.860522
vt 0.358151 0.543777
vt 0.358151 0.436638
vt 0.372002 0.438460
vt 0.152806 0.531240
vt 0.152806 0.637568
vt 0.138571 0.531240
vt 0.980063 0.928357
vt 0.978501 0.947884
vt 0.977055 0.948448
vt 0.635460 0.483709
vt 0.621475 0.483709
vt 0.621475 0.377382
vt 0.061122 0.765224
vt 0.047313 0.765400
vt 0.046626 0.666828
vt 0.812502 0.145228
vt 0.824096 0.231842
vt 0.812502 0.231843
vt 0.385702 0.028620
vt 0.156988 0.295667
vt 0.153378 0.303503
vt 0.928659 0.410224
vt 0.942125 0.410224
vt 0.928659 0.472116
vt 0.359574 0.897718
vt 0.806661 0.087468
vt 0.806661 0.000132
vt 0.817773 0.001569
vt 0.001574 0.244955
vt 0.013171 0.140060
vt 0.014960 0.246435
vt 0.015410 0.247462
vt 0.002026 0.245982
vt 0.161984 0.312354
vt 0.049934 0.354087
vt 0.896802 0.234823
vt 0.318469 0.054677
vt 0.318576 0.048527
vt 0.318819 0.048599
vt 0.970904 0.947234
vt 0.980063 0.230850
vt 0.978707 0.230112
vt 0.979606 0.212332
vt 0.211820 0.652322
vt 0.198253 0.652322
vt 0.198253 0.545993
vt 0.538763 0.172828
vt 0.538763 0.065744
vt 0.552208 0.067460
vt 0.181205 0.637568
vt 0.181205 0.531241
vt 0.194959 0.637568
vt 0.351684 0.848592
vt 0.350907 0.829151
vt 0.352992 0.828809
vt 0.092590 0.860022
vt 0.094940 0.874680
vt 0.347092 0.914300
vt 0.351332 0.930500
vt 0.349510 0.930598
vt 0.081234 0.874178
vt 0.001407 0.246479
vt 0.015287 0.248578
vt 0.015041 0.250809
vt 0.001160 0.248710
vt 0.975536 0.948139
vt 0.974868 0.230978
vt 0.973326 0.231017
vt 0.973621 0.211708
vt 0.976708 0.211633
vt 0.977955 0.230903
vt 0.358067 0.848552
vt 0.355974 0.828426
vt 0.541669 0.670237
vt 0.526986 0.670237
vt 0.526986 0.564013
vt 0.510249 0.526916
vt 0.510249 0.419576
vt 0.524808 0.421589
vt 0.508607 0.293186
vt 0.522700 0.187902
vt 0.522700 0.295073
vt 0.236732 0.821988
vt 0.236732 0.735375
vt 0.248704 0.821988
vt 0.617720 0.820174
vt 0.607739 0.840676
vt 0.607061 0.840479
vt 0.100225 0.860748
vt 0.118029 0.874680
vt 0.001037 0.249825
vt 0.014917 0.251924
vt 0.014798 0.252708
vt 0.000348 0.250710
vt 0.154734 0.303384
vt 0.581489 0.945709
vt 0.578953 0.946341
vt 0.581324 0.934431
vt 0.156503 0.881874
vt 0.170117 0.881874
vt 0.156503 0.944231
vt 0.942125 0.472116
vt 0.318971 0.048590
vt 0.792481 0.937498
vt 0.791386 0.937777
vt 0.790220 0.924072
vt 0.079865 0.873224
vt 0.016861 0.275188
vt 0.016401 0.292965
vt 0.015490 0.274484
vt 0.016861 0.256620
vt 0.144375 0.589092
vt 0.130713 0.589092
vt 0.130713 0.482387
vt 0.021375 0.141095
vt 0.028446 0.247257
vt 0.828311 0.018769
vt 0.828311 0.105383
vt 0.817260 0.018769
vt 0.348982 0.829329
vt 0.347697 0.830204
vt 0.973896 0.741117
vt 0.972493 0.741771
vt 0.974605 0.722485
vt 0.976491 0.722686
vt 0.975782 0.741317
vt 0.896802 0.297180
vt 0.883188 0.234823
vt 0.790597 0.937910
vt 0.788336 0.924485
vt 0.789124 0.924352
vt 0.028898 0.248284
vt 0.028736 0.249394
vt 0.978250 0.211595
vt 0.978708 0.193013
vt 0.980063 0.193752
vt 0.101322 0.873457
vt 0.605843 0.840780
vt 0.596716 0.821602
vt 0.605783 0.867491
vt 0.356195 0.930676
vt 0.354905 0.947070
vt 0.352095 0.946430
vt 0.051737 0.098981
vt 0.054799 0.098614
vt 0.054799 0.118029
vt 0.354882 0.828573
vt 0.980743 0.741879
vt 0.978856 0.741691
vt 0.980777 0.722385
vt 0.982171 0.721712
vt 0.981838 0.741897
vt 0.029089 0.251142
vt 0.029004 0.252255
vt 0.029507 0.253277
vt 0.609128 0.187691
vt 0.623868 0.187691
vt 0.623868 0.294019
vt 0.389882 0.476063
vt 0.404671 0.582769
vt 0.389878 0.582769
vt 0.000348 0.357249
vt 0.972078 0.211747
vt 0.972021 0.231843
vt 0.970988 0.211803
vt 0.973271 0.192550
vt 0.974811 0.192463
vt 0.579315 0.934120
vt 0.581715 0.922526
vt 0.184529 0.881874
vt 0.170117 0.944231
vt 0.125406 0.648106
vt 0.111792 0.648106
vt 0.111792 0.541778
vt 0.647048 0.454201
vt 0.633438 0.347873
vt 0.647053 0.347873
vt 0.631245 0.130784
vt 0.631245 0.237112
vt 0.616833 0.130784
vt 0.973201 0.723139
vt 0.972482 0.703414
vt 0.974364 0.703650
vt 0.788367 0.909960
vt 0.789054 0.910368
vt 0.517453 0.883949
vt 0.531208 0.883947
vt 0.531866 0.946307
vt 0.517453 0.946307
vt 0.214756 0.799059
vt 0.232897 0.715967
vt 0.232897 0.803019
vt 0.275050 0.423659
vt 0.260769 0.529023
vt 0.260769 0.421723
vt 0.940018 0.527020
vt 0.938405 0.546674
vt 0.936566 0.546219
vt 0.938548 0.527504
vt 0.350126 0.946581
vt 0.349223 0.962562
vt 0.347092 0.962768
vt 0.348696 0.945976
vt 0.978890 0.722198
vt 0.977815 0.702541
vt 0.979698 0.702690
vt 0.937057 0.527090
vt 0.935614 0.546757
vt 0.933171 0.546882
vt 0.934615 0.527215
vt 0.977166 0.193103
vt 0.836358 0.423113
vt 0.834801 0.423004
vt 0.835503 0.400420
vt 0.836281 0.400980
vt 0.837386 0.422671
vt 0.607003 0.867850
vt 0.608734 0.868286
vt 0.630191 0.887326
vt 0.753159 0.859926
vt 0.755711 0.843867
vt 0.757898 0.843481
vt 0.583872 0.887326
vt 0.508098 0.270835
vt 0.508098 0.163491
vt 0.522700 0.165515
vt 0.126460 0.534401
vt 0.126460 0.640729
vt 0.112706 0.534401
vt 0.832503 0.423426
vt 0.831520 0.401669
vt 0.832719 0.401038
vt 0.833969 0.423640
vt 0.971935 0.191775
vt 0.087468 0.625976
vt 0.072726 0.625976
vt 0.072726 0.519648
vt 0.933124 0.526801
vt 0.931680 0.546468
vt 0.929837 0.546029
vt 0.931659 0.527298
vt 0.579483 0.921631
vt 0.581350 0.911270
vt 0.198120 0.881864
vt 0.183872 0.944233
vt 0.765082 0.843432
vt 0.762970 0.843725
vt 0.763636 0.827318
vt 0.096952 0.590145
vt 0.083313 0.590145
vt 0.083313 0.483441
vt 0.329015 0.545885
vt 0.329015 0.438691
vt 0.342495 0.440415
vt 0.499516 0.132429
vt 0.485184 0.238166
vt 0.485184 0.130486
vt 0.545457 0.946317
vt 0.787569 0.910003
vt 0.788186 0.896347
vt 0.788984 0.896383
vt 0.837755 0.400530
vt 0.838102 0.423595
vt 0.836725 0.378874
vt 0.641893 0.000109
vt 0.655483 0.000109
vt 0.655483 0.106437
vt 0.276104 0.421830
vt 0.276104 0.529023
vt 0.262623 0.527300
vt 0.213215 0.632299
vt 0.213215 0.525971
vt 0.227628 0.632299
vt 0.975406 0.702977
vt 0.976752 0.241069
vt 0.978242 0.240629
vt 0.975783 0.259719
vt 0.973327 0.259656
vt 0.974296 0.241006
vt 0.936928 0.565784
vt 0.935451 0.565322
vt 0.350675 0.963202
vt 0.172517 0.254725
vt 0.174936 0.235369
vt 0.174936 0.255027
vt 0.761030 0.843373
vt 0.759759 0.827329
vt 0.761900 0.826915
vt 0.933005 0.565396
vt 0.932035 0.565984
vt 0.833681 0.400434
vt 0.832431 0.378834
vt 0.834573 0.378824
vt 0.981583 0.702877
vt 0.970653 0.239905
vt 0.972475 0.240455
vt 0.970016 0.259546
vt 0.000581 0.425954
vt 0.014754 0.427860
vt 0.000581 0.533239
vt 0.635460 0.475278
vt 0.621159 0.368950
vt 0.635460 0.368949
vt 0.642837 0.108655
vt 0.642837 0.214982
vt 0.629083 0.108655
vt 0.485827 0.239117
vt 0.499516 0.240888
vt 0.485827 0.346711
vt 0.075935 0.533239
vt 0.075935 0.426024
vt 0.089576 0.427789
vt 0.591199 0.400189
vt 0.591199 0.506893
vt 0.576848 0.400189
vt 0.754112 0.844075
vt 0.753159 0.826979
vt 0.755191 0.826673
vt 0.057177 0.002406
vt 0.059015 0.001971
vt 0.059015 0.021077
vt 0.579011 0.909218
vt 0.580368 0.900052
vt 0.393118 0.371821
vt 0.406779 0.371821
vt 0.393118 0.434178
vt 0.809342 0.671291
vt 0.790331 0.588393
vt 0.809342 0.584032
vt 0.790080 0.896104
vt 0.792481 0.882655
vt 0.977604 0.260270
vt 0.980063 0.241179
vt 0.979094 0.259830
vt 0.978580 0.279017
vt 0.977097 0.279480
vt 0.545509 0.883959
vt 0.559118 0.946328
vt 0.790597 0.882795
vt 0.791386 0.882935
vt 0.424844 0.514637
vt 0.438394 0.409177
vt 0.438394 0.516377
vt 0.938387 0.565270
vt 0.940018 0.583892
vt 0.938558 0.584405
vt 0.762749 0.810758
vt 0.764531 0.811021
vt 0.835836 0.378723
vt 0.836372 0.356691
vt 0.837706 0.357378
vt 0.938258 0.584841
vt 0.934844 0.585393
vt 0.756725 0.827242
vt 0.756979 0.809776
vt 0.760813 0.810324
vt 0.971838 0.260096
vt 0.972811 0.280319
vt 0.970975 0.279760
vt 0.930197 0.565578
vt 0.932039 0.585583
vt 0.181452 0.421684
vt 0.196013 0.423697
vt 0.181452 0.529023
vt 0.470152 0.374110
vt 0.470152 0.266390
vt 0.484762 0.268410
vt 0.260748 0.632299
vt 0.260748 0.525971
vt 0.275050 0.632299
vt 0.831654 0.378349
vt 0.830278 0.379004
vt 0.829697 0.355498
vt 0.830852 0.355674
vt 0.906146 0.762092
vt 0.907393 0.751919
vt 0.907383 0.766098
vt 0.904881 0.775499
vt 0.781943 0.929479
vt 0.767778 0.929479
vt 0.781943 0.867122
vt 0.674788 0.840957
vt 0.674788 0.755907
vt 0.693421 0.755907
vt 0.870465 0.357665
vt 0.869013 0.357245
vt 0.868816 0.341125
vt 0.468546 0.165167
vt 0.482655 0.167047
vt 0.468546 0.272942
vt 0.016519 0.533239
vt 0.016519 0.425970
vt 0.030561 0.427841
vt 0.112847 0.115226
vt 0.126460 0.009267
vt 0.126460 0.116975
vt 0.013700 0.641783
vt 0.000039 0.641783
vt 0.000039 0.535455
vt 0.211820 0.644945
vt 0.198158 0.538617
vt 0.211820 0.538616
vt 0.277745 0.634406
vt 0.277745 0.528078
vt 0.291911 0.634406
vt 0.868274 0.204813
vt 0.868215 0.221988
vt 0.866788 0.222184
vt 0.866428 0.205036
vt 0.980063 0.278554
vt 0.414159 0.948448
vt 0.413434 0.948443
vt 0.414245 0.935601
vt 0.414939 0.935810
vt 0.415062 0.947964
vt 0.940018 0.748220
vt 0.925851 0.748220
vt 0.925851 0.685863
vt 0.559170 0.883971
vt 0.573284 0.946341
vt 0.189321 0.867657
vt 0.187314 0.868271
vt 0.187267 0.851272
vt 0.188962 0.851803
vt 0.190711 0.867393
vt 0.867035 0.356775
vt 0.863704 0.357289
vt 0.865037 0.341348
vt 0.867296 0.340835
vt 0.974285 0.279830
vt 0.861091 0.204551
vt 0.864677 0.205162
vt 0.862683 0.221615
vt 0.860023 0.221810
vt 0.183367 0.207569
vt 0.182507 0.222171
vt 0.182012 0.207798
vt 0.835484 0.356121
vt 0.835498 0.339014
vt 0.747509 0.977955
vt 0.759410 0.954901
vt 0.760307 0.954354
vt 0.855711 0.338639
vt 0.933877 0.585930
vt 0.194818 0.867668
vt 0.193712 0.867674
vt 0.193527 0.850899
vt 0.194575 0.850874
vt 0.196013 0.868357
vt 0.755542 0.809246
vt 0.754168 0.809198
vt 0.861747 0.357315
vt 0.860045 0.358303
vt 0.859802 0.340882
vt 0.862538 0.341097
vt 0.508141 0.403617
vt 0.508141 0.296278
vt 0.522700 0.298291
vt 0.491097 0.621760
vt 0.491097 0.515432
vt 0.505839 0.621760
vt 0.407246 0.889434
vt 0.407291 0.874558
vt 0.408887 0.874568
vt 0.514270 0.926278
vt 0.512586 0.946341
vt 0.512533 0.927020
vt 0.512568 0.906306
vt 0.612331 0.022239
vt 0.627030 0.022239
vt 0.627030 0.128567
vt 0.906558 0.779923
vt 0.906158 0.789891
vt 0.753298 0.929479
vt 0.767778 0.867122
vt 0.911371 0.685863
vt 0.413520 0.935596
vt 0.413608 0.922465
vt 0.414334 0.922470
vt 0.197066 0.538617
vt 0.197066 0.644945
vt 0.183382 0.538617
vt 0.185475 0.851689
vt 0.180960 0.836151
vt 0.183015 0.835673
vt 0.110195 0.054799
vt 0.110195 0.035478
vt 0.111706 0.035785
vt 0.761766 0.953372
vt 0.788266 0.956001
vt 0.749892 0.932103
vt 0.467901 0.639676
vt 0.454218 0.639676
vt 0.454218 0.533347
vt 0.643890 0.591199
vt 0.630206 0.484870
vt 0.643891 0.484870
vt 0.154447 0.637568
vt 0.154447 0.531240
vt 0.168613 0.637568
vt 0.868323 0.324865
vt 0.870465 0.325239
vt 0.864968 0.221480
vt 0.866274 0.239536
vt 0.863979 0.239717
vt 0.191564 0.851180
vt 0.189460 0.834046
vt 0.191018 0.834703
vt 0.904885 0.811450
vt 0.730101 0.929479
vt 0.753298 0.867122
vt 0.417317 0.922897
vt 0.414460 0.903620
vt 0.861957 0.323948
vt 0.864578 0.324079
vt 0.038742 0.257135
vt 0.040121 0.257147
vt 0.038756 0.270849
vt 0.453147 0.578553
vt 0.439470 0.578553
vt 0.439470 0.471724
vt 0.524808 0.287991
vt 0.524808 0.395187
vt 0.511304 0.393457
vt 0.579607 0.291517
vt 0.579607 0.398348
vt 0.565859 0.291517
vt 0.870166 0.238625
vt 0.872572 0.238124
vt 0.455110 0.927763
vt 0.454811 0.928424
vt 0.431234 0.927672
vt 0.431974 0.925793
vt 0.455255 0.926776
vt 0.911371 0.748220
vt 0.890570 0.685863
vt 0.413434 0.903602
vt 0.809093 0.338639
vt 0.040002 0.161361
vt 0.039823 0.142538
vt 0.042153 0.161719
vt 0.040002 0.181259
vt 0.037851 0.180901
vt 0.037851 0.161002
vt 0.038748 0.142358
vt 0.180575 0.222134
vt 0.181109 0.236058
vt 0.046382 0.426018
vt 0.060068 0.427795
vt 0.046382 0.533239
vt 0.639673 0.106437
vt 0.625875 0.000109
vt 0.639676 0.000109
vt 0.346722 0.624922
vt 0.346722 0.518594
vt 0.361464 0.624922
vt 0.180575 0.207200
vt 0.186029 0.834896
vt 0.635845 0.932531
vt 0.636356 0.931358
vt 0.657137 0.947652
vt 0.655469 0.949157
vt 0.634793 0.933326
vt 0.749110 0.932582
vt 0.747509 0.931851
vt 0.933409 0.303454
vt 0.935961 0.303132
vt 0.938190 0.319798
vt 0.936846 0.319679
vt 0.931663 0.303392
vt 0.862236 0.308359
vt 0.081152 0.900517
vt 0.082199 0.919030
vt 0.080660 0.919117
vt 0.042153 0.257135
vt 0.041335 0.270849
vt 0.390915 0.470669
vt 0.405725 0.470669
vt 0.405725 0.577500
vt 0.620707 0.517431
vt 0.605965 0.411103
vt 0.620707 0.411103
vt 0.483709 0.378820
vt 0.469958 0.484762
vt 0.469958 0.377035
vt 0.402594 0.874680
vt 0.402746 0.846875
vt 0.403556 0.847266
vt 0.858573 0.340958
vt 0.860136 0.324645
vt 0.648106 0.649160
vt 0.634493 0.649160
vt 0.634493 0.542833
vt 0.523951 0.267673
vt 0.523951 0.160477
vt 0.537454 0.162207
vt 0.584913 0.604899
vt 0.584913 0.498571
vt 0.604899 0.604899
vt 0.039901 0.290858
vt 0.431880 0.928544
vt 0.414591 0.956879
vt 0.890570 0.748220
vt 0.273971 0.843065
vt 0.273971 0.758015
vt 0.305611 0.758015
vt 0.657745 0.945899
vt 0.636480 0.930533
vt 0.657800 0.944893
vt 0.678667 0.930533
vt 0.936521 0.343549
vt 0.939513 0.319662
vt 0.673343 0.940632
vt 0.350440 0.333193
vt 0.351980 0.333106
vt 0.351980 0.360410
vt 0.438394 0.598576
vt 0.418407 0.598576
vt 0.418407 0.492248
vt 0.862304 0.238375
vt 0.129639 0.920415
vt 0.132006 0.921379
vt 0.130259 0.937484
vt 0.765252 0.386167
vt 0.764401 0.371030
vt 0.766463 0.371064
vt 0.767189 0.386192
vt 0.764401 0.400456
vt 0.860174 0.308257
vt 0.859401 0.285203
vt 0.414591 0.898998
vt 0.082199 0.946341
vt 0.938685 0.302786
vt 0.941864 0.319146
vt 0.305538 0.090769
vt 0.307719 0.090769
vt 0.305538 0.118029
vt 0.862392 0.256057
vt 0.864159 0.256013
vt 0.860023 0.280319
vt 0.440501 0.794283
vt 0.405712 0.819763
vt 0.404442 0.818489
vt 0.132783 0.937557
vt 0.129639 0.961094
vt 0.939740 0.301700
vt 0.944233 0.318761
vt 0.299215 0.263599
vt 0.301396 0.263599
vt 0.299215 0.290857
vt 0.660938 0.961467
vt 0.192295 0.834558
vt 0.193765 0.817874
vt 0.243435 0.632299
vt 0.229023 0.632299
vt 0.229023 0.525971
vt 0.229735 0.240274
vt 0.215255 0.133444
vt 0.229735 0.133444
vt 0.074822 0.427795
vt 0.061137 0.533239
vt 0.061137 0.426019
vt 0.944233 0.285882
vt 0.408568 0.860757
vt 0.406370 0.860643
vt 0.408009 0.846183
vt 0.653717 0.949953
vt 0.643933 0.977955
vt 0.408887 0.826024
vt 0.406154 0.846085
vt 0.192235 0.818095
vt 0.196013 0.794766
vt 0.144317 0.529023
vt 0.144317 0.422194
vt 0.164398 0.529023
vt 0.766839 0.350193
vt 0.403377 0.819153
vt 0.368136 0.794283
vt 0.229153 0.421723
vt 0.243435 0.423659
vt 0.229153 0.529023
vt 0.244961 0.529023
vt 0.244961 0.421723
vt 0.259243 0.423659
vt 0.581751 0.386756
vt 0.581751 0.280428
vt 0.601738 0.386756
vt 0.012077 0.067445
vt 0.012077 0.017298
vt 0.012646 0.019473
vt 0.056332 0.186198
s 1
usemtl Material.003
f 1/1/1 2/2/2 3/3/3
f 1/4/1 3/5/3 4/6/4
f 1/4/1 4/6/4 5/7/5
f 1/8/1 5/9/5 6/10/5
f 1/11/1 6/12/5 7/13/6
f 1/11/1 7/13/6 8/14/7
f 1/11/1 8/14/7 2/15/2
f 9/16/8 2/15/2 8/14/7
f 9/16/8 8/14/7 10/17/9
f 9/16/8 10/17/9 11/18/10
f 9/19/8 11/20/10 12/21/11
f 9/19/8 12/21/11 13/22/12
f 9/19/8 13/22/12 2/23/2
f 14/24/13 2/25/2 13/26/12
f 14/27/13 13/28/12 15/29/14
f 14/30/13 15/31/14 16/32/15
f 14/33/13 16/34/15 17/35/16
f 14/33/13 17/35/16 3/36/3
f 14/37/13 3/38/3 2/39/2
f 18/40/17 19/41/18 20/42/19
f 18/43/17 20/44/19 21/45/20
f 18/46/17 21/47/20 22/48/21
f 18/49/17 22/50/21 23/51/22
f 18/49/17 23/51/22 24/52/23
f 18/49/17 24/52/23 19/53/18
f 25/54/7 19/53/18 24/52/23
f 25/54/7 24/52/23 26/55/24
f 25/54/7 26/55/24 27/56/25
f 25/54/7 27/56/25 28/57/26
f 25/54/7 28/57/26 19/53/18
f 29/58/27 19/53/18 28/57/26
f 29/58/27 28/57/26 30/59/28
f 29/60/27 30/61/28 31/62/27
f 29/63/27 31/64/27 20/65/19
f 29/66/27 20/42/19 19/41/18
f 32/67/29 4/68/4 3/69/3
f 32/70/29 3/36/3 17/35/16
f 32/70/29 17/35/16 33/71/30
f 32/70/29 33/71/30 34/72/30
f 32/67/29 34/73/30 35/74/31
f 32/67/29 35/74/31 4/68/4
f 36/75/32 4/68/4 35/74/31
f 36/75/32 35/74/31 37/76/30
f 36/75/32 37/76/30 38/77/33
f 36/75/32 38/77/33 39/78/34
f 36/75/32 39/78/34 5/79/5
f 36/75/32 5/79/5 4/68/4
f 40/80/31 21/81/20 20/82/19
f 40/80/31 20/82/19 41/83/35
f 40/80/31 41/83/35 42/84/30
f 40/80/31 42/84/30 43/85/36
f 40/86/31 43/87/36 21/88/20
f 44/89/37 21/88/20 43/87/36
f 44/89/37 43/87/36 45/90/38
f 44/91/37 45/92/38 46/93/39
f 44/94/37 46/95/39 47/96/40
f 44/97/37 47/98/40 22/99/21
f 44/100/37 22/101/21 21/102/20
f 41/83/35 20/82/19 31/103/27
f 41/83/35 31/103/27 48/104/41
f 41/83/35 48/104/41 49/105/42
f 41/83/35 49/105/42 42/84/30
f 50/106/43 7/13/6 6/12/5
f 50/107/43 6/108/5 39/109/34
f 50/107/43 39/109/34 51/110/44
f 50/106/43 51/111/44 52/112/45
f 50/106/43 52/112/45 53/113/45
f 50/106/43 53/113/45 7/13/6
f 10/17/9 8/14/7 7/13/6
f 10/17/9 7/13/6 53/113/45
f 10/17/9 53/113/45 54/114/46
f 10/17/9 54/114/46 55/115/47
f 10/17/9 55/115/47 11/18/10
f 56/116/48 24/52/23 23/51/22
f 56/117/48 23/118/22 57/119/49
f 56/117/48 57/119/49 58/120/50
f 56/117/48 58/120/50 59/121/51
f 56/116/48 59/122/51 26/55/24
f 56/116/48 26/55/24 24/52/23
f 27/56/25 26/55/24 60/123/52
f 27/56/25 60/123/52 61/124/53
f 27/56/25 61/124/53 62/125/54
f 27/56/25 62/125/54 63/126/55
f 27/56/25 63/126/55 64/127/55
f 27/56/25 64/127/55 28/57/26
f 30/59/28 28/57/26 64/127/55
f 30/59/28 64/127/55 65/128/56
f 30/129/28 65/130/56 66/131/57
f 30/132/28 66/133/57 48/134/41
f 30/132/28 48/134/41 31/135/27
f 39/136/34 6/137/5 5/138/5
f 67/139/58 13/22/12 12/21/11
f 67/140/58 12/141/11 68/142/59
f 67/140/58 68/142/59 69/143/60
f 67/144/58 69/145/60 70/146/61
f 67/147/58 70/148/61 15/149/14
f 67/150/58 15/151/14 13/152/12
f 71/153/62 22/154/21 47/155/40
f 71/153/62 47/155/40 72/156/63
f 71/153/62 72/156/63 73/157/64
f 71/153/62 73/157/64 57/119/49
f 71/153/62 57/119/49 23/118/22
f 71/153/62 23/118/22 22/154/21
f 37/76/30 35/74/31 34/73/30
f 37/76/30 34/73/30 74/158/30
f 37/76/30 74/158/30 75/159/30
f 37/76/30 75/159/30 76/160/30
f 37/76/30 76/160/30 77/161/33
f 37/76/30 77/161/33 38/77/33
f 78/162/30 43/87/36 42/163/30
f 78/164/30 42/84/30 79/165/30
f 78/164/30 79/165/30 80/166/30
f 78/162/30 80/167/30 81/168/30
f 78/162/30 81/168/30 45/90/38
f 78/162/30 45/90/38 43/87/36
f 82/169/65 11/20/10 83/170/66
f 82/169/65 83/170/66 84/171/67
f 82/169/65 84/171/67 85/172/68
f 82/173/65 85/174/68 68/142/59
f 82/169/65 68/175/59 12/21/11
f 82/169/65 12/21/11 11/20/10
f 55/115/47 54/114/46 86/176/54
f 55/115/47 86/176/54 87/177/69
f 55/115/47 87/177/69 88/178/70
f 55/115/47 88/178/70 89/179/71
f 55/115/47 89/179/71 83/180/66
f 55/115/47 83/180/66 11/18/10
f 59/121/51 58/120/50 90/181/72
f 59/121/51 90/181/72 91/182/73
f 59/122/51 91/183/73 60/123/52
f 59/122/51 60/123/52 26/55/24
f 52/112/45 51/111/44 92/184/45
f 52/112/45 92/184/45 93/185/46
f 52/112/45 93/185/46 54/114/46
f 52/112/45 54/114/46 53/113/45
f 63/186/55 62/187/54 94/188/55
f 63/186/55 94/188/55 95/189/56
f 63/186/55 95/189/56 65/190/56
f 63/126/55 65/128/56 64/127/55
f 96/191/74 39/78/34 38/77/33
f 96/191/74 38/77/33 77/161/33
f 96/191/74 77/161/33 97/192/74
f 96/193/74 97/194/74 98/195/44
f 96/196/74 98/197/44 51/198/44
f 96/199/74 51/200/44 39/201/34
f 99/202/42 48/104/41 66/203/57
f 99/202/42 66/203/57 100/204/42
f 99/202/42 100/204/42 101/205/30
f 99/202/42 101/205/30 102/206/30
f 99/202/42 102/206/30 49/105/42
f 99/202/42 49/105/42 48/104/41
f 103/207/30 34/72/30 33/71/30
f 103/208/30 33/209/30 104/210/30
f 103/211/30 104/212/30 105/213/75
f 103/214/30 105/215/75 106/216/76
f 103/207/30 106/217/76 74/218/30
f 103/207/30 74/218/30 34/72/30
f 107/219/30 17/220/16 16/221/15
f 107/222/30 16/32/15 108/223/30
f 107/222/30 108/223/30 109/224/30
f 107/222/30 109/224/30 104/225/30
f 107/226/30 104/227/30 33/228/30
f 107/229/30 33/71/30 17/35/16
f 110/230/77 45/92/38 81/231/30
f 110/230/77 81/231/30 111/232/30
f 110/230/77 111/232/30 112/233/78
f 110/230/77 112/233/78 113/234/79
f 110/230/77 113/234/79 46/93/39
f 110/230/77 46/93/39 45/92/38
f 102/206/30 101/205/30 114/235/30
f 102/206/30 114/235/30 79/165/30
f 102/206/30 79/165/30 42/84/30
f 102/206/30 42/84/30 49/105/42
f 115/236/80 47/237/40 46/238/39
f 115/239/80 46/240/39 113/241/79
f 115/242/80 113/243/79 116/244/81
f 115/245/80 116/246/81 117/247/82
f 115/245/80 117/247/82 72/156/63
f 115/245/80 72/156/63 47/155/40
f 118/248/83 15/31/14 70/249/61
f 118/248/83 70/249/61 119/250/84
f 118/248/83 119/250/84 120/251/30
f 118/248/83 120/251/30 108/223/30
f 118/248/83 108/223/30 16/32/15
f 118/248/83 16/32/15 15/31/14
f 121/252/30 81/168/30 80/167/30
f 121/252/30 80/167/30 122/253/85
f 121/252/30 122/253/85 123/254/86
f 121/252/30 123/254/86 124/255/30
f 121/256/30 124/257/30 111/232/30
f 121/256/30 111/232/30 81/231/30
f 125/258/87 83/180/66 89/179/71
f 125/258/87 89/179/71 126/259/88
f 125/258/87 126/259/88 127/260/89
f 125/261/87 127/262/89 128/263/90
f 125/261/87 128/263/90 84/171/67
f 125/261/87 84/171/67 83/170/66
f 129/264/91 60/123/52 91/183/73
f 129/264/91 91/183/73 130/265/92
f 129/264/91 130/265/92 131/266/93
f 129/264/91 131/266/93 132/267/94
f 129/264/91 132/267/94 61/124/53
f 129/264/91 61/124/53 60/123/52
f 133/268/95 68/142/59 85/174/68
f 133/268/95 85/174/68 134/269/96
f 133/268/95 134/269/96 135/270/97
f 133/268/95 135/270/97 136/271/98
f 133/268/95 136/271/98 69/143/60
f 133/268/95 69/143/60 68/142/59
f 137/272/99 74/218/30 106/217/76
f 137/272/99 106/217/76 138/273/100
f 137/272/99 138/273/100 139/274/101
f 137/275/99 139/276/101 140/277/102
f 137/275/99 140/277/102 75/159/30
f 137/275/99 75/159/30 74/158/30
f 141/278/103 80/166/30 79/165/30
f 141/278/103 79/165/30 142/279/104
f 141/278/103 142/279/104 143/280/105
f 141/278/103 143/280/105 144/281/106
f 141/278/103 144/281/106 122/282/85
f 141/278/103 122/282/85 80/166/30
f 145/283/107 85/174/68 84/284/67
f 145/285/107 84/286/67 128/287/90
f 145/283/107 128/288/90 146/289/108
f 145/283/107 146/289/108 147/290/109
f 145/283/107 147/290/109 134/269/96
f 145/283/107 134/269/96 85/174/68
f 148/291/110 57/119/49 73/157/64
f 148/291/110 73/157/64 149/292/111
f 148/291/110 149/292/111 150/293/112
f 148/291/110 150/293/112 151/294/113
f 148/291/110 151/294/113 58/120/50
f 148/291/110 58/120/50 57/119/49
f 152/295/30 111/232/30 124/257/30
f 152/296/30 124/297/30 153/298/30
f 152/296/30 153/298/30 154/299/30
f 152/296/30 154/299/30 155/300/114
f 152/296/30 155/300/114 112/301/78
f 152/295/30 112/233/78 111/232/30
f 156/302/115 72/156/63 117/247/82
f 156/302/115 117/247/82 157/303/116
f 156/304/115 157/305/116 158/306/117
f 156/302/115 158/307/117 149/292/111
f 156/302/115 149/292/111 73/157/64
f 156/302/115 73/157/64 72/156/63
f 159/308/118 69/309/60 136/310/98
f 159/311/118 136/312/98 160/313/119
f 159/314/118 160/315/119 161/316/120
f 159/314/118 161/316/120 119/250/84
f 159/314/118 119/250/84 70/249/61
f 159/317/118 70/318/61 69/319/60
f 162/320/121 113/234/79 112/233/78
f 162/320/121 112/233/78 155/321/114
f 162/320/121 155/321/114 163/322/122
f 162/323/121 163/324/122 164/325/123
f 162/326/121 164/327/123 116/328/81
f 162/329/121 116/330/81 113/331/79
f 165/332/124 122/282/85 144/281/106
f 165/333/124 144/334/106 166/335/125
f 165/336/124 166/337/125 131/338/93
f 165/339/124 131/340/93 167/341/126
f 165/342/124 167/343/126 123/344/86
f 165/345/124 123/254/86 122/253/85
f 93/346/46 92/347/45 168/348/46
f 93/346/46 168/348/46 169/349/54
f 93/346/46 169/349/54 86/350/54
f 93/185/46 86/176/54 54/114/46
f 170/351/127 61/124/53 132/267/94
f 170/351/127 132/267/94 171/352/128
f 170/353/127 171/354/128 172/355/129
f 170/353/127 172/355/129 173/356/46
f 170/353/127 173/356/46 61/357/53
f 174/358/54 61/357/53 173/356/46
f 174/359/54 173/360/46 175/361/54
f 174/359/54 175/361/54 176/362/55
f 174/359/54 176/362/55 94/363/55
f 174/358/54 94/188/55 62/187/54
f 174/358/54 62/187/54 61/357/53
f 177/364/130 89/179/71 88/178/70
f 177/364/130 88/178/70 178/365/131
f 177/366/130 178/367/131 179/368/132
f 177/369/130 179/370/132 180/371/133
f 177/369/130 180/371/133 181/372/134
f 177/373/130 181/374/134 126/375/88
f 177/364/130 126/259/88 89/179/71
f 182/376/135 128/263/90 127/262/89
f 182/377/135 127/378/89 139/379/101
f 182/380/135 139/381/101 138/382/100
f 182/383/135 138/384/100 183/385/136
f 182/386/135 183/387/136 146/289/108
f 182/376/135 146/388/108 128/263/90
f 184/389/137 91/182/73 90/181/72
f 184/389/137 90/181/72 185/390/138
f 184/391/137 185/392/138 186/393/139
f 184/394/137 186/395/139 187/396/140
f 184/397/137 187/398/140 130/399/92
f 184/389/137 130/400/92 91/182/73
f 166/335/125 144/334/106 143/401/105
f 166/402/125 143/403/105 171/404/128
f 166/405/125 171/352/128 132/267/94
f 166/405/125 132/267/94 131/266/93
f 98/406/44 97/407/74 188/408/44
f 98/409/44 188/410/44 189/411/45
f 98/409/44 189/411/45 92/347/45
f 98/412/44 92/184/45 51/111/44
f 181/413/134 180/414/133 140/415/102
f 181/416/134 140/277/102 139/276/101
f 181/417/134 139/418/101 127/419/89
f 181/374/134 127/420/89 126/375/88
f 167/421/126 131/422/93 130/423/92
f 167/424/126 130/425/92 187/426/140
f 167/427/126 187/428/140 190/429/141
f 167/343/126 190/430/141 123/344/86
f 191/431/57 65/432/56 95/433/56
f 191/434/57 95/435/56 192/436/57
f 191/434/57 192/436/57 193/437/42
f 191/434/57 193/437/42 100/438/42
f 191/439/57 100/204/42 66/203/57
f 191/440/57 66/441/57 65/442/56
f 194/443/142 195/444/143 196/445/30
f 194/443/142 196/445/30 197/446/30
f 194/443/142 197/446/30 198/447/144
f 194/443/142 198/447/144 199/448/145
f 194/449/142 199/450/145 200/451/146
f 194/449/142 200/451/146 201/452/147
f 194/449/142 201/452/147 195/453/143
f 195/454/143 201/455/147 202/456/148
f 195/454/143 202/456/148 203/457/149
f 195/458/143 203/459/149 196/460/30
f 204/461/150 205/462/151 206/463/152
f 204/461/150 206/463/152 207/464/153
f 204/461/150 207/464/153 208/465/154
f 204/461/150 208/465/154 209/466/154
f 204/467/150 209/468/154 210/469/155
f 204/467/150 210/469/155 211/470/30
f 204/467/150 211/470/30 205/471/151
f 212/472/156 205/473/151 213/474/30
f 212/472/156 213/474/30 214/475/30
f 212/472/156 214/475/30 215/476/30
f 212/472/156 215/476/30 216/477/157
f 212/478/156 216/479/157 217/480/158
f 212/478/156 217/480/158 218/481/159
f 212/478/156 218/481/159 205/482/151
f 211/470/30 210/469/155 219/483/30
f 211/470/30 219/483/30 213/484/30
f 211/470/30 213/484/30 205/471/151
f 205/482/151 218/481/159 206/485/152
f 199/448/145 198/447/144 220/486/160
f 199/450/145 220/487/160 221/488/145
f 199/450/145 221/488/145 200/451/146
f 222/489/33 77/161/33 76/160/30
f 222/489/33 76/160/30 223/490/30
f 222/491/33 223/492/30 224/493/33
f 222/491/33 224/493/33 225/494/74
f 222/491/33 225/494/74 97/495/74
f 222/489/33 97/192/74 77/161/33
f 75/159/30 140/277/102 226/496/161
f 75/159/30 226/496/161 227/497/30
f 75/159/30 227/497/30 223/490/30
f 75/159/30 223/490/30 76/160/30
f 180/414/133 179/498/132 228/499/162
f 180/414/133 228/499/162 226/500/161
f 180/414/133 226/500/161 140/415/102
f 229/501/163 106/502/76 105/503/75
f 229/504/163 105/505/75 230/506/164
f 229/507/163 230/508/164 231/509/165
f 229/510/163 231/511/165 183/512/136
f 229/513/163 183/514/136 138/515/100
f 229/516/163 138/273/100 106/217/76
f 190/429/141 187/428/140 232/517/166
f 190/429/141 232/517/166 153/298/30
f 190/429/141 153/298/30 124/297/30
f 190/429/141 124/297/30 123/518/86
f 233/519/167 79/165/30 114/235/30
f 233/520/167 114/521/30 234/522/167
f 233/520/167 234/522/167 235/523/168
f 233/520/167 235/523/168 236/524/168
f 233/519/167 236/525/168 142/279/104
f 233/519/167 142/279/104 79/165/30
f 237/526/169 134/269/96 147/290/109
f 237/526/169 147/290/109 238/527/170
f 237/528/169 238/529/170 239/530/171
f 237/528/169 239/530/171 240/531/172
f 237/528/169 240/531/172 135/532/97
f 237/526/169 135/270/97 134/269/96
f 151/294/113 150/293/112 241/533/173
f 151/294/113 241/533/173 185/390/138
f 151/294/113 185/390/138 90/181/72
f 151/294/113 90/181/72 58/120/50
f 87/534/69 86/350/54 242/535/69
f 87/534/69 242/535/69 243/536/131
f 87/534/69 243/536/131 178/537/131
f 87/177/69 178/365/131 88/178/70
f 244/538/174 171/404/128 143/403/105
f 244/539/174 143/540/105 236/541/168
f 244/542/174 236/543/168 245/544/174
f 244/542/174 245/544/174 246/545/129
f 244/542/174 246/545/129 172/546/129
f 244/547/174 172/355/129 171/354/128
f 247/548/30 198/447/144 197/446/30
f 247/548/30 197/446/30 248/549/30
f 247/550/30 249/551/30 248/552/30
f 247/550/30 250/553/175 249/551/30
f 247/554/30 250/555/30 251/556/42
f 247/548/30 251/557/42 252/558/176
f 247/548/30 252/558/176 198/447/144
f 220/486/160 198/447/144 252/558/176
f 220/486/160 252/558/176 253/559/57
f 220/487/160 253/560/57 254/561/177
f 220/487/160 254/561/177 221/488/145
f 248/549/30 197/446/30 196/445/30
f 248/562/30 196/460/30 255/563/30
f 248/564/30 255/565/30 256/566/30
f 248/567/30 256/568/30 249/569/30
f 203/457/149 202/456/148 257/570/178
f 203/457/149 257/570/178 258/571/179
f 203/459/149 258/572/179 259/573/30
f 203/459/149 259/573/30 255/563/30
f 203/459/149 255/563/30 196/460/30
f 214/574/30 213/484/30 219/483/30
f 214/575/30 260/576/30 219/577/30
f 214/578/30 260/579/30 261/580/180
f 214/581/30 262/582/181 261/583/181
f 214/581/30 263/584/181 262/582/181
f 214/585/30 264/586/30 263/587/181
f 214/588/30 264/589/30 265/590/181
f 214/591/182 266/592/182 265/593/181
f 214/594/30 266/595/30 267/596/30
f 214/594/30 267/596/30 268/597/30
f 214/594/30 268/597/30 269/598/181
f 214/599/30 270/600/30 269/601/181
f 214/602/30 270/603/30 271/604/181
f 214/605/30 272/606/30 271/607/181
f 214/608/30 272/609/30 273/610/30
f 214/608/30 273/610/30 274/611/30
f 214/612/30 274/613/30 275/614/30
f 214/615/30 275/616/30 276/617/181
f 214/618/30 277/619/30 276/620/181
f 214/621/30 277/622/30 278/623/30
f 214/624/183 215/625/30 278/626/184
f 279/627/185 210/469/155 209/468/154
f 279/628/185 209/466/154 280/629/186
f 279/628/185 280/629/186 281/630/74
f 279/631/185 281/632/74 282/633/33
f 279/627/185 282/634/33 283/635/187
f 279/627/185 283/635/187 210/469/155
f 283/636/187 282/637/33 260/638/30
f 283/639/187 260/640/30 219/641/30
f 283/635/187 219/483/30 210/469/155
f 280/629/186 209/466/154 208/465/154
f 236/525/168 143/280/105 142/279/104
f 228/642/162 179/643/132 284/644/162
f 228/642/162 284/644/162 285/645/30
f 228/642/162 285/645/30 227/646/30
f 228/647/162 227/497/30 226/496/161
f 286/648/188 104/225/30 109/224/30
f 286/648/188 109/224/30 287/649/189
f 286/648/188 287/649/189 288/650/190
f 286/648/188 288/650/190 230/506/164
f 286/648/188 230/506/164 105/505/75
f 286/648/188 105/505/75 104/225/30
f 289/651/30 108/223/30 120/251/30
f 289/651/30 120/251/30 290/652/30
f 289/651/30 290/652/30 291/653/191
f 289/651/30 291/653/191 287/649/189
f 289/651/30 287/649/189 109/224/30
f 289/651/30 109/224/30 108/223/30
f 292/654/192 146/289/108 183/387/136
f 292/654/192 183/387/136 231/655/165
f 292/654/192 231/655/165 293/656/193
f 292/654/192 293/656/193 238/527/170
f 292/654/192 238/527/170 147/290/109
f 292/654/192 147/290/109 146/289/108
f 294/657/194 136/658/98 135/532/97
f 294/657/194 135/532/97 240/531/172
f 294/659/194 240/660/172 295/661/195
f 294/662/194 295/663/195 296/664/196
f 294/665/194 296/666/196 160/667/119
f 294/668/194 160/669/119 136/670/98
f 297/671/197 116/672/81 164/673/123
f 297/671/197 164/673/123 298/674/198
f 297/671/197 298/674/198 299/675/199
f 297/671/197 299/675/199 157/676/116
f 297/677/197 157/678/116 117/679/82
f 297/680/197 117/247/82 116/246/81
f 251/556/42 250/555/30 300/681/42
f 251/556/42 300/681/42 301/682/57
f 251/556/42 301/682/57 253/683/57
f 251/684/42 253/685/57 252/686/176
f 302/687/200 254/688/177 253/689/57
f 302/687/200 253/689/57 301/690/57
f 302/691/200 301/692/57 303/693/200
f 281/694/74 280/695/186 304/696/201
f 281/694/74 304/696/201 305/697/74
f 281/698/74 305/699/74 306/700/202
f 281/698/74 306/700/202 282/701/33
f 186/702/139 185/703/138 307/704/203
f 186/705/139 307/706/203 308/707/204
f 186/705/139 308/707/204 232/517/166
f 186/705/139 232/517/166 187/428/140
f 309/708/30 119/250/84 161/316/120
f 309/709/30 161/710/120 310/711/30
f 309/709/30 310/711/30 311/712/30
f 309/709/30 311/712/30 290/713/30
f 309/708/30 290/652/30 120/251/30
f 309/708/30 120/251/30 119/250/84
f 312/714/205 155/300/114 154/299/30
f 312/715/205 154/716/30 313/717/30
f 312/718/205 313/719/30 314/720/206
f 312/718/205 314/720/206 315/721/207
f 312/718/205 315/721/207 163/722/122
f 312/718/205 163/722/122 155/723/114
f 316/724/30 153/298/30 232/517/166
f 316/724/30 232/517/166 308/707/204
f 316/724/30 308/707/204 317/725/30
f 316/726/30 317/727/30 313/728/30
f 316/724/30 313/729/30 154/299/30
f 316/724/30 154/299/30 153/298/30
f 318/730/208 259/731/30 255/732/30
f 318/733/208 319/734/209 259/735/30
f 318/736/208 319/737/30 320/738/30
f 318/736/208 320/738/30 321/739/30
f 318/736/208 321/739/30 256/740/30
f 318/741/208 255/742/30 256/743/183
f 322/744/184 278/626/184 215/625/30
f 322/744/184 323/745/30 278/626/184
f 322/746/30 323/747/30 324/748/30
f 322/749/30 324/750/30 216/477/157
f 322/749/30 216/477/157 215/476/30
f 325/751/210 231/752/165 230/753/164
f 325/754/210 230/755/164 288/756/190
f 325/757/210 288/758/190 326/759/211
f 325/760/210 326/761/211 327/762/212
f 325/760/210 327/762/212 293/763/193
f 325/764/210 293/656/193 231/655/165
f 241/533/173 150/293/112 328/765/213
f 241/766/173 328/767/213 329/768/214
f 241/769/173 329/770/214 307/771/203
f 241/772/173 307/773/203 185/774/138
f 330/775/215 238/776/170 293/763/193
f 330/775/215 293/763/193 327/762/212
f 330/775/215 327/762/212 331/777/216
f 330/778/215 331/779/216 332/780/217
f 330/778/215 332/780/217 239/781/171
f 330/782/215 239/530/171 238/529/170
f 333/783/218 149/784/111 158/785/117
f 333/783/218 158/785/117 334/786/219
f 333/783/218 334/786/219 335/787/220
f 333/783/218 335/787/220 328/788/213
f 333/789/218 328/790/213 150/791/112
f 333/792/218 150/293/112 149/292/111
f 336/793/221 164/794/123 163/795/122
f 336/796/221 163/797/122 315/798/207
f 336/799/221 315/800/207 337/801/222
f 336/802/221 337/803/222 338/804/223
f 336/805/221 338/806/223 298/674/198
f 336/805/221 298/674/198 164/673/123
f 258/571/179 257/570/178 339/807/224
f 258/808/179 339/809/224 340/810/225
f 258/811/179 340/812/225 341/813/30
f 258/811/179 341/813/30 342/814/226
f 258/572/179 342/815/226 259/573/30
f 343/816/227 216/817/157 324/748/30
f 343/816/227 324/748/30 344/818/228
f 343/819/227 344/820/228 345/821/229
f 343/819/227 345/821/229 346/822/230
f 343/819/227 346/822/230 216/823/157
f 216/479/157 346/824/230 217/480/158
f 347/825/231 160/826/119 296/827/196
f 347/825/231 296/827/196 348/828/232
f 347/825/231 348/828/232 349/829/30
f 347/825/231 349/829/30 310/711/30
f 347/825/231 310/711/30 161/710/120
f 347/825/231 161/710/120 160/826/119
f 350/830/233 240/531/172 239/530/171
f 350/830/233 239/530/171 332/831/217
f 350/830/233 332/831/217 351/832/234
f 350/833/233 351/834/234 352/835/235
f 350/836/233 352/837/235 295/661/195
f 350/836/233 295/661/195 240/660/172
f 342/814/226 341/813/30 353/838/30
f 342/839/236 354/840/30 353/841/237
f 342/842/236 319/843/209 354/844/30
f 342/845/236 259/846/30 319/847/209
f 355/848/238 287/649/189 291/653/191
f 355/849/238 291/850/191 356/851/239
f 355/852/238 356/853/239 357/854/240
f 355/855/238 357/856/240 326/857/211
f 355/858/238 326/859/211 288/860/190
f 355/848/238 288/650/190 287/649/189
f 358/861/241 308/707/204 307/706/203
f 358/862/241 307/863/203 329/864/214
f 358/862/241 329/864/214 359/865/242
f 358/862/241 359/865/242 360/866/30
f 358/862/241 360/866/30 317/867/30
f 358/862/241 317/867/30 308/868/204
f 361/869/243 157/676/116 299/675/199
f 361/869/243 299/675/199 362/870/244
f 361/871/243 362/872/244 363/873/245
f 361/874/243 363/875/245 334/876/219
f 361/869/243 334/786/219 158/785/117
f 361/869/243 158/785/117 157/676/116
f 364/877/30 313/719/30 317/867/30
f 364/877/30 317/867/30 360/866/30
f 364/877/30 360/866/30 365/878/30
f 364/879/30 365/880/30 366/881/246
f 364/877/30 366/882/246 314/720/206
f 364/877/30 314/720/206 313/719/30
f 340/810/225 339/809/224 367/883/247
f 340/810/225 367/883/247 368/884/248
f 340/812/225 368/885/248 341/813/30
f 369/886/249 290/713/30 311/712/30
f 369/886/249 311/712/30 370/887/250
f 369/886/249 370/887/250 371/888/251
f 369/886/249 371/888/251 356/851/239
f 369/886/249 356/851/239 291/850/191
f 369/886/249 291/850/191 290/713/30
f 372/889/252 327/762/212 326/761/211
f 372/890/252 326/891/211 357/892/240
f 372/890/252 357/892/240 373/893/253
f 372/894/252 373/895/253 374/896/254
f 372/889/252 374/897/254 331/777/216
f 372/889/252 331/777/216 327/762/212
f 368/884/248 367/883/247 375/898/255
f 368/884/248 375/898/255 376/899/256
f 368/885/248 376/900/256 377/901/30
f 368/885/248 377/901/30 353/838/30
f 368/885/248 353/838/30 341/813/30
f 344/818/228 324/748/30 323/747/30
f 344/818/228 323/747/30 378/902/30
f 344/818/228 378/902/30 379/903/257
f 344/820/228 379/904/257 380/905/258
f 344/820/228 380/905/258 345/821/229
f 381/906/259 298/907/198 338/908/223
f 381/906/259 338/908/223 382/909/260
f 381/906/259 382/909/260 383/910/261
f 381/911/259 383/912/261 362/913/244
f 381/911/259 362/913/244 299/914/199
f 381/915/259 299/675/199 298/674/198
f 384/916/262 295/917/195 352/918/235
f 384/919/262 352/920/235 385/921/263
f 384/922/262 385/923/263 386/924/264
f 384/922/262 386/924/264 348/925/232
f 384/926/262 348/828/232 296/827/196
f 384/927/262 296/928/196 295/929/195
f 387/930/265 328/931/213 335/932/220
f 387/933/265 335/934/220 388/935/266
f 387/936/265 388/937/266 389/938/267
f 387/939/265 389/940/267 359/865/242
f 387/939/265 359/865/242 329/864/214
f 387/941/265 329/942/214 328/943/213
f 278/944/30 277/945/30 390/946/30
f 278/947/30 390/948/30 391/949/268
f 278/950/30 391/951/268 392/952/269
f 278/953/30 393/954/270 392/955/271
f 278/953/30 394/956/181 393/954/270
f 278/957/30 395/958/181 394/959/181
f 278/957/30 396/960/30 395/958/181
f 278/961/30 396/962/30 397/963/30
f 278/964/30 397/965/30 398/966/30
f 278/964/30 398/966/30 399/967/30
f 278/964/30 399/967/30 400/968/30
f 278/964/30 400/968/30 401/969/30
f 278/964/30 401/969/30 402/970/30
f 278/964/30 402/970/30 403/971/30
f 278/964/30 403/971/30 404/972/30
f 278/964/30 404/972/30 405/973/30
f 278/974/30 405/975/30 406/976/30
f 278/974/30 406/976/30 407/977/30
f 278/978/30 407/979/30 408/980/30
f 278/978/30 408/980/30 409/981/181
f 278/982/30 409/983/181 410/984/30
f 278/982/30 410/984/30 411/985/181
f 278/982/30 411/985/181 412/986/181
f 278/987/30 413/988/181 414/989/181
f 278/987/30 414/989/181 415/990/181
f 278/987/30 415/990/181 416/991/181
f 278/992/30 416/993/181 417/994/181
f 278/992/30 417/994/181 418/995/181
f 278/992/30 418/995/181 419/996/181
f 278/992/30 419/996/181 420/997/181
f 278/992/30 420/997/181 421/998/181
f 278/992/30 421/998/181 422/999/181
f 278/992/30 422/999/181 423/1000/181
f 278/1001/30 423/1002/181 424/1003/181
f 278/1004/30 424/1005/181 425/1006/30
f 278/1004/30 425/1006/30 426/1007/30
f 278/1004/30 426/1007/30 427/1008/30
f 278/1009/30 427/1010/30 428/1011/30
f 278/1012/30 428/1013/30 429/1014/30
f 278/1012/30 429/1014/30 430/1015/30
f 278/1012/30 430/1015/30 431/1016/30
f 278/1012/30 431/1016/30 432/1017/30
f 278/1018/30 432/1019/30 433/1020/272
f 278/1018/30 433/1020/272 434/1021/30
f 278/1018/30 434/1021/30 435/1022/273
f 278/1018/30 435/1022/273 436/1023/30
f 278/1024/30 436/1025/30 437/1026/30
f 278/1024/30 437/1026/30 438/1027/181
f 278/1024/30 438/1027/181 439/1028/181
f 278/1029/30 439/1030/181 412/1031/181
f 440/1032/274 315/1033/207 314/1034/206
f 440/1035/274 314/1036/206 366/881/246
f 440/1035/274 366/881/246 441/1037/275
f 440/1038/274 441/1039/275 442/1040/276
f 440/1041/274 442/1042/276 337/1043/222
f 440/1044/274 337/1045/222 315/1046/207
f 443/1047/277 332/780/217 331/779/216
f 443/1048/277 331/1049/216 374/896/254
f 443/1048/277 374/896/254 444/1050/278
f 443/1048/277 444/1050/278 445/1051/279
f 443/1048/277 445/1051/279 351/834/234
f 443/1048/277 351/834/234 332/1052/217
f 446/1053/30 310/711/30 349/829/30
f 446/1054/30 349/1055/30 447/1056/30
f 446/1054/30 447/1056/30 448/1057/280
f 446/1054/30 448/1057/280 370/1058/250
f 446/1053/30 370/887/250 311/712/30
f 446/1053/30 311/712/30 310/711/30
f 449/1059/30 360/866/30 359/865/242
f 449/1060/30 359/1061/242 389/938/267
f 449/1060/30 389/938/267 450/1062/30
f 449/1060/30 450/1062/30 451/1063/30
f 449/1060/30 451/1063/30 365/880/30
f 449/1064/30 365/1065/30 360/1066/30
f 452/1067/281 334/1068/219 363/1069/245
f 452/1067/281 363/1069/245 453/1070/282
f 452/1071/281 453/1072/282 454/1073/283
f 452/1074/281 454/1075/283 388/1076/266
f 452/1077/281 388/1078/266 335/1079/220
f 452/1080/281 335/1081/220 334/1082/219
f 455/1083/284 357/1084/240 356/1085/239
f 455/1086/284 356/1087/239 371/1088/251
f 455/1089/284 371/1090/251 456/1091/285
f 455/1092/284 456/1093/285 457/1094/286
f 455/1092/284 457/1094/286 373/895/253
f 455/1092/284 373/895/253 357/1095/240
f 458/1096/30 353/1097/30 377/1098/30
f 458/1099/30 377/1100/30 459/1101/30
f 458/1102/30 459/1103/30 460/1104/287
f 458/1102/30 460/1104/287 461/1105/30
f 458/1102/30 461/1105/30 354/1106/30
f 458/1107/30 354/1108/30 353/1109/30
f 462/1110/288 352/835/235 351/834/234
f 462/1110/288 351/834/234 445/1051/279
f 462/1110/288 445/1051/279 463/1111/289
f 462/1112/288 463/1113/289 464/1114/290
f 462/1115/288 464/1116/290 385/1117/263
f 462/1118/288 385/1119/263 352/1120/235
f 465/1121/291 337/1122/222 442/1123/276
f 465/1121/291 442/1123/276 466/1124/292
f 465/1121/291 466/1124/292 467/1125/293
f 465/1121/291 467/1125/293 382/909/260
f 465/1121/291 382/909/260 338/908/223
f 465/1121/291 338/908/223 337/1122/222
f 468/1126/30 348/925/232 386/924/264
f 468/1126/30 386/924/264 469/1127/30
f 468/1126/30 469/1127/30 470/1128/30
f 468/1126/30 470/1128/30 447/1056/30
f 468/1126/30 447/1056/30 349/1055/30
f 468/1126/30 349/1055/30 348/925/232
f 471/1129/294 366/881/246 365/880/30
f 471/1129/294 365/880/30 451/1063/30
f 471/1129/294 451/1063/30 472/1130/295
f 471/1129/294 472/1130/295 473/1131/296
f 471/1129/294 473/1131/296 441/1037/275
f 471/1129/294 441/1037/275 366/881/246
f 474/1132/297 374/896/254 373/895/253
f 474/1132/297 373/895/253 457/1094/286
f 474/1132/297 457/1094/286 475/1133/298
f 474/1132/297 475/1133/298 476/1134/299
f 474/1132/297 476/1134/299 444/1050/278
f 474/1132/297 444/1050/278 374/896/254
f 477/1135/300 362/872/244 383/1136/261
f 477/1135/300 383/1136/261 478/1137/301
f 477/1135/300 478/1137/301 479/1138/302
f 477/1135/300 479/1138/302 453/1139/282
f 477/1135/300 453/1139/282 363/873/245
f 477/1135/300 363/873/245 362/872/244
f 480/1140/303 370/1058/250 448/1057/280
f 480/1140/303 448/1057/280 481/1141/304
f 480/1142/303 481/1143/304 482/1144/305
f 480/1145/303 482/1146/305 456/1147/285
f 480/1148/303 456/1149/285 371/1150/251
f 480/1140/303 371/1151/251 370/1058/250
f 483/1152/306 389/938/267 388/937/266
f 483/1152/306 388/937/266 454/1153/283
f 483/1152/306 454/1153/283 484/1154/307
f 483/1152/306 484/1154/307 485/1155/30
f 483/1152/306 485/1155/30 450/1062/30
f 483/1152/306 450/1062/30 389/938/267
f 376/899/256 375/898/255 486/1156/154
f 376/899/256 486/1156/154 487/1157/308
f 376/900/256 487/1158/308 488/1159/30
f 376/900/256 488/1159/30 377/901/30
f 489/1160/309 379/1161/257 490/1162/30
f 489/1160/309 490/1162/30 491/1163/310
f 489/1164/309 491/1165/310 492/1166/311
f 489/1167/309 492/1168/311 493/1169/145
f 489/1170/309 493/1171/145 379/904/257
f 379/904/257 493/1171/145 380/905/258
f 488/1159/30 487/1158/308 494/1172/30
f 488/1173/30 494/1174/30 495/1175/30
f 488/1176/30 495/1177/30 459/1178/30
f 488/1179/30 459/1180/30 377/1181/30
f 496/1182/312 445/1051/279 444/1050/278
f 496/1182/312 444/1050/278 476/1134/299
f 496/1183/312 476/1184/299 497/1185/313
f 496/1183/312 497/1185/313 498/1186/314
f 496/1183/312 498/1186/314 463/1187/289
f 496/1182/312 463/1111/289 445/1051/279
f 499/1188/315 442/1189/276 441/1190/275
f 499/1191/315 441/1192/275 473/1193/296
f 499/1194/315 473/1195/296 500/1196/316
f 499/1197/315 500/1198/316 501/1199/317
f 499/1197/315 501/1199/317 466/1200/292
f 499/1201/315 466/1124/292 442/1123/276
f 502/1202/318 385/923/263 464/1203/290
f 502/1204/318 464/1205/290 503/1206/319
f 502/1204/318 503/1206/319 504/1207/30
f 502/1204/318 504/1207/30 469/1208/30
f 502/1202/318 469/1127/30 386/924/264
f 502/1202/318 386/924/264 385/923/263
f 505/1209/320 382/909/260 467/1125/293
f 505/1210/320 467/1211/293 506/1212/321
f 505/1210/320 506/1212/321 507/1213/322
f 505/1210/320 507/1213/322 478/1214/301
f 505/1215/320 478/1137/301 383/1136/261
f 505/1209/320 383/910/261 382/909/260
f 508/1216/30 451/1063/30 450/1062/30
f 508/1216/30 450/1062/30 485/1155/30
f 508/1217/30 485/1218/30 509/1219/30
f 508/1217/30 509/1219/30 510/1220/323
f 508/1217/30 510/1220/323 472/1221/295
f 508/1216/30 472/1130/295 451/1063/30
f 511/1222/324 447/1056/30 470/1128/30
f 511/1223/324 470/1224/30 512/1225/325
f 511/1223/324 512/1225/325 513/1226/326
f 511/1223/324 513/1226/326 481/1227/304
f 511/1222/324 481/1141/304 448/1057/280
f 511/1222/324 448/1057/280 447/1056/30
f 514/1228/327 457/1094/286 456/1093/285
f 514/1228/327 456/1093/285 482/1229/305
f 514/1230/327 482/1231/305 515/1232/328
f 514/1230/327 515/1232/328 516/1233/329
f 514/1230/327 516/1233/329 475/1234/298
f 514/1228/327 475/1133/298 457/1094/286
f 517/1235/330 453/1236/282 479/1237/302
f 517/1238/330 479/1239/302 518/1240/331
f 517/1241/330 518/1242/331 519/1243/332
f 517/1241/330 519/1243/332 484/1244/307
f 517/1245/330 484/1154/307 454/1153/283
f 517/1246/330 454/1247/283 453/1248/282
f 487/1249/308 486/1250/154 520/1251/333
f 487/1252/308 520/1253/333 521/1254/334
f 487/1255/308 521/1256/334 494/1257/30
f 491/1258/310 490/1259/30 522/1260/30
f 491/1258/310 522/1260/30 523/1261/30
f 491/1258/310 523/1261/30 524/1262/335
f 491/1165/310 524/1263/335 525/1264/336
f 491/1165/310 525/1264/336 492/1166/311
f 526/1265/337 463/1266/289 498/1267/314
f 526/1268/337 498/1269/314 527/1270/338
f 526/1271/337 527/1272/338 528/1273/339
f 526/1271/337 528/1273/339 503/1206/319
f 526/1271/337 503/1206/319 464/1205/290
f 526/1274/337 464/1275/290 463/1276/289
f 529/1277/340 473/1278/296 472/1221/295
f 529/1277/340 472/1221/295 510/1220/323
f 529/1277/340 510/1220/323 530/1279/341
f 529/1280/340 530/1281/341 531/1282/342
f 529/1283/340 531/1284/342 500/1285/316
f 529/1286/340 500/1287/316 473/1288/296
f 532/1289/343 466/1200/292 501/1199/317
f 532/1289/343 501/1199/317 533/1290/344
f 532/1289/343 533/1290/344 534/1291/345
f 532/1289/343 534/1291/345 506/1212/321
f 532/1289/343 506/1212/321 467/1211/293
f 532/1289/343 467/1211/293 466/1200/292
f 535/1292/346 476/1184/299 475/1234/298
f 535/1292/346 475/1234/298 516/1233/329
f 535/1292/346 516/1233/329 536/1293/347
f 535/1292/346 536/1293/347 537/1294/348
f 535/1292/346 537/1294/348 497/1185/313
f 535/1292/346 497/1185/313 476/1184/299
f 538/1295/30 469/1208/30 504/1207/30
f 538/1295/30 504/1207/30 539/1296/30
f 538/1295/30 539/1296/30 540/1297/349
f 538/1295/30 540/1297/349 512/1225/325
f 538/1295/30 512/1225/325 470/1224/30
f 538/1295/30 470/1224/30 469/1208/30
f 541/1298/30 485/1218/30 484/1244/307
f 541/1298/30 484/1244/307 519/1243/332
f 541/1298/30 519/1243/332 542/1299/30
f 541/1298/30 542/1299/30 543/1300/30
f 541/1298/30 543/1300/30 509/1219/30
f 541/1298/30 509/1219/30 485/1218/30
f 544/1301/350 478/1214/301 507/1213/322
f 544/1301/350 507/1213/322 545/1302/351
f 544/1303/350 545/1304/351 546/1305/352
f 544/1306/350 546/1307/352 518/1308/331
f 544/1309/350 518/1310/331 479/1311/302
f 544/1301/350 479/1312/302 478/1214/301
f 169/349/54 168/348/46 547/1313/54
f 169/349/54 547/1313/54 548/1314/69
f 169/349/54 548/1314/69 242/535/69
f 169/349/54 242/535/69 86/350/54
f 549/1315/46 173/360/46 172/546/129
f 549/1315/46 172/546/129 246/545/129
f 549/1315/46 246/545/129 550/1316/46
f 549/1315/46 550/1316/46 551/1317/54
f 549/1315/46 551/1317/54 175/361/54
f 549/1315/46 175/361/54 173/360/46
f 189/411/45 188/410/44 552/1318/45
f 189/411/45 552/1318/45 553/1319/46
f 189/411/45 553/1319/46 168/348/46
f 189/411/45 168/348/46 92/347/45
f 554/1320/56 94/363/55 176/362/55
f 554/1320/56 176/362/55 555/1321/56
f 554/1322/56 555/1323/56 556/1324/57
f 554/1325/56 556/1326/57 192/1327/57
f 554/1320/56 192/1328/57 95/1329/56
f 554/1320/56 95/1329/56 94/363/55
f 557/1330/132 178/1331/131 243/1332/131
f 557/1333/132 243/1334/131 558/1335/132
f 557/1336/132 558/1337/132 559/1338/162
f 557/1339/132 559/1340/162 284/644/162
f 557/1339/132 284/644/162 179/643/132
f 557/1339/132 179/643/132 178/1341/131
f 560/1342/353 482/1343/305 481/1344/304
f 560/1345/353 481/1346/304 513/1347/326
f 560/1348/353 513/1349/326 561/1350/354
f 560/1351/353 561/1352/354 562/1353/355
f 560/1351/353 562/1353/355 515/1232/328
f 560/1351/353 515/1232/328 482/1231/305
f 225/494/74 224/493/33 563/1354/74
f 225/1355/74 563/1356/74 564/1357/44
f 225/1358/74 564/1359/44 188/1360/44
f 225/494/74 188/1361/44 97/495/74
f 235/523/168 234/522/167 565/1362/168
f 235/1363/168 565/1364/168 566/1365/174
f 235/1366/168 566/1367/174 245/1368/174
f 235/523/168 245/1369/174 236/524/168
f 567/1370/30 223/492/30 227/646/30
f 567/1370/30 227/646/30 285/645/30
f 567/1370/30 285/645/30 568/1371/30
f 567/1372/30 568/1373/30 569/1374/33
f 567/1370/30 569/1375/33 224/493/33
f 567/1370/30 224/493/33 223/492/30
f 570/1376/30 114/521/30 101/1377/30
f 570/1376/30 101/1377/30 571/1378/30
f 570/1376/30 571/1378/30 572/1379/30
f 570/1380/30 572/1381/30 573/1382/167
f 570/1376/30 573/1383/167 234/522/167
f 570/1376/30 234/522/167 114/521/30
f 571/1378/30 101/1377/30 100/438/42
f 571/1378/30 100/438/42 193/437/42
f 571/1378/30 193/437/42 574/1384/30
f 571/1385/30 574/1386/30 572/1381/30
f 521/1387/334 520/1388/333 575/1389/356
f 521/1387/334 575/1389/356 576/1390/357
f 521/1256/334 576/1391/357 577/1392/30
f 521/1256/334 577/1392/30 494/1257/30
f 578/1393/30 494/1257/30 577/1392/30
f 578/1394/358 579/1395/30 577/1396/30
f 578/1397/30 579/1398/30 580/1399/359
f 578/1397/30 580/1399/359 581/1400/360
f 578/1397/30 581/1400/360 495/1401/30
f 578/1402/30 495/1403/30 494/1404/30
f 523/1261/30 522/1260/30 582/1405/30
f 523/1261/30 582/1405/30 583/1406/30
f 523/1261/30 583/1406/30 584/1407/361
f 523/1261/30 584/1407/361 524/1262/335
f 585/1408/362 498/1186/314 497/1185/313
f 585/1408/362 497/1185/313 537/1294/348
f 585/1409/362 537/1410/348 586/1411/363
f 585/1412/362 586/1413/363 587/1414/364
f 585/1415/362 587/1416/364 527/1417/338
f 585/1418/362 527/1419/338 498/1420/314
f 588/1421/365 500/1198/316 531/1422/342
f 588/1423/365 531/1424/342 589/1425/366
f 588/1423/365 589/1425/366 590/1426/367
f 588/1423/365 590/1426/367 533/1427/344
f 588/1421/365 533/1290/344 501/1199/317
f 588/1421/365 501/1199/317 500/1198/316
f 591/1428/30 504/1207/30 503/1206/319
f 591/1428/30 503/1206/319 528/1273/339
f 591/1429/30 528/1430/339 592/1431/30
f 591/1429/30 592/1431/30 593/1432/30
f 591/1429/30 593/1432/30 539/1433/30
f 591/1428/30 539/1296/30 504/1207/30
f 594/1434/368 510/1220/323 509/1219/30
f 594/1434/368 509/1219/30 543/1300/30
f 594/1435/368 543/1436/30 595/1437/369
f 594/1435/368 595/1437/369 596/1438/370
f 594/1435/368 596/1438/370 530/1439/341
f 594/1434/368 530/1279/341 510/1220/323
f 597/1440/371 516/1233/329 515/1232/328
f 597/1440/371 515/1232/328 562/1353/355
f 597/1441/371 562/1442/355 598/1443/372
f 597/1441/371 598/1443/372 599/1444/373
f 597/1441/371 599/1444/373 536/1445/347
f 597/1440/371 536/1293/347 516/1233/329
f 600/1446/374 506/1212/321 534/1291/345
f 600/1447/374 534/1448/345 601/1449/375
f 600/1447/374 601/1449/375 602/1450/376
f 600/1447/374 602/1450/376 545/1451/351
f 600/1446/374 545/1302/351 507/1213/322
f 600/1446/374 507/1213/322 506/1212/321
f 603/1452/377 512/1225/325 540/1297/349
f 603/1453/377 540/1454/349 604/1455/378
f 603/1456/377 604/1457/378 605/1458/379
f 603/1459/377 605/1460/379 561/1461/354
f 603/1462/377 561/1463/354 513/1464/326
f 603/1452/377 513/1226/326 512/1225/325
f 606/1465/380 519/1243/332 518/1242/331
f 606/1465/380 518/1242/331 546/1466/352
f 606/1467/380 546/1468/352 607/1469/381
f 606/1467/380 607/1469/381 608/1470/30
f 606/1467/380 608/1470/30 542/1471/30
f 606/1465/380 542/1299/30 519/1243/332
f 609/1472/30 577/1392/30 576/1391/357
f 609/1472/30 576/1391/357 610/1473/382
f 609/1472/30 610/1473/382 611/1474/30
f 609/1475/30 611/1476/30 612/1477/30
f 609/1475/30 612/1477/30 579/1478/30
f 609/1479/30 577/1480/30 579/1481/30
f 613/1482/383 614/1483/384 610/1484/382
f 613/1482/383 610/1484/382 576/1390/357
f 613/1482/383 576/1390/357 575/1389/356
f 584/1407/361 583/1406/30 615/1485/385
f 584/1486/361 615/1487/385 616/1488/376
f 584/1486/361 616/1488/376 617/1489/386
f 584/1486/361 617/1489/386 524/1263/335
f 524/1263/335 617/1489/386 525/1264/336
f 618/1490/30 619/1491/30 620/1492/30
f 618/1490/30 620/1492/30 583/1406/30
f 618/1490/30 583/1406/30 582/1405/30
f 621/1493/387 537/1410/348 536/1445/347
f 621/1493/387 536/1445/347 599/1444/373
f 621/1493/387 599/1444/373 622/1494/388
f 621/1493/387 622/1494/388 623/1495/389
f 621/1493/387 623/1495/389 586/1411/363
f 621/1493/387 586/1411/363 537/1410/348
f 624/1496/390 531/1497/342 530/1498/341
f 624/1499/390 530/1500/341 596/1501/370
f 624/1502/390 596/1503/370 625/1504/391
f 624/1505/390 625/1506/391 626/1507/392
f 624/1505/390 626/1507/392 589/1425/366
f 624/1505/390 589/1425/366 531/1424/342
f 627/1508/393 527/1509/338 587/1510/364
f 627/1508/393 587/1510/364 628/1511/394
f 627/1508/393 628/1511/394 629/1512/30
f 627/1508/393 629/1512/30 592/1431/30
f 627/1508/393 592/1431/30 528/1430/339
f 627/1508/393 528/1430/339 527/1509/338
f 630/1513/395 533/1427/344 590/1426/367
f 630/1513/395 590/1426/367 631/1514/396
f 630/1513/395 631/1514/396 632/1515/397
f 630/1513/395 632/1515/397 601/1449/375
f 630/1513/395 601/1449/375 534/1448/345
f 630/1513/395 534/1448/345 533/1427/344
f 633/1516/30 543/1436/30 542/1471/30
f 633/1516/30 542/1471/30 608/1470/30
f 633/1516/30 608/1470/30 634/1517/30
f 633/1516/30 634/1517/30 635/1518/398
f 633/1516/30 635/1518/398 595/1437/369
f 633/1516/30 595/1437/369 543/1436/30
f 636/1519/399 562/1442/355 561/1520/354
f 636/1519/399 561/1520/354 605/1521/379
f 636/1519/399 605/1521/379 637/1522/400
f 636/1519/399 637/1522/400 638/1523/401
f 636/1519/399 638/1523/401 598/1443/372
f 636/1519/399 598/1443/372 562/1442/355
f 639/1524/402 545/1525/351 602/1526/376
f 639/1527/402 602/1528/376 640/1529/403
f 639/1530/402 640/1531/403 641/1532/404
f 639/1530/402 641/1532/404 607/1469/381
f 639/1530/402 607/1469/381 546/1468/352
f 639/1533/402 546/1534/352 545/1535/351
f 642/1536/405 540/1454/349 539/1433/30
f 642/1536/405 539/1433/30 593/1432/30
f 642/1536/405 593/1432/30 643/1537/406
f 642/1536/405 643/1537/406 644/1538/407
f 642/1536/405 644/1538/407 604/1455/378
f 642/1536/405 604/1455/378 540/1454/349
f 645/1539/408 610/1484/382 614/1483/384
f 645/1539/408 614/1483/384 646/1540/409
f 645/1539/408 646/1540/409 647/1541/410
f 645/1542/408 647/1543/410 648/1544/30
f 645/1542/408 648/1544/30 611/1474/30
f 645/1542/408 611/1474/30 610/1473/382
f 620/1492/30 619/1491/30 649/1545/30
f 620/1492/30 649/1545/30 650/1546/411
f 620/1492/30 650/1546/411 615/1485/385
f 620/1492/30 615/1485/385 583/1406/30
f 553/1547/46 552/1548/45 651/1549/46
f 553/1550/46 651/1551/46 652/1552/54
f 553/1319/46 652/1553/54 547/1313/54
f 553/1319/46 547/1313/54 168/348/46
f 653/1554/55 175/361/54 551/1317/54
f 653/1555/55 551/1556/54 654/1557/55
f 653/1555/55 654/1557/55 655/1558/56
f 653/1555/55 655/1558/56 555/1559/56
f 653/1554/55 555/1321/56 176/362/55
f 653/1554/55 176/362/55 175/361/54
f 656/1560/131 242/535/69 548/1314/69
f 656/1561/131 548/1562/69 657/1563/131
f 656/1564/131 657/1565/131 658/1566/132
f 656/1567/131 658/1568/132 558/1337/132
f 656/1569/131 558/1570/132 243/1571/131
f 656/1560/131 243/536/131 242/535/69
f 659/1572/129 246/545/129 245/544/174
f 659/1572/129 245/544/174 566/1573/174
f 659/1574/129 566/1575/174 660/1576/129
f 659/1574/129 660/1576/129 661/1577/46
f 659/1574/129 661/1577/46 550/1578/46
f 659/1572/129 550/1316/46 246/545/129
f 564/1579/44 563/1580/74 662/1581/44
f 564/1582/44 662/1583/44 663/1584/45
f 564/1585/44 663/1586/45 552/1587/45
f 564/1585/44 552/1587/45 188/1588/44
f 664/1589/30 249/1590/30 250/1591/175
f 664/1589/30 665/1592/181 249/1590/30
f 664/1593/30 665/1594/181 666/1595/42
f 664/1596/30 666/1597/42 300/681/42
f 664/1596/30 300/681/42 250/555/30
f 667/1598/30 260/1599/30 282/1600/33
f 667/1598/30 282/1600/33 306/1601/202
f 667/1602/412 668/1603/412 306/1604/413
f 305/1605/74 304/1606/201 669/1607/201
f 305/1605/74 669/1607/201 670/1608/74
f 305/699/74 670/1609/74 671/1610/33
f 305/699/74 671/1610/33 306/700/202
f 672/1611/42 192/1612/57 556/1613/57
f 672/1611/42 556/1613/57 673/1614/42
f 672/1611/42 673/1614/42 674/1615/30
f 672/1611/42 674/1615/30 574/1386/30
f 672/1611/42 574/1386/30 193/1616/42
f 672/1617/42 193/437/42 192/436/57
f 569/1374/33 568/1373/30 675/1618/33
f 569/1374/33 675/1618/33 676/1619/74
f 569/1374/33 676/1619/74 563/1620/74
f 569/1374/33 563/1620/74 224/1621/33
f 677/1622/30 285/645/30 284/644/162
f 677/1623/30 284/1624/162 559/1338/162
f 677/1623/30 559/1338/162 678/1625/30
f 677/1623/30 678/1625/30 679/1626/30
f 677/1623/30 679/1626/30 568/1373/30
f 677/1623/30 568/1373/30 285/1627/30
f 573/1382/167 572/1381/30 680/1628/167
f 573/1382/167 680/1628/167 681/1629/168
f 573/1382/167 681/1629/168 565/1630/168
f 573/1382/167 565/1630/168 234/1631/167
f 682/1632/414 586/1633/363 623/1634/389
f 682/1635/414 623/1636/389 683/1637/415
f 682/1638/414 683/1639/415 684/1640/416
f 682/1638/414 684/1640/416 628/1641/394
f 682/1642/414 628/1511/394 587/1510/364
f 682/1643/414 587/1644/364 586/1645/363
f 685/1646/417 596/1438/370 595/1437/369
f 685/1646/417 595/1437/369 635/1518/398
f 685/1647/417 635/1648/398 686/1649/418
f 685/1650/417 686/1651/418 687/1652/419
f 685/1653/417 687/1654/419 625/1655/391
f 685/1656/417 625/1657/391 596/1658/370
f 688/1659/420 599/1444/373 598/1443/372
f 688/1659/420 598/1443/372 638/1523/401
f 688/1660/420 638/1661/401 689/1662/421
f 688/1660/420 689/1662/421 690/1663/422
f 688/1660/420 690/1663/422 622/1664/388
f 688/1659/420 622/1494/388 599/1444/373
f 691/1665/423 590/1426/367 589/1425/366
f 691/1665/423 589/1425/366 626/1507/392
f 691/1666/423 626/1667/392 692/1668/424
f 691/1666/423 692/1668/424 693/1669/425
f 691/1666/423 693/1669/425 631/1670/396
f 691/1665/423 631/1514/396 590/1426/367
f 694/1671/30 592/1431/30 629/1512/30
f 694/1672/30 629/1673/30 695/1674/30
f 694/1672/30 695/1674/30 696/1675/426
f 694/1672/30 696/1675/426 643/1676/406
f 694/1671/30 643/1537/406 593/1432/30
f 694/1671/30 593/1432/30 592/1431/30
f 697/1677/427 601/1449/375 632/1515/397
f 697/1678/427 632/1679/397 698/1680/428
f 697/1681/427 698/1682/428 699/1683/429
f 697/1684/427 699/1685/429 640/1686/403
f 697/1687/427 640/1688/403 602/1689/376
f 697/1677/427 602/1450/376 601/1449/375
f 700/1690/430 605/1691/379 604/1692/378
f 700/1693/430 604/1694/378 644/1695/407
f 700/1696/430 644/1697/407 701/1698/431
f 700/1699/430 701/1700/431 702/1701/432
f 700/1699/430 702/1701/432 637/1702/400
f 700/1703/430 637/1522/400 605/1521/379
f 703/1704/30 608/1470/30 607/1469/381
f 703/1704/30 607/1469/381 641/1532/404
f 703/1705/30 641/1706/404 704/1707/30
f 703/1705/30 704/1707/30 705/1708/30
f 703/1705/30 705/1708/30 634/1709/30
f 703/1704/30 634/1517/30 608/1470/30
f 650/1710/411 649/1711/30 706/1712/433
f 650/1710/411 706/1712/433 707/1713/434
f 650/1714/411 707/1715/434 708/1716/435
f 650/1717/411 708/1718/435 615/1487/385
f 615/1487/385 708/1718/435 616/1488/376
f 709/1719/30 611/1476/30 648/1720/30
f 709/1719/30 648/1720/30 710/1721/30
f 709/1719/30 710/1721/30 711/1722/436
f 709/1719/30 711/1722/436 712/1723/437
f 709/1724/30 712/1725/437 612/1726/30
f 709/1719/30 612/1477/30 611/1476/30
f 713/1727/30 714/1728/30 715/1729/30
f 713/1727/30 715/1729/30 649/1711/30
f 713/1730/30 649/1545/30 619/1491/30
f 716/1731/438 622/1664/388 690/1663/422
f 716/1731/438 690/1663/422 717/1732/439
f 716/1733/438 717/1734/439 718/1735/440
f 716/1736/438 718/1737/440 683/1738/415
f 716/1739/438 683/1740/415 623/1741/389
f 716/1731/438 623/1742/389 622/1664/388
f 719/1743/441 626/1667/392 625/1744/391
f 719/1743/441 625/1744/391 687/1745/419
f 719/1743/441 687/1745/419 720/1746/442
f 719/1743/441 720/1746/442 721/1747/443
f 719/1743/441 721/1747/443 692/1668/424
f 719/1743/441 692/1668/424 626/1667/392
f 722/1748/30 629/1673/30 628/1641/394
f 722/1748/30 628/1641/394 684/1640/416
f 722/1748/30 684/1640/416 723/1749/30
f 722/1748/30 723/1749/30 724/1750/30
f 722/1748/30 724/1750/30 695/1674/30
f 722/1748/30 695/1674/30 629/1673/30
f 725/1751/444 635/1648/398 634/1709/30
f 725/1751/444 634/1709/30 705/1708/30
f 725/1751/444 705/1708/30 726/1752/445
f 725/1751/444 726/1752/445 727/1753/446
f 725/1751/444 727/1753/446 686/1649/418
f 725/1751/444 686/1649/418 635/1648/398
f 728/1754/447 638/1661/401 637/1702/400
f 728/1754/447 637/1702/400 702/1701/432
f 728/1754/447 702/1701/432 729/1755/448
f 728/1754/447 729/1755/448 730/1756/449
f 728/1754/447 730/1756/449 689/1662/421
f 728/1754/447 689/1662/421 638/1661/401
f 731/1757/450 631/1670/396 693/1669/425
f 731/1757/450 693/1669/425 732/1758/451
f 731/1757/450 732/1758/451 733/1759/452
f 731/1757/450 733/1759/452 698/1680/428
f 731/1757/450 698/1680/428 632/1679/397
f 731/1757/450 632/1679/397 631/1670/396
f 734/1760/453 644/1761/407 643/1676/406
f 734/1760/453 643/1676/406 696/1675/426
f 734/1760/453 696/1675/426 735/1762/454
f 734/1763/453 735/1764/454 736/1765/455
f 734/1766/453 736/1767/455 701/1768/431
f 734/1769/453 701/1770/431 644/1771/407
f 737/1772/456 640/1773/403 699/1774/429
f 737/1772/456 699/1774/429 738/1775/457
f 737/1772/456 738/1775/457 739/1776/30
f 737/1772/456 739/1776/30 704/1707/30
f 737/1772/456 704/1707/30 641/1706/404
f 737/1772/456 641/1706/404 640/1773/403
f 647/1777/410 646/1778/409 740/1779/458
f 647/1780/410 740/1781/458 741/1782/459
f 647/1780/410 741/1782/459 742/1783/30
f 647/1780/410 742/1783/30 648/1720/30
f 710/1721/30 648/1720/30 742/1783/30
f 710/1721/30 742/1783/30 741/1782/459
f 710/1721/30 741/1782/459 711/1722/436
f 715/1729/30 714/1728/30 743/1784/30
f 715/1729/30 743/1784/30 744/1785/460
f 715/1729/30 744/1785/460 706/1712/433
f 715/1729/30 706/1712/433 649/1711/30
f 745/1786/69 547/1787/54 652/1788/54
f 745/1786/69 652/1788/54 746/1789/69
f 745/1786/69 746/1789/69 747/1790/131
f 745/1786/69 747/1790/131 657/1791/131
f 745/1786/69 657/1791/131 548/1792/69
f 745/1793/69 548/1794/69 547/1795/54
f 748/1796/54 550/1578/46 661/1577/46
f 748/1797/54 661/1798/46 749/1799/54
f 748/1797/54 749/1799/54 750/1800/55
f 748/1797/54 750/1800/55 654/1801/55
f 748/1796/54 654/1557/55 551/1556/54
f 748/1796/54 551/1556/54 550/1578/46
f 663/1802/45 662/1803/44 751/1804/45
f 663/1802/45 751/1804/45 752/1805/46
f 663/1802/45 752/1805/46 651/1806/46
f 663/1802/45 651/1806/46 552/1807/45
f 753/1808/174 566/1575/174 565/1809/168
f 753/1810/174 565/1630/168 681/1629/168
f 753/1811/174 681/1812/168 754/1813/174
f 753/1814/174 754/1815/174 755/1816/129
f 753/1814/174 755/1816/129 660/1817/129
f 753/1808/174 660/1576/129 566/1575/174
f 756/1818/57 555/1559/56 655/1558/56
f 756/1819/57 655/1820/56 757/1821/57
f 756/1822/57 757/1823/57 758/1824/42
f 756/1822/57 758/1824/42 673/1825/42
f 756/1826/57 673/1614/42 556/1613/57
f 756/1826/57 556/1613/57 555/1827/56
f 759/1828/57 300/1829/42 666/1830/42
f 759/1828/57 666/1830/42 760/1831/57
f 759/1828/57 760/1831/57 761/1832/200
f 759/1833/57 761/1834/200 303/693/200
f 759/1833/57 303/693/200 301/692/57
f 759/1835/57 301/682/57 300/681/42
f 671/1836/33 670/1837/74 762/1838/33
f 671/1836/33 762/1838/33 763/1839/30
f 671/1836/33 763/1839/30 668/1840/30
f 671/1610/33 668/1841/30 306/700/202
f 764/1842/201 765/1843/201 766/1844/74
f 764/1845/201 766/1846/74 670/1847/74
f 764/1848/201 670/1608/74 669/1607/201
f 676/1849/74 675/1850/33 767/1851/74
f 676/1852/74 767/1853/74 768/1854/44
f 676/1852/74 768/1854/44 662/1855/44
f 676/1619/74 662/1856/44 563/1620/74
f 769/1857/162 558/1337/132 658/1568/132
f 769/1858/162 658/1859/132 770/1860/162
f 769/1858/162 770/1860/162 771/1861/30
f 769/1858/162 771/1861/30 678/1862/30
f 769/1857/162 678/1625/30 559/1338/162
f 769/1857/162 559/1338/162 558/1337/132
f 679/1863/30 678/1862/30 772/1864/30
f 679/1863/30 772/1864/30 773/1865/33
f 679/1863/30 773/1865/33 675/1850/33
f 679/1626/30 675/1618/33 568/1373/30
f 774/1866/30 572/1381/30 574/1386/30
f 774/1866/30 574/1386/30 674/1615/30
f 774/1867/30 674/1868/30 775/1869/30
f 774/1867/30 775/1869/30 776/1870/167
f 774/1867/30 776/1870/167 680/1871/167
f 774/1866/30 680/1628/167 572/1381/30
f 777/1872/461 689/1662/421 730/1756/449
f 777/1873/461 730/1874/449 778/1875/462
f 777/1876/461 778/1877/462 779/1878/463
f 777/1879/461 779/1880/463 717/1881/439
f 777/1872/461 717/1732/439 690/1663/422
f 777/1872/461 690/1663/422 689/1662/421
f 780/1882/464 692/1668/424 721/1747/443
f 780/1883/464 721/1884/443 781/1885/465
f 780/1883/464 781/1885/465 782/1886/466
f 780/1883/464 782/1886/466 732/1887/451
f 780/1882/464 732/1758/451 693/1669/425
f 780/1882/464 693/1669/425 692/1668/424
f 783/1888/467 687/1889/419 686/1890/418
f 783/1891/467 686/1892/418 727/1893/446
f 783/1894/467 727/1895/446 784/1896/468
f 783/1897/467 784/1898/468 785/1899/469
f 783/1897/467 785/1899/469 720/1900/442
f 783/1901/467 720/1746/442 687/1745/419
f 786/1902/470 683/1639/415 718/1903/440
f 786/1902/470 718/1903/440 787/1904/471
f 786/1902/470 787/1904/471 788/1905/30
f 786/1902/470 788/1905/30 723/1749/30
f 786/1902/470 723/1749/30 684/1640/416
f 786/1902/470 684/1640/416 683/1639/415
f 789/1906/30 705/1708/30 704/1707/30
f 789/1906/30 704/1707/30 739/1776/30
f 789/1906/30 739/1776/30 790/1907/30
f 789/1906/30 790/1907/30 791/1908/472
f 789/1906/30 791/1908/472 726/1752/445
f 789/1906/30 726/1752/445 705/1708/30
f 792/1909/473 702/1701/432 701/1700/431
f 792/1909/473 701/1700/431 736/1910/455
f 792/1909/473 736/1910/455 793/1911/474
f 792/1912/473 793/1913/474 794/1914/475
f 792/1915/473 794/1916/475 729/1917/448
f 792/1909/473 729/1755/448 702/1701/432
f 795/1918/476 698/1919/428 733/1920/452
f 795/1921/476 733/1922/452 796/1923/477
f 795/1924/476 796/1925/477 797/1926/478
f 795/1924/476 797/1926/478 738/1775/457
f 795/1924/476 738/1775/457 699/1774/429
f 795/1927/476 699/1928/429 698/1929/428
f 798/1930/479 696/1675/426 695/1674/30
f 798/1930/479 695/1674/30 724/1750/30
f 798/1930/479 724/1750/30 799/1931/480
f 798/1930/479 799/1931/480 800/1932/481
f 798/1930/479 800/1932/481 735/1762/454
f 798/1930/479 735/1762/454 696/1675/426
f 801/1933/482 802/1934/483 711/1935/436
f 801/1936/482 711/1722/436 741/1782/459
f 801/1937/482 741/1938/459 740/1939/458
f 744/1940/460 803/1941/484 804/1942/485
f 744/1943/460 804/1944/485 805/1945/486
f 744/1785/460 805/1946/486 706/1712/433
f 706/1947/433 805/1948/486 707/1949/434
f 806/1950/30 807/1951/30 803/1952/484
f 806/1950/30 803/1952/484 743/1784/30
f 806/1950/30 743/1784/30 714/1728/30
f 712/1723/437 711/1722/436 802/1953/483
f 712/1954/437 802/1955/483 808/1956/487
f 712/1954/437 808/1956/487 809/1957/488
f 712/1725/437 809/1958/488 612/1726/30
f 810/1959/489 729/1960/448 794/1961/475
f 810/1962/489 794/1914/475 811/1963/490
f 810/1962/489 811/1963/490 812/1964/491
f 810/1962/489 812/1964/491 778/1877/462
f 810/1962/489 778/1877/462 730/1965/449
f 810/1966/489 730/1756/449 729/1755/448
f 813/1967/492 721/1884/443 720/1900/442
f 813/1967/492 720/1900/442 785/1899/469
f 813/1967/492 785/1899/469 814/1968/493
f 813/1967/492 814/1968/493 815/1969/494
f 813/1967/492 815/1969/494 781/1885/465
f 813/1967/492 781/1885/465 721/1884/443
f 816/1970/495 732/1887/451 782/1886/466
f 816/1970/495 782/1886/466 817/1971/496
f 816/1972/495 817/1973/496 818/1974/497
f 816/1975/495 818/1976/497 796/1977/477
f 816/1978/495 796/1979/477 733/1980/452
f 816/1970/495 733/1981/452 732/1887/451
f 819/1982/498 736/1983/455 735/1984/454
f 819/1985/498 735/1986/454 800/1987/481
f 819/1988/498 800/1989/481 820/1990/499
f 819/1991/498 820/1992/499 821/1993/500
f 819/1991/498 821/1993/500 793/1913/474
f 819/1991/498 793/1913/474 736/1994/455
f 822/1995/501 717/1996/439 779/1997/463
f 822/1998/501 779/1999/463 823/2000/502
f 822/2001/501 823/2002/502 824/2003/503
f 822/2001/501 824/2003/503 787/2004/471
f 822/2005/501 787/1904/471 718/1903/440
f 822/2006/501 718/2007/440 717/2008/439
f 825/2009/504 727/1753/446 726/1752/445
f 825/2009/504 726/1752/445 791/1908/472
f 825/2010/504 791/2011/472 826/2012/505
f 825/2013/504 826/2014/505 827/2015/506
f 825/2016/504 827/2017/506 784/2018/468
f 825/2019/504 784/2020/468 727/2021/446
f 828/2022/30 724/1750/30 723/1749/30
f 828/2022/30 723/1749/30 788/1905/30
f 828/2023/30 788/2024/30 829/2025/30
f 828/2023/30 829/2025/30 830/2026/507
f 828/2023/30 830/2026/507 799/2027/480
f 828/2022/30 799/1931/480 724/1750/30
f 831/2028/30 739/1776/30 738/1775/457
f 831/2028/30 738/1775/457 797/1926/478
f 831/2029/30 797/2030/478 832/2031/30
f 831/2029/30 832/2031/30 833/2032/30
f 831/2029/30 833/2032/30 790/2033/30
f 831/2028/30 790/1907/30 739/1776/30
f 834/2034/54 651/1806/46 752/1805/46
f 834/2034/54 752/1805/46 835/2035/54
f 834/2034/54 835/2035/54 836/2036/69
f 834/2034/54 836/2036/69 746/1789/69
f 834/2034/54 746/1789/69 652/1788/54
f 834/2034/54 652/1788/54 651/1806/46
f 837/2037/46 661/1798/46 660/1817/129
f 837/2037/46 660/1817/129 755/1816/129
f 837/2037/46 755/1816/129 838/2038/46
f 837/2037/46 838/2038/46 839/2039/54
f 837/2037/46 839/2039/54 749/1799/54
f 837/2037/46 749/1799/54 661/1798/46
f 840/2040/56 654/1801/55 750/1800/55
f 840/2040/56 750/1800/55 841/2041/56
f 840/2042/56 841/2043/56 842/2044/57
f 840/2042/56 842/2044/57 757/1821/57
f 840/2042/56 757/1821/57 655/1820/56
f 840/2040/56 655/2045/56 654/1801/55
f 768/1854/44 767/1853/74 843/2046/44
f 768/2047/44 843/2048/44 844/2049/45
f 768/2047/44 844/2049/45 751/1804/45
f 768/2047/44 751/1804/45 662/1803/44
f 845/2050/132 657/1565/131 747/2051/131
f 845/2050/132 747/2051/131 846/2052/132
f 845/2053/132 846/2054/132 847/2055/162
f 845/2053/132 847/2055/162 770/1860/162
f 845/2053/132 770/1860/162 658/1859/132
f 845/2050/132 658/1566/132 657/1565/131
f 848/2056/508 666/1595/42 665/1594/181
f 848/2057/509 849/2058/181 665/1592/181
f 848/2056/508 849/2059/181 850/2060/42
f 848/2056/508 850/2060/42 851/2061/57
f 848/2056/508 851/2061/57 760/2062/57
f 848/2056/508 760/2062/57 666/1595/42
f 249/2063/30 256/2064/30 852/2065/510
f 249/2063/30 852/2065/510 853/2066/30
f 249/2063/30 853/2066/30 854/2067/30
f 249/2068/30 854/2069/30 855/2070/30
f 249/2071/30 855/2072/30 849/2073/181
f 249/1590/30 665/1592/181 849/2058/181
f 766/2074/74 765/2075/201 856/2076/74
f 766/2077/74 856/2078/74 857/2079/33
f 766/2077/74 857/2079/33 762/1838/33
f 766/2077/74 762/1838/33 670/1837/74
f 858/2080/200 761/2081/200 760/2082/57
f 858/2083/200 760/2062/57 851/2061/57
f 858/2084/200 851/2085/57 859/2086/200
f 860/2087/168 681/2088/168 680/1871/167
f 860/2087/168 680/1871/167 776/1870/167
f 860/2087/168 776/1870/167 861/2089/168
f 860/2090/168 861/2091/168 862/2092/174
f 860/2090/168 862/2092/174 754/1813/174
f 860/2090/168 754/1813/174 681/1812/168
f 773/1865/33 772/1864/30 863/2093/33
f 773/1865/33 863/2093/33 864/2094/74
f 773/1865/33 864/2094/74 767/1851/74
f 773/1865/33 767/1851/74 675/1850/33
f 771/1861/30 770/1860/162 865/2095/30
f 771/1861/30 865/2095/30 866/2096/30
f 771/1861/30 866/2096/30 772/1864/30
f 771/1861/30 772/1864/30 678/1862/30
f 867/2097/30 674/1868/30 673/1825/42
f 867/2097/30 673/1825/42 758/1824/42
f 867/2097/30 758/1824/42 868/2098/30
f 867/2097/30 868/2098/30 869/2099/30
f 867/2097/30 869/2099/30 775/1869/30
f 867/2097/30 775/1869/30 674/1868/30
f 870/2100/511 803/1952/484 807/1951/30
f 870/2100/511 807/1951/30 871/2101/30
f 870/2100/511 871/2101/30 872/2102/30
f 870/2103/511 872/2104/30 873/2105/512
f 870/2106/511 873/2107/512 874/2108/513
f 870/2106/511 874/2108/513 875/2109/514
f 870/2106/511 875/2109/514 803/2110/484
f 803/2110/484 875/2109/514 804/2111/485
f 876/2112/515 794/1914/475 793/1913/474
f 876/2112/515 793/1913/474 821/1993/500
f 876/2112/515 821/1993/500 877/2113/516
f 876/2112/515 877/2113/516 878/2114/517
f 876/2112/515 878/2114/517 811/1963/490
f 876/2112/515 811/1963/490 794/1914/475
f 879/2115/518 781/1885/465 815/1969/494
f 879/2115/518 815/1969/494 880/2116/519
f 879/2117/518 880/2118/519 881/2119/520
f 879/2115/518 881/2120/520 817/1971/496
f 879/2115/518 817/1971/496 782/1886/466
f 879/2115/518 782/1886/466 781/1885/465
f 882/2121/521 778/1877/462 812/1964/491
f 882/2121/521 812/1964/491 883/2122/522
f 882/2123/521 883/2124/522 884/2125/523
f 882/2126/521 884/2127/523 823/2128/502
f 882/2129/521 823/2130/502 779/2131/463
f 882/2121/521 779/1878/463 778/1877/462
f 885/2132/524 785/1899/469 784/1898/468
f 885/2133/524 784/2134/468 827/2135/506
f 885/2133/524 827/2135/506 886/2136/525
f 885/2137/524 886/2138/525 887/2139/526
f 885/2132/524 887/2140/526 814/1968/493
f 885/2132/524 814/1968/493 785/1899/469
f 888/2141/527 800/2142/481 799/2027/480
f 888/2141/527 799/2027/480 830/2026/507
f 888/2141/527 830/2026/507 889/2143/528
f 888/2144/527 889/2145/528 890/2146/529
f 888/2147/527 890/2148/529 820/2149/499
f 888/2150/527 820/2151/499 800/2152/481
f 891/2153/530 796/2154/477 818/2155/497
f 891/2153/530 818/2155/497 892/2156/531
f 891/2153/530 892/2156/531 893/2157/30
f 891/2153/530 893/2157/30 832/2031/30
f 891/2153/530 832/2031/30 797/2030/478
f 891/2153/530 797/2030/478 796/2154/477
f 894/2158/30 788/2024/30 787/2004/471
f 894/2158/30 787/2004/471 824/2003/503
f 894/2158/30 824/2003/503 895/2159/30
f 894/2158/30 895/2159/30 896/2160/30
f 894/2158/30 896/2160/30 829/2025/30
f 894/2158/30 829/2025/30 788/2024/30
f 897/2161/532 791/2011/472 790/2033/30
f 897/2161/532 790/2033/30 833/2032/30
f 897/2161/532 833/2032/30 898/2162/533
f 897/2161/532 898/2162/533 899/2163/534
f 897/2161/532 899/2163/534 826/2012/505
f 897/2161/532 826/2012/505 791/2011/472
f 809/1957/488 808/1956/487 900/2164/535
f 809/1957/488 900/2164/535 901/2165/536
f 809/1958/488 901/2166/536 579/2167/30
f 809/1958/488 579/2167/30 612/1726/30
f 902/2168/537 811/1963/490 878/2114/517
f 902/2169/537 878/2170/517 903/2171/538
f 902/2169/537 903/2171/538 904/2172/539
f 902/2169/537 904/2172/539 883/2173/522
f 902/2168/537 883/2122/522 812/1964/491
f 902/2168/537 812/1964/491 811/1963/490
f 905/2174/540 814/2175/493 887/2176/526
f 905/2174/540 887/2176/526 906/2177/541
f 905/2178/540 906/2179/541 907/2180/542
f 905/2178/540 907/2180/542 880/2118/519
f 905/2178/540 880/2118/519 815/2181/494
f 905/2182/540 815/1969/494 814/1968/493
f 908/2183/543 821/1993/500 820/1992/499
f 908/2183/543 820/1992/499 890/2184/529
f 908/2185/543 890/2186/529 909/2187/544
f 908/2185/543 909/2187/544 910/2188/545
f 908/2185/543 910/2188/545 877/2189/516
f 908/2183/543 877/2113/516 821/1993/500
f 911/2190/546 817/2191/496 881/2192/520
f 911/2193/546 881/2194/520 912/2195/547
f 911/2196/546 912/2197/547 913/2198/548
f 911/2196/546 913/2198/548 892/2156/531
f 911/2196/546 892/2156/531 818/2155/497
f 911/2199/546 818/2200/497 817/2201/496
f 914/2202/549 830/2026/507 829/2025/30
f 914/2202/549 829/2025/30 896/2160/30
f 914/2202/549 896/2160/30 915/2203/550
f 914/2202/549 915/2203/550 916/2204/551
f 914/2202/549 916/2204/551 889/2143/528
f 914/2202/549 889/2143/528 830/2026/507
f 917/2205/30 833/2032/30 832/2031/30
f 917/2205/30 832/2031/30 893/2157/30
f 917/2205/30 893/2157/30 918/2206/30
f 917/2205/30 918/2206/30 919/2207/552
f 917/2205/30 919/2207/552 898/2162/533
f 917/2205/30 898/2162/533 833/2032/30
f 920/2208/46 752/1805/46 751/1804/45
f 920/2208/46 751/1804/45 844/2049/45
f 920/2209/46 844/2210/45 921/2211/46
f 920/2209/46 921/2211/46 922/2212/54
f 920/2209/46 922/2212/54 835/2213/54
f 920/2208/46 835/2035/54 752/1805/46
f 923/2214/55 749/1799/54 839/2039/54
f 923/2215/55 839/2216/54 924/2217/55
f 923/2215/55 924/2217/55 925/2218/56
f 923/2215/55 925/2218/56 841/2219/56
f 923/2214/55 841/2041/56 750/1800/55
f 923/2214/55 750/1800/55 749/1799/54
f 926/2220/131 746/2221/69 836/2222/69
f 926/2220/131 836/2222/69 927/2223/131
f 926/2220/131 927/2223/131 928/2224/132
f 926/2225/131 928/2226/132 846/2227/132
f 926/2228/131 846/2052/132 747/2051/131
f 926/2229/131 747/1790/131 746/1789/69
f 929/2230/129 755/1816/129 754/1815/174
f 929/2230/129 754/1815/174 862/2231/174
f 929/2232/129 862/2233/174 930/2234/129
f 929/2232/129 930/2234/129 931/2235/46
f 929/2232/129 931/2235/46 838/2236/46
f 929/2230/129 838/2038/46 755/1816/129
f 932/2237/553 827/2238/506 826/2239/505
f 932/2240/553 826/2241/505 899/2242/534
f 932/2243/553 899/2244/534 933/2245/554
f 932/2246/553 933/2247/554 934/2248/555
f 932/2246/553 934/2248/555 886/2249/525
f 932/2246/553 886/2249/525 827/2250/506
f 855/2251/30 854/2252/30 935/2253/30
f 855/2254/30 935/2255/30 936/2256/42
f 855/2254/30 936/2256/42 850/2060/42
f 855/2254/30 850/2060/42 849/2059/181
f 937/2257/30 763/1839/30 762/1838/33
f 937/2257/30 762/1838/33 857/2079/33
f 937/2257/30 857/2079/33 938/2258/30
f 856/2259/74 765/2260/201 939/2261/201
f 856/2078/74 939/2262/201 940/2263/74
f 856/2078/74 940/2263/74 941/2264/33
f 856/2078/74 941/2264/33 857/2079/33
f 864/2265/74 863/2266/33 942/2267/74
f 864/2265/74 942/2267/74 943/2268/44
f 864/2269/74 943/2270/44 843/2271/44
f 864/2094/74 843/2272/44 767/1851/74
f 944/2273/556 823/2002/502 884/2274/523
f 944/2273/556 884/2274/523 945/2275/557
f 944/2273/556 945/2275/557 946/2276/30
f 944/2273/556 946/2276/30 895/2159/30
f 944/2273/556 895/2159/30 824/2003/503
f 944/2273/556 824/2003/503 823/2002/502
f 947/2277/42 757/1823/57 842/2278/57
f 947/2279/42 842/2280/57 948/2281/42
f 947/2279/42 948/2281/42 949/2282/30
f 947/2279/42 949/2282/30 868/2283/30
f 947/2277/42 868/2098/30 758/1824/42
f 947/2277/42 758/1824/42 757/1823/57
f 866/2284/30 865/2285/30 950/2286/30
f 866/2284/30 950/2286/30 951/2287/33
f 866/2284/30 951/2287/33 863/2266/33
f 866/2096/30 863/2093/33 772/1864/30
f 847/2288/162 846/2227/132 952/2289/162
f 847/2288/162 952/2289/162 953/2290/30
f 847/2288/162 953/2290/30 865/2285/30
f 847/2055/162 865/2095/30 770/1860/162
f 954/2291/167 776/1870/167 775/1869/30
f 954/2291/167 775/1869/30 869/2099/30
f 954/2292/167 869/2293/30 955/2294/167
f 954/2292/167 955/2294/167 956/2295/168
f 954/2292/167 956/2295/168 861/2296/168
f 954/2291/167 861/2089/168 776/1870/167
f 957/2297/558 890/2298/529 889/2299/528
f 957/2300/558 889/2301/528 916/2302/551
f 957/2303/558 916/2304/551 958/2305/559
f 957/2306/558 958/2307/559 959/2308/560
f 957/2306/558 959/2308/560 909/2187/544
f 957/2306/558 909/2187/544 890/2186/529
f 960/2309/561 881/2119/520 880/2118/519
f 960/2309/561 880/2118/519 907/2180/542
f 960/2310/561 907/2311/542 961/2312/562
f 960/2313/561 961/2314/562 962/2315/563
f 960/2316/561 962/2317/563 912/2318/547
f 960/2319/561 912/2320/547 881/2321/520
f 901/2165/536 900/2164/535 963/2322/564
f 901/2165/536 963/2322/564 964/2323/565
f 901/2324/536 964/2325/565 965/2326/566
f 901/2166/536 965/2327/566 580/2328/359
f 901/2166/536 580/2328/359 579/2167/30
f 966/2329/567 873/2105/512 872/2104/30
f 966/2329/567 872/2104/30 967/2330/30
f 966/2329/567 967/2330/30 968/2331/568
f 966/2332/567 968/2333/568 969/2334/569
f 966/2332/567 969/2334/569 970/2335/570
f 966/2336/567 970/2337/570 873/2107/512
f 873/2107/512 970/2337/570 874/2108/513
f 971/2338/571 877/2189/516 910/2188/545
f 971/2338/571 910/2188/545 972/2339/572
f 971/2338/571 972/2339/572 973/2340/573
f 971/2338/571 973/2340/573 903/2171/538
f 971/2338/571 903/2171/538 878/2170/517
f 971/2338/571 878/2170/517 877/2189/516
f 965/2326/566 964/2325/565 974/2341/574
f 965/2326/566 974/2341/574 581/1400/360
f 965/2326/566 581/1400/360 580/1399/359
f 975/2342/30 896/2160/30 895/2159/30
f 975/2342/30 895/2159/30 946/2276/30
f 975/2343/30 946/2344/30 976/2345/30
f 975/2343/30 976/2345/30 977/2346/575
f 975/2343/30 977/2346/575 915/2347/550
f 975/2342/30 915/2203/550 896/2160/30
f 978/2348/30 893/2157/30 892/2156/531
f 978/2348/30 892/2156/531 913/2198/548
f 978/2349/30 913/2350/548 979/2351/30
f 978/2349/30 979/2351/30 980/2352/30
f 978/2349/30 980/2352/30 918/2353/30
f 978/2348/30 918/2206/30 893/2157/30
f 981/2354/576 887/2139/526 886/2138/525
f 981/2355/576 886/2356/525 934/2357/555
f 981/2355/576 934/2357/555 982/2358/577
f 981/2359/576 982/2360/577 983/2361/578
f 981/2359/576 983/2361/578 906/2177/541
f 981/2359/576 906/2177/541 887/2176/526
f 984/2362/579 898/2162/533 919/2207/552
f 984/2363/579 919/2364/552 985/2365/580
f 984/2366/579 985/2367/580 986/2368/581
f 984/2369/579 986/2370/581 933/2371/554
f 984/2372/579 933/2373/554 899/2374/534
f 984/2362/579 899/2163/534 898/2162/533
f 987/2375/582 883/2376/522 904/2377/539
f 987/2378/582 904/2379/539 988/2380/583
f 987/2381/582 988/2382/583 989/2383/584
f 987/2381/582 989/2383/584 945/2384/557
f 987/2385/582 945/2275/557 884/2274/523
f 987/2386/582 884/2387/523 883/2388/522
f 990/2389/585 916/2390/551 915/2347/550
f 990/2389/585 915/2347/550 977/2346/575
f 990/2389/585 977/2346/575 991/2391/586
f 990/2392/585 991/2393/586 992/2394/587
f 990/2395/585 992/2396/587 958/2397/559
f 990/2398/585 958/2399/559 916/2400/551
f 993/2401/588 912/2402/547 962/2403/563
f 993/2401/588 962/2403/563 994/2404/589
f 993/2401/588 994/2404/589 995/2405/30
f 993/2401/588 995/2405/30 979/2351/30
f 993/2401/588 979/2351/30 913/2350/548
f 993/2401/588 913/2350/548 912/2402/547
f 996/2406/590 910/2188/545 909/2187/544
f 996/2406/590 909/2187/544 959/2308/560
f 996/2406/590 959/2308/560 997/2407/591
f 996/2406/590 997/2407/591 998/2408/592
f 996/2406/590 998/2408/592 972/2339/572
f 996/2406/590 972/2339/572 910/2188/545
f 999/2409/593 906/2177/541 983/2361/578
f 999/2410/593 983/2411/578 1000/2412/594
f 999/2413/593 1000/2414/594 1001/2415/595
f 999/2416/593 1001/2417/595 961/2312/562
f 999/2416/593 961/2312/562 907/2311/542
f 999/2416/593 907/2311/542 906/2418/541
f 1002/2419/596 1003/2420/597 974/2421/574
f 1002/2419/596 974/2421/574 964/2422/565
f 1002/2419/596 964/2422/565 963/2423/564
f 968/2331/568 967/2330/30 428/2424/30
f 968/2331/568 428/2424/30 1004/2425/598
f 968/2333/568 1004/2426/598 1005/2427/599
f 968/2333/568 1005/2427/599 969/2334/569
f 974/2421/574 1003/2420/597 1006/2428/600
f 974/2341/574 1006/2429/600 495/1401/30
f 974/2341/574 495/1401/30 581/1400/360
f 1007/2430/30 946/2344/30 945/2384/557
f 1007/2430/30 945/2384/557 989/2383/584
f 1007/2430/30 989/2383/584 1008/2431/30
f 1007/2430/30 1008/2431/30 1009/2432/30
f 1007/2430/30 1009/2432/30 976/2345/30
f 1007/2430/30 976/2345/30 946/2344/30
f 1010/2433/601 918/2353/30 980/2352/30
f 1010/2433/601 980/2352/30 1011/2434/602
f 1010/2433/601 1011/2434/602 1012/2435/603
f 1010/2433/601 1012/2435/603 985/2365/580
f 1010/2433/601 985/2365/580 919/2364/552
f 1010/2433/601 919/2364/552 918/2353/30
f 1013/2436/604 903/2171/538 973/2340/573
f 1013/2436/604 973/2340/573 1014/2437/605
f 1013/2438/604 1014/2439/605 1015/2440/606
f 1013/2441/604 1015/2442/606 988/2443/583
f 1013/2444/604 988/2445/583 904/2446/539
f 1013/2436/604 904/2172/539 903/2171/538
f 1016/2447/607 934/2248/555 933/2247/554
f 1016/2447/607 933/2247/554 986/2448/581
f 1016/2447/607 986/2448/581 1017/2449/608
f 1016/2450/607 1017/2451/608 1018/2452/609
f 1016/2453/607 1018/2454/609 982/2358/577
f 1016/2453/607 982/2358/577 934/2357/555
f 1019/2455/69 835/2213/54 922/2212/54
f 1019/2455/69 922/2212/54 1020/2456/69
f 1019/2457/69 1020/2458/69 1021/2459/131
f 1019/2455/69 1021/2460/131 927/2223/131
f 1019/2455/69 927/2223/131 836/2222/69
f 1019/2455/69 836/2222/69 835/2213/54
f 1022/2461/54 838/2236/46 931/2235/46
f 1022/2461/54 931/2235/46 1023/2462/54
f 1022/2463/54 1023/2464/54 1024/2465/55
f 1022/2461/54 1024/2466/55 924/2217/55
f 1022/2461/54 924/2217/55 839/2216/54
f 1022/2461/54 839/2216/54 838/2236/46
f 1025/2467/45 844/2210/45 843/2468/44
f 1025/2467/45 843/2468/44 943/2469/44
f 1025/2467/45 943/2469/44 1026/2470/45
f 1025/2471/45 1026/2472/45 1027/2473/46
f 1025/2467/45 1027/2474/46 921/2211/46
f 1025/2467/45 921/2211/46 844/2210/45
f 1028/2475/610 959/2308/560 958/2307/559
f 1028/2475/610 958/2307/559 992/2476/587
f 1028/2477/610 992/2478/587 1029/2479/611
f 1028/2477/610 1029/2479/611 1030/2480/612
f 1028/2477/610 1030/2480/612 997/2481/591
f 1028/2475/610 997/2407/591 959/2308/560
f 1031/2482/613 961/2483/562 1001/2484/595
f 1031/2485/613 1001/2486/595 1032/2487/614
f 1031/2488/613 1032/2489/614 1033/2490/615
f 1031/2491/613 1033/2492/615 994/2404/589
f 1031/2491/613 994/2404/589 962/2403/563
f 1031/2493/613 962/2494/563 961/2495/562
f 1034/2496/174 862/2092/174 861/2091/168
f 1034/2497/174 861/2296/168 956/2295/168
f 1034/2498/174 956/2499/168 1035/2500/174
f 1034/2501/174 1035/2502/174 1036/2503/129
f 1034/2504/174 1036/2505/129 930/2234/129
f 1034/2504/174 930/2234/129 862/2233/174
f 1037/2506/57 841/2507/56 925/2508/56
f 1037/2509/57 925/2510/56 1038/2511/57
f 1037/2512/57 1038/2513/57 1039/2514/42
f 1037/2515/57 1039/2516/42 948/2281/42
f 1037/2515/57 948/2281/42 842/2280/57
f 1037/2515/57 842/2280/57 841/2517/56
f 1040/2518/57 850/2060/42 936/2256/42
f 1040/2518/57 936/2256/42 1041/2519/57
f 1040/2520/57 1041/2521/57 1042/2522/200
f 1040/2520/57 1042/2522/200 859/2523/200
f 1040/2524/57 859/2525/200 851/2526/57
f 1040/2518/57 851/2061/57 850/2060/42
f 1004/2425/598 428/2424/30 1043/2527/30
f 1004/2425/598 1043/2527/30 1044/2528/616
f 1004/2426/598 1044/2529/616 1045/2530/617
f 1004/2426/598 1045/2530/617 1005/2427/599
f 941/2531/33 940/2532/74 1046/2533/202
f 941/2534/33 1046/2535/202 1047/2536/30
f 941/2537/33 1047/2538/30 938/2539/30
f 941/2264/33 938/2258/30 857/2079/33
f 1048/2540/201 1049/2541/201 1050/2542/74
f 1048/2543/201 1050/2544/74 940/2545/74
f 1048/2546/201 940/2547/74 939/2548/201
f 928/2549/132 927/2550/131 1051/2551/132
f 928/2552/132 1051/2553/132 1052/2554/162
f 928/2226/132 1052/2555/162 952/2289/162
f 928/2226/132 952/2289/162 846/2227/132
f 951/2287/33 950/2286/30 1053/2556/33
f 951/2557/33 1053/2558/33 1054/2559/74
f 951/2287/33 1054/2560/74 942/2267/74
f 951/2287/33 942/2267/74 863/2266/33
f 953/2290/30 952/2289/162 1055/2561/30
f 953/2562/30 1055/2563/30 1056/2564/30
f 953/2290/30 1056/2565/30 950/2286/30
f 953/2290/30 950/2286/30 865/2285/30
f 1057/2566/618 977/2346/575 976/2345/30
f 1057/2566/618 976/2345/30 1009/2432/30
f 1057/2567/618 1009/2568/30 1058/2569/619
f 1057/2567/618 1058/2569/619 1059/2570/620
f 1057/2567/618 1059/2570/620 991/2571/586
f 1057/2566/618 991/2391/586 977/2346/575
f 1060/2572/30 869/2293/30 868/2283/30
f 1060/2572/30 868/2283/30 949/2282/30
f 1060/2572/30 949/2282/30 1061/2573/30
f 1060/2574/30 1061/2575/30 1062/2576/167
f 1060/2572/30 1062/2577/167 955/2294/167
f 1060/2572/30 955/2294/167 869/2293/30
f 1063/2578/621 983/2361/578 982/2360/577
f 1063/2579/621 982/2580/577 1018/2452/609
f 1063/2579/621 1018/2452/609 1064/2581/622
f 1063/2579/621 1064/2581/622 1065/2582/623
f 1063/2579/621 1065/2582/623 1000/2414/594
f 1063/2579/621 1000/2414/594 983/2583/578
f 1066/2584/30 979/2351/30 995/2405/30
f 1066/2584/30 995/2405/30 1067/2585/30
f 1066/2584/30 1067/2585/30 1068/2586/624
f 1066/2584/30 1068/2586/624 1011/2434/602
f 1066/2584/30 1011/2434/602 980/2352/30
f 1066/2584/30 980/2352/30 979/2351/30
f 1006/2428/600 1003/2420/597 1069/2587/625
f 1006/2588/600 1069/2589/625 1070/2590/626
f 1006/2429/600 1070/2591/626 1071/2592/30
f 1006/2429/600 1071/2592/30 459/1103/30
f 1006/2429/600 459/1103/30 495/1401/30
f 1072/2593/627 972/2339/572 998/2408/592
f 1072/2594/627 998/2595/592 1073/2596/628
f 1072/2594/627 1073/2596/628 1074/2597/629
f 1072/2594/627 1074/2597/629 1014/2598/605
f 1072/2593/627 1014/2437/605 973/2340/573
f 1072/2593/627 973/2340/573 972/2339/572
f 1075/2599/630 989/2383/584 988/2382/583
f 1075/2599/630 988/2382/583 1015/2600/606
f 1075/2601/630 1015/2602/606 1076/2603/631
f 1075/2601/630 1076/2603/631 1077/2604/30
f 1075/2601/630 1077/2604/30 1008/2605/30
f 1075/2599/630 1008/2431/30 989/2383/584
f 1078/2606/632 986/2607/581 985/2608/580
f 1078/2609/632 985/2610/580 1012/2611/603
f 1078/2612/632 1012/2613/603 1079/2614/633
f 1078/2615/632 1079/2616/633 1080/2617/634
f 1078/2615/632 1080/2617/634 1017/2451/608
f 1078/2615/632 1017/2451/608 986/2618/581
f 1081/2619/635 1000/2414/594 1065/2582/623
f 1081/2620/635 1065/2621/623 1082/2622/636
f 1081/2623/635 1082/2624/636 1083/2625/637
f 1081/2626/635 1083/2627/637 1032/2628/614
f 1081/2629/635 1032/2630/614 1001/2631/595
f 1081/2619/635 1001/2415/595 1000/2414/594
f 1084/2632/638 992/2633/587 991/2634/586
f 1084/2635/638 991/2636/586 1059/2637/620
f 1084/2638/638 1059/2639/620 1085/2640/639
f 1084/2641/638 1085/2642/639 1086/2643/640
f 1084/2641/638 1086/2643/640 1029/2479/611
f 1084/2641/638 1029/2479/611 992/2478/587
f 1044/2528/616 1043/2527/30 1087/2644/30
f 1044/2528/616 1087/2644/30 1088/2645/30
f 1044/2646/616 1088/2647/30 1089/2648/641
f 1044/2649/616 1089/2650/641 1090/2651/642
f 1044/2652/616 1090/2653/642 1045/2654/617
f 1091/2655/30 994/2656/589 1033/2657/615
f 1091/2655/30 1033/2657/615 1092/2658/30
f 1091/2659/30 1092/2660/30 1093/2661/30
f 1091/2662/30 1093/2663/30 1067/2585/30
f 1091/2662/30 1067/2585/30 995/2405/30
f 1091/2662/30 995/2405/30 994/2404/589
f 1094/2664/643 997/2481/591 1030/2480/612
f 1094/2664/643 1030/2480/612 1095/2665/644
f 1094/2664/643 1095/2665/644 1096/2666/645
f 1094/2664/643 1096/2666/645 1073/2596/628
f 1094/2664/643 1073/2596/628 998/2595/592
f 1094/2664/643 998/2595/592 997/2481/591
f 1097/2667/30 1009/2568/30 1008/2605/30
f 1097/2667/30 1008/2605/30 1077/2604/30
f 1097/2667/30 1077/2604/30 1098/2668/30
f 1097/2667/30 1098/2668/30 1099/2669/646
f 1097/2667/30 1099/2669/646 1058/2569/619
f 1097/2667/30 1058/2569/619 1009/2568/30
f 1071/2592/30 1070/2591/626 1100/2670/30
f 1071/2592/30 1100/2670/30 461/1105/30
f 1071/2592/30 461/1105/30 460/1104/287
f 1071/2592/30 460/1104/287 459/1103/30
f 1101/2671/647 1018/2452/609 1017/2451/608
f 1101/2671/647 1017/2451/608 1080/2617/634
f 1101/2671/647 1080/2617/634 1102/2672/648
f 1101/2671/647 1102/2672/648 1103/2673/649
f 1101/2671/647 1103/2673/649 1064/2581/622
f 1101/2671/647 1064/2581/622 1018/2452/609
f 1104/2674/650 1014/2675/605 1074/2676/629
f 1104/2677/650 1074/2678/629 1105/2679/651
f 1104/2680/650 1105/2681/651 1106/2682/652
f 1104/2680/650 1106/2682/652 1076/2603/631
f 1104/2680/650 1076/2603/631 1015/2602/606
f 1104/2683/650 1015/2684/606 1014/2685/605
f 1088/2647/30 1087/2686/30 1107/2687/30
f 1088/2647/30 1107/2687/30 1108/2688/30
f 1088/2647/30 1108/2688/30 1109/2689/653
f 1088/2647/30 1109/2689/653 1089/2648/641
f 1110/2690/654 1059/2570/620 1058/2569/619
f 1110/2690/654 1058/2569/619 1099/2669/646
f 1110/2691/654 1099/2692/646 1111/2693/655
f 1110/2694/654 1111/2695/655 1112/2696/656
f 1110/2697/654 1112/2698/656 1085/2699/639
f 1110/2700/654 1085/2701/639 1059/2702/620
f 1113/2703/657 1012/2435/603 1011/2434/602
f 1113/2703/657 1011/2434/602 1068/2586/624
f 1113/2703/657 1068/2586/624 1114/2704/658
f 1113/2705/657 1114/2706/658 1115/2707/659
f 1113/2708/657 1115/2709/659 1079/2710/633
f 1113/2711/657 1079/2712/633 1012/2713/603
f 1116/2714/660 1032/2715/614 1083/2716/637
f 1116/2717/660 1083/2718/637 1117/2719/661
f 1116/2717/660 1117/2719/661 1118/2720/30
f 1116/2717/660 1118/2720/30 1092/2660/30
f 1116/2717/660 1092/2660/30 1033/2721/615
f 1116/2722/660 1033/2490/615 1032/2489/614
f 1119/2723/662 1029/2479/611 1086/2643/640
f 1119/2723/662 1086/2643/640 1120/2724/663
f 1119/2723/662 1120/2724/663 1121/2725/664
f 1119/2723/662 1121/2725/664 1095/2665/644
f 1119/2723/662 1095/2665/644 1030/2480/612
f 1119/2723/662 1030/2480/612 1029/2479/611
f 1122/2726/665 1065/2582/623 1064/2581/622
f 1122/2726/665 1064/2581/622 1103/2673/649
f 1122/2727/665 1103/2728/649 1123/2729/666
f 1122/2730/665 1123/2731/666 1124/2732/667
f 1122/2733/665 1124/2734/667 1082/2622/636
f 1122/2733/665 1082/2622/636 1065/2621/623
f 1070/2735/626 1069/2736/625 1125/2737/668
f 1070/2738/626 1125/2739/668 1126/2740/669
f 1070/2591/626 1126/2741/669 1100/2670/30
f 1127/2742/30 461/1105/30 1100/2670/30
f 1127/2742/30 1100/2670/30 1128/2743/670
f 1127/2744/30 320/2745/30 1128/2746/671
f 1127/2747/30 320/2748/30 319/2749/30
f 1127/2750/30 319/2751/30 354/2752/30
f 1127/2742/30 354/1106/30 461/1105/30
f 1108/2688/30 1107/2687/30 1129/2753/30
f 1108/2754/30 1129/2755/30 1130/2756/30
f 1108/2754/30 1130/2756/30 1131/2757/672
f 1108/2754/30 1131/2757/672 1109/2758/653
f 1112/2696/656 1111/2695/655 1132/2759/673
f 1112/2696/656 1132/2759/673 1133/2760/674
f 1112/2761/656 1133/2762/674 1134/2763/675
f 1112/2764/656 1134/2765/675 1135/2766/676
f 1112/2764/656 1135/2766/676 1136/2767/677
f 1112/2768/656 1136/2769/677 1085/2642/639
f 1136/2767/677 1135/2766/676 1137/2770/678
f 1136/2771/677 1137/2772/678 1120/2773/663
f 1136/2769/677 1120/2724/663 1086/2643/640
f 1136/2769/677 1086/2643/640 1085/2642/639
f 1138/2774/679 1082/2775/636 1124/2776/667
f 1138/2777/679 1124/2778/667 1139/2779/680
f 1138/2780/679 1139/2781/680 1140/2782/681
f 1138/2783/679 1140/2784/681 1141/2785/682
f 1138/2783/679 1141/2785/682 1142/2786/683
f 1138/2783/679 1142/2786/683 1117/2787/661
f 1138/2788/679 1117/2719/661 1083/2718/637
f 1138/2789/679 1083/2790/637 1082/2791/636
f 1128/2743/670 1100/2670/30 1126/2741/669
f 1128/2792/670 1126/2793/669 1143/2794/684
f 1128/2795/670 1143/2796/684 1144/2797/685
f 1128/2798/670 1144/2799/685 1145/2800/686
f 1128/2801/670 1145/2802/686 1146/2803/30
f 1128/2804/670 1146/2805/30 320/2806/30
f 1147/2807/30 1077/2604/30 1076/2603/631
f 1147/2807/30 1076/2603/631 1106/2682/652
f 1147/2808/30 1106/2809/652 1148/2810/30
f 1147/2808/30 1148/2810/30 1149/2811/30
f 1147/2808/30 1149/2811/30 1098/2812/30
f 1147/2807/30 1098/2668/30 1077/2604/30
f 1150/2813/687 1067/2814/30 1093/2661/30
f 1150/2813/687 1093/2661/30 1151/2815/688
f 1150/2816/687 1151/2817/688 1152/2818/689
f 1150/2816/687 1152/2818/689 1114/2819/658
f 1150/2816/687 1114/2819/658 1068/2820/624
f 1150/2821/687 1068/2586/624 1067/2585/30
f 1153/2822/690 1073/2596/628 1096/2666/645
f 1153/2822/690 1096/2666/645 1154/2823/691
f 1153/2824/690 1154/2825/691 1155/2826/692
f 1153/2827/690 1155/2828/692 1105/2829/651
f 1153/2830/690 1105/2831/651 1074/2832/629
f 1153/2822/690 1074/2597/629 1073/2596/628
f 1156/2833/693 1080/2617/634 1079/2616/633
f 1156/2834/693 1079/2835/633 1115/2836/659
f 1156/2834/693 1115/2836/659 1157/2837/694
f 1156/2838/693 1157/2839/694 1158/2840/695
f 1156/2833/693 1158/2841/695 1102/2672/648
f 1156/2833/693 1102/2672/648 1080/2617/634
f 1126/2842/669 1125/2843/668 1143/2844/684
f 1109/2758/653 1131/2757/672 1159/2845/696
f 1109/2846/653 1159/2847/696 1160/2848/697
f 1109/2849/653 1160/2850/697 1089/2851/641
f 1089/2852/641 1160/2853/697 1090/2854/642
f 1161/2855/698 1099/2692/646 1098/2812/30
f 1161/2855/698 1098/2812/30 1149/2811/30
f 1161/2856/698 1149/2857/30 1162/2858/699
f 1161/2859/698 1162/2860/699 1132/2861/673
f 1161/2862/698 1132/2863/673 1111/2864/655
f 1161/2855/698 1111/2693/655 1099/2692/646
f 1163/2865/700 1103/2673/649 1102/2672/648
f 1163/2866/700 1102/2867/648 1158/2868/695
f 1163/2869/700 1158/2840/695 1164/2870/701
f 1163/2869/700 1164/2870/701 1165/2871/702
f 1163/2869/700 1165/2871/702 1123/2872/666
f 1163/2869/700 1123/2872/666 1103/2873/649
f 1130/2756/30 1129/2755/30 1166/2874/30
f 1130/2756/30 1166/2874/30 1167/2875/30
f 1130/2756/30 433/2876/703 1131/2757/672
f 1168/2877/30 1092/2660/30 1118/2720/30
f 1168/2877/30 1118/2720/30 1169/2878/30
f 1168/2879/30 1169/2880/30 1170/2881/704
f 1168/2877/30 1170/2882/704 1151/2815/688
f 1168/2877/30 1151/2815/688 1093/2661/30
f 1168/2877/30 1093/2661/30 1092/2660/30
f 1139/2883/680 1124/2884/667 1123/2872/666
f 1139/2883/680 1123/2872/666 1165/2871/702
f 1139/2885/680 1165/2886/702 1171/2887/705
f 1139/2888/680 1171/2889/705 1172/2890/706
f 1139/2891/680 1172/2892/706 1140/2893/681
f 1173/2894/707 1095/2665/644 1121/2725/664
f 1173/2895/707 1121/2896/664 1174/2897/708
f 1173/2898/707 1174/2899/708 1175/2900/709
f 1173/2901/707 1175/2902/709 1154/2903/691
f 1173/2894/707 1154/2823/691 1096/2666/645
f 1173/2894/707 1096/2666/645 1095/2665/644
f 1176/2904/30 1117/2787/661 1142/2786/683
f 1176/2904/30 1142/2786/683 1177/2905/710
f 1176/2904/30 1177/2905/710 1178/2906/162
f 1176/2904/30 1178/2906/162 1169/2880/30
f 1176/2904/30 1169/2880/30 1118/2907/30
f 1176/2908/30 1118/2720/30 1117/2719/661
f 1179/2909/711 1120/2910/663 1137/2911/678
f 1179/2912/711 1137/2770/678 1180/2913/712
f 1179/2912/711 1180/2913/712 1181/2914/713
f 1179/2912/711 1181/2914/713 1174/2899/708
f 1179/2912/711 1174/2899/708 1121/2915/664
f 1179/2916/711 1121/2917/664 1120/2918/663
f 1167/2875/30 1166/2874/30 1182/2919/30
f 1167/2920/30 1182/2921/30 1183/2922/30
f 1167/2920/30 1183/2922/30 434/2923/30
f 1167/2924/30 434/2925/30 433/2926/272
f 1184/2927/30 1149/2928/30 1148/2929/30
f 1184/2930/30 1148/2931/30 1185/2932/30
f 1184/2930/30 1185/2932/30 1186/2933/714
f 1184/2930/30 1186/2933/714 1187/2934/715
f 1184/2930/30 1187/2934/715 1188/2935/716
f 1184/2930/30 1188/2935/716 1162/2860/699
f 1184/2930/30 1162/2860/699 1149/2936/30
f 1189/2937/717 1115/2938/659 1114/2939/658
f 1189/2940/717 1114/2941/658 1152/2942/689
f 1189/2940/717 1152/2942/689 1190/2943/718
f 1189/2940/717 1190/2943/718 1191/2944/719
f 1189/2945/717 1191/2946/719 1192/2947/720
f 1189/2948/717 1192/2949/720 1193/2950/721
f 1189/2948/717 1193/2950/721 1157/2839/694
f 1189/2948/717 1157/2839/694 1115/2951/659
f 321/739/30 320/738/30 1146/2803/30
f 321/739/30 1146/2803/30 1194/2952/30
f 321/739/30 1194/2952/30 852/2953/510
f 321/739/30 852/2953/510 256/740/30
f 433/2954/703 1167/2955/30 1195/2956/722
f 433/2876/703 1195/2957/722 1196/2958/723
f 433/2876/703 1196/2958/723 1197/2959/724
f 433/2876/703 1197/2959/724 1131/2757/672
f 1131/2757/672 1197/2959/724 1198/2960/725
f 1131/2757/672 1198/2960/725 1159/2845/696
f 1199/2961/726 1105/2962/651 1155/2963/692
f 1199/2964/726 1155/2965/692 1200/2966/727
f 1199/2967/726 1200/2968/727 1185/2932/30
f 1199/2961/726 1185/2969/30 1148/2810/30
f 1199/2961/726 1148/2810/30 1106/2809/652
f 1199/2961/726 1106/2809/652 1105/2962/651
f 1201/2970/728 1135/2766/676 1134/2765/675
f 1201/2970/728 1134/2765/675 1202/2971/729
f 1201/2972/728 1202/2973/729 1203/2974/730
f 1201/2972/728 1203/2974/730 1204/2975/731
f 1201/2972/728 1204/2975/731 1205/2976/732
f 1201/2970/728 1205/2977/732 1135/2766/676
f 1205/2976/732 1204/2975/731 1206/2978/733
f 1205/2976/732 1206/2978/733 1180/2979/712
f 1205/2977/732 1180/2913/712 1137/2770/678
f 1205/2977/732 1137/2770/678 1135/2766/676
f 1207/2980/734 1165/2886/702 1164/2981/701
f 1207/2980/734 1164/2981/701 1208/2982/735
f 1207/2983/734 1208/2984/735 1209/2985/736
f 1207/2983/734 1209/2985/736 1210/2986/736
f 1207/2983/734 1210/2986/736 1171/2987/705
f 1207/2980/734 1171/2887/705 1165/2886/702
f 1211/2988/737 1134/2989/675 1133/2990/674
f 1211/2991/737 1133/2992/674 1212/2993/738
f 1211/2991/737 1212/2993/738 1213/2994/739
f 1211/2995/737 1213/2996/739 1214/2997/740
f 1211/2998/737 1214/2999/740 1202/3000/729
f 1211/3001/737 1202/3002/729 1134/3003/675
f 1145/3004/686 1144/3005/685 1215/3006/741
f 1145/3007/686 1215/3008/741 1216/3009/742
f 1145/3007/686 1216/3009/742 1217/3010/743
f 1145/2802/686 1217/3011/743 1194/2952/30
f 1145/2802/686 1194/2952/30 1146/2803/30
f 1218/3012/744 1140/3013/681 1219/3014/745
f 1218/3012/744 1219/3014/745 1220/3015/746
f 1218/3012/744 1220/3015/746 1221/3016/747
f 1218/3017/744 1221/3018/747 1222/3019/748
f 1218/3017/744 1222/3019/748 1141/2785/682
f 1218/3017/744 1141/2785/682 1140/2784/681
f 1172/3020/706 1223/3021/749 1224/3022/750
f 1172/3020/706 1224/3022/750 1225/3023/751
f 1172/3020/706 1225/3023/751 1219/3024/745
f 1172/3025/706 1219/3014/745 1140/3013/681
f 1226/3026/752 1133/3027/674 1132/3028/673
f 1226/3029/752 1132/2861/673 1188/2935/716
f 1226/3029/752 1188/2935/716 1227/3030/753
f 1226/3026/752 1227/3031/753 1212/3032/738
f 1226/3026/752 1212/3032/738 1133/3027/674
f 1188/2935/716 1132/2861/673 1162/2860/699
f 1177/2905/710 1142/2786/683 1141/2785/682
f 1177/2905/710 1141/2785/682 1222/3019/748
f 1177/2905/710 1222/3019/748 1228/3033/754
f 1177/2905/710 1228/3033/754 1178/2906/162
f 1229/3034/755 1158/2840/695 1157/2839/694
f 1229/3034/755 1157/2839/694 1193/2950/721
f 1229/3035/755 1193/3036/721 1230/3037/756
f 1229/3035/755 1230/3037/756 1208/2982/735
f 1229/3035/755 1208/2982/735 1164/2981/701
f 1229/3034/755 1164/2870/701 1158/2840/695
f 1183/2922/30 1182/2921/30 1231/3038/30
f 1183/2922/30 1231/3038/30 1232/3039/30
f 1183/2922/30 1232/3039/30 435/3040/273
f 1183/2922/30 435/3040/273 434/2923/30
f 1233/3041/757 1212/3042/738 1227/3030/753
f 1233/3041/757 1227/3030/753 1234/3043/758
f 1233/3041/757 1234/3043/758 1235/3044/759
f 1233/3045/757 1235/3046/759 1236/3047/760
f 1233/3045/757 1236/3047/760 1213/2994/739
f 1233/3045/757 1213/2994/739 1212/2993/738
f 1228/3033/754 1222/3019/748 1221/3018/747
f 1228/3033/754 1221/3018/747 1237/3048/761
f 1228/3033/754 1237/3048/761 1238/3049/762
f 1228/3033/754 1238/3049/762 1239/3050/162
f 1228/3033/754 1239/3050/162 1178/2906/162
f 1187/2934/715 1186/2933/714 1234/3043/758
f 1187/2934/715 1234/3043/758 1227/3030/753
f 1187/2934/715 1227/3030/753 1188/2935/716
f 1240/3051/763 1202/3052/729 1214/3053/740
f 1240/3054/763 1214/3055/740 1241/3056/764
f 1240/3057/763 1241/3058/764 1242/3059/765
f 1240/3060/763 1242/3061/765 1243/3062/766
f 1240/3060/763 1243/3062/766 1203/3063/730
f 1240/3064/763 1203/2974/730 1202/2973/729
f 1224/3065/750 1223/3066/749 1244/3067/749
f 1224/3068/750 1244/3069/749 1245/3070/767
f 1224/3068/750 1245/3070/767 1246/3071/768
f 1224/3068/750 1246/3071/768 1225/3072/751
f 1247/3073/769 1221/3016/747 1220/3015/746
f 1247/3074/769 1220/3075/746 1248/3076/30
f 1247/3074/769 1248/3076/30 1249/3077/770
f 1247/3074/769 1249/3077/770 1250/3078/771
f 1247/3073/769 1250/3079/771 1237/3080/761
f 1247/3073/769 1237/3080/761 1221/3016/747
f 1190/3081/718 1152/3082/689 1151/3083/688
f 1190/3081/718 1151/3083/688 1170/2881/704
f 1190/3081/718 1170/2881/704 1251/3084/772
f 1190/3081/718 1251/3084/772 1252/3085/773
f 1190/3081/718 1252/3085/773 1191/3086/719
f 1239/3050/162 1238/3049/762 1251/3084/772
f 1239/3050/162 1251/3084/772 1169/2880/30
f 1239/3050/162 1169/2880/30 1178/2906/162
f 1175/2900/709 1174/2899/708 1253/3087/774
f 1175/3088/709 1253/3089/774 1254/3090/775
f 1175/3091/709 1254/3092/775 1255/3093/776
f 1175/3094/709 1255/3095/776 1155/3096/692
f 1175/3097/709 1155/2826/692 1154/2825/691
f 1256/3098/777 1194/2952/30 1217/3011/743
f 1256/3099/777 1217/3100/743 1257/3101/778
f 1256/3099/777 1257/3101/778 1258/3102/779
f 1256/3099/777 1258/3102/779 853/2066/30
f 1256/3099/777 853/2066/30 852/2065/510
f 1256/3098/777 852/2953/510 1194/2952/30
f 1259/3103/780 1260/3104/781 1257/3105/778
f 1259/3106/780 1257/3107/778 1217/3010/743
f 1259/3106/780 1217/3010/743 1216/3009/742
f 1261/3108/782 1213/2996/739 1236/3109/760
f 1261/3108/782 1236/3109/760 1262/3110/30
f 1261/3111/782 1262/3112/30 1263/3113/783
f 1261/3111/782 1263/3113/783 1241/3114/764
f 1261/3111/782 1241/3114/764 1214/3115/740
f 1261/3108/782 1214/2997/740 1213/2996/739
f 1264/3116/30 1219/3024/745 1225/3023/751
f 1264/3117/30 1225/3072/751 1265/3118/30
f 1264/3117/30 1265/3118/30 1266/3119/784
f 1264/3117/30 1266/3119/784 1248/3120/30
f 1264/3116/30 1248/3076/30 1220/3075/746
f 1264/3116/30 1220/3075/746 1219/3024/745
f 1267/3121/785 1155/3122/692 1255/3123/776
f 1267/3124/785 1255/3125/776 1268/3126/786
f 1267/3127/785 1268/3128/786 1269/3129/787
f 1267/3127/785 1269/3129/787 1270/3130/788
f 1267/3121/785 1270/3131/788 1200/3132/727
f 1267/3121/785 1200/3132/727 1155/3122/692
f 1271/3133/789 1208/2984/735 1230/3134/756
f 1271/3133/789 1230/3134/756 1272/3135/790
f 1271/3136/789 1272/3137/790 1273/3138/791
f 1271/3139/789 1273/3140/791 1274/3141/792
f 1271/3142/789 1274/3143/792 1209/3144/736
f 1271/3133/789 1209/2985/736 1208/2984/735
f 1232/3145/30 1231/3146/30 1275/3147/30
f 1232/3148/30 1275/3149/30 437/3150/30
f 1232/3148/30 437/3150/30 436/3151/30
f 1232/3148/30 436/3151/30 435/3152/273
f 1276/3153/793 1236/3047/760 1235/3046/759
f 1276/3153/793 1235/3046/759 1277/3154/794
f 1276/3153/793 1277/3154/794 1278/3155/795
f 1276/3156/793 1278/3157/795 1279/3158/30
f 1276/3156/793 1279/3158/30 1262/3110/30
f 1276/3156/793 1262/3110/30 1236/3109/760
f 1280/3159/796 1237/3080/761 1250/3079/771
f 1280/3159/796 1250/3079/771 1281/3160/797
f 1280/3159/796 1281/3160/797 1191/3161/719
f 1280/3162/796 1191/3086/719 1252/3085/773
f 1280/3162/796 1252/3085/773 1238/3049/762
f 1280/3162/796 1238/3049/762 1237/3048/761
f 1269/3129/787 1268/3128/786 1277/3163/794
f 1269/3129/787 1277/3163/794 1235/3044/759
f 1269/3129/787 1235/3044/759 1234/3043/758
f 1269/3129/787 1234/3043/758 1270/3130/788
f 1270/3130/788 1234/3043/758 1186/2933/714
f 1270/3130/788 1186/2933/714 1185/2932/30
f 1270/3130/788 1185/2932/30 1200/2968/727
f 1251/3084/772 1238/3049/762 1252/3085/773
f 1169/2880/30 1251/3084/772 1170/2881/704
f 1282/3164/54 921/3165/46 1027/3166/46
f 1282/3164/54 1027/3166/46 1283/3167/54
f 1282/3168/54 1283/3169/54 1284/3170/69
f 1282/3171/54 1284/3172/69 1020/3173/69
f 1282/3171/54 1020/3173/69 922/3174/54
f 1282/3175/54 922/2212/54 921/2211/46
f 1285/3176/46 931/2235/46 930/2234/129
f 1285/3177/46 930/3178/129 1036/3179/129
f 1285/3177/46 1036/3179/129 1286/3180/46
f 1285/3181/46 1286/3182/46 1287/3183/54
f 1285/3184/46 1287/3185/54 1023/3186/54
f 1285/3184/46 1023/3186/54 931/3187/46
f 1253/3087/774 1174/2899/708 1181/2914/713
f 1253/3188/774 1181/3189/713 1288/3190/798
f 1253/3188/774 1288/3190/798 1289/3191/799
f 1253/3188/774 1289/3191/799 1290/3192/800
f 1253/3193/774 1290/3194/800 1254/3195/775
f 1291/3196/801 1193/3036/721 1192/3197/720
f 1291/3196/801 1192/3197/720 1292/3198/802
f 1291/3199/801 1292/3200/802 1293/3201/803
f 1291/3199/801 1293/3201/803 1272/3135/790
f 1291/3199/801 1272/3135/790 1230/3134/756
f 1291/3196/801 1230/3037/756 1193/3036/721
f 1294/3202/56 924/3203/55 1024/3204/55
f 1294/3202/56 1024/3204/55 1295/3205/56
f 1294/3202/56 1295/3205/56 1296/3206/57
f 1294/3207/56 1296/3208/57 1038/2513/57
f 1294/3209/56 1038/3210/57 925/3211/56
f 1294/3212/56 925/2218/56 924/2217/55
f 1297/3213/44 943/3214/44 942/3215/74
f 1297/3216/44 942/3217/74 1054/3218/74
f 1297/3219/44 1054/3220/74 1298/3221/44
f 1297/3222/44 1298/3223/44 1299/3224/45
f 1297/3225/44 1299/3226/45 1026/3227/45
f 1297/3225/44 1026/3227/45 943/3228/44
f 1021/2459/131 1020/2458/69 1300/3229/131
f 1021/2459/131 1300/3229/131 1301/3230/132
f 1021/3231/131 1301/3232/132 1051/3233/132
f 1021/3234/131 1051/3235/132 927/3236/131
f 1302/3237/804 1210/3238/736 1209/3239/736
f 1302/3240/804 1209/3241/736 1274/3242/792
f 1302/3240/804 1274/3242/792 1303/3243/805
f 1302/3244/804 1303/3245/805 1304/3246/806
f 1302/3244/804 1304/3246/806 1245/3247/807
f 935/3248/30 854/3249/30 1305/3250/30
f 935/3248/30 1305/3250/30 1306/3251/30
f 935/3248/30 1306/3251/30 1307/3252/181
f 935/3253/30 1308/3254/30 1307/3255/181
f 935/3256/30 1308/3257/30 1309/3258/42
f 935/2255/30 1309/3259/42 936/2256/42
f 1309/3258/42 1308/3257/30 1310/3260/42
f 1309/3258/42 1310/3260/42 1311/3261/57
f 1309/3258/42 1311/3261/57 1041/3262/57
f 1309/3258/42 1041/3262/57 936/3263/42
f 1312/3264/808 1196/3265/723 1195/3266/722
f 1312/3267/808 1195/3268/722 435/3269/809
f 1312/3267/808 435/3269/809 1313/3270/810
f 1312/3271/808 1313/3272/810 1304/3273/811
f 1050/2542/74 1049/2541/201 1314/3274/74
f 1050/3275/74 1314/3276/74 1315/3277/33
f 1050/3275/74 1315/3277/33 1046/3278/202
f 1050/3275/74 1046/3278/202 940/3279/74
f 1245/3070/767 1244/3069/749 1316/3280/812
f 1245/3281/767 1316/3282/812 1317/3283/813
f 1245/3281/767 1317/3283/813 1304/3284/814
f 1245/3285/767 1318/3286/815 1246/3287/768
f 1278/3155/795 1277/3154/794 1268/3288/786
f 1278/3155/795 1268/3288/786 1319/3289/816
f 1278/3157/795 1319/3290/816 1320/3291/817
f 1278/3157/795 1320/3291/817 1279/3158/30
f 1321/3292/200 1042/3293/200 1041/3294/57
f 1321/3295/200 1041/3296/57 1311/3297/57
f 1321/3298/200 1311/3299/57 1322/3300/200
f 1323/3301/168 956/2295/168 955/2294/167
f 1323/3302/168 955/3303/167 1062/2576/167
f 1323/3302/168 1062/2576/167 1324/3304/168
f 1323/3302/168 1324/3304/168 1325/3305/174
f 1323/3306/168 1325/3307/174 1035/3308/174
f 1323/3309/168 1035/3310/174 956/3311/168
f 1056/3312/30 1055/3313/30 1326/3314/30
f 1056/3312/30 1326/3314/30 1327/3315/33
f 1056/3312/30 1327/3315/33 1053/3316/33
f 1056/3317/30 1053/3318/33 950/3319/30
f 1052/3320/162 1051/3233/132 1328/3321/162
f 1052/3320/162 1328/3321/162 1329/3322/30
f 1052/3320/162 1329/3322/30 1055/3313/30
f 1052/3323/162 1055/3324/30 952/3325/162
f 1330/3326/30 949/2282/30 948/2281/42
f 1330/3327/30 948/3328/42 1039/2514/42
f 1330/3327/30 1039/2514/42 1331/3329/30
f 1330/3327/30 1331/3329/30 1332/3330/30
f 1330/3327/30 1332/3330/30 1061/2575/30
f 1330/3327/30 1061/2575/30 949/3331/30
f 1333/3332/818 1180/2979/712 1206/2978/733
f 1333/3332/818 1206/2978/733 1334/3333/819
f 1333/3334/818 1334/3335/819 1335/3336/820
f 1333/3332/818 1335/3337/820 1288/3338/798
f 1333/3332/818 1288/3338/798 1181/3339/713
f 1333/3332/818 1181/3339/713 1180/2979/712
f 1336/3340/821 1203/3063/730 1243/3062/766
f 1336/3341/821 1243/3342/766 1337/3343/822
f 1336/3340/821 1337/3344/822 1338/3345/823
f 1336/3340/821 1338/3345/823 1204/3346/731
f 1336/3340/821 1204/3346/731 1203/3063/730
f 1281/3347/797 1250/3078/771 1339/3348/824
f 1281/3349/797 1339/3350/824 1292/3351/802
f 1281/3352/797 1292/3353/802 1192/3354/720
f 1281/3355/797 1192/3356/720 1191/3357/719
f 1258/3102/779 1257/3101/778 1260/3358/781
f 1258/3359/779 1260/3360/781 1340/3361/825
f 1258/3362/779 1340/3363/825 1341/3364/826
f 1258/3365/779 1341/3366/826 1342/3367/181
f 1258/3102/779 1342/3368/181 853/2066/30
f 1246/3287/768 1318/3286/815 1343/3369/827
f 1246/3287/768 1343/3369/827 1265/3370/30
f 1246/3071/768 1265/3118/30 1225/3072/751
f 1319/3289/816 1268/3288/786 1255/3371/776
f 1319/3289/816 1255/3371/776 1254/3372/775
f 1319/3290/816 1254/3373/775 1344/3374/828
f 1319/3290/816 1344/3374/828 1320/3291/817
f 1338/3345/823 1337/3344/822 1334/3375/819
f 1338/3345/823 1334/3375/819 1206/3376/733
f 1338/3345/823 1206/3376/733 1204/3346/731
f 1342/3377/181 1345/3378/30 1341/3379/829
f 1342/3377/181 1305/3380/30 1345/3378/30
f 1342/3377/181 854/3381/412 1305/3380/30
f 1342/3382/181 854/3383/30 853/3384/30
f 1346/3385/30 1347/3386/30 1348/3387/830
f 1346/3385/30 1348/3387/830 437/3150/30
f 1346/3385/30 437/3150/30 1275/3149/30
f 1349/3388/30 1262/3112/30 1279/3389/30
f 1349/3388/30 1279/3389/30 1350/3390/831
f 1349/3388/30 1350/3390/831 1351/3391/832
f 1349/3388/30 1351/3391/832 1352/3392/833
f 1349/3388/30 1352/3392/833 1263/3113/783
f 1349/3388/30 1263/3113/783 1262/3112/30
f 1340/3393/825 1353/3394/834 1354/3395/835
f 1340/3393/825 1354/3395/835 1242/3396/765
f 1340/3397/825 1242/3398/765 1241/3399/764
f 1340/3400/825 1241/3114/764 1263/3113/783
f 1340/3401/825 1263/3402/783 1352/3403/833
f 1340/3401/825 1352/3403/833 1355/3404/836
f 1340/3401/825 1355/3404/836 1356/3405/837
f 1340/3401/825 1356/3405/837 1341/3406/826
f 1357/3407/838 1242/3408/765 1354/3409/835
f 1357/3407/838 1354/3409/835 1358/3410/839
f 1357/3407/838 1358/3410/839 1337/3411/822
f 1357/3407/838 1337/3411/822 1243/3412/766
f 1357/3413/838 1243/3062/766 1242/3061/765
f 1339/3348/824 1250/3078/771 1249/3077/770
f 1339/3348/824 1249/3077/770 1359/3414/840
f 1339/3348/824 1359/3414/840 1360/3415/841
f 1339/3416/824 1360/3417/841 1361/3418/842
f 1339/3419/824 1361/3420/842 1292/3421/802
f 1362/3422/843 1272/3137/790 1293/3423/803
f 1362/3422/843 1293/3423/803 1363/3424/844
f 1362/3425/843 1363/3426/844 1364/3427/845
f 1362/3428/843 1364/3429/845 1273/3140/791
f 1362/3422/843 1273/3138/791 1272/3137/790
f 1365/3430/846 1274/3141/792 1273/3140/791
f 1365/3430/846 1273/3140/791 1364/3429/845
f 1365/3430/846 1364/3429/845 1366/3431/847
f 1365/3432/846 1366/3433/847 1303/3243/805
f 1365/3432/846 1303/3243/805 1274/3242/792
f 1361/3434/842 1360/3435/841 1367/3436/848
f 1361/3437/842 1367/3438/848 1368/3439/849
f 1361/3440/842 1368/3441/849 1363/3424/844
f 1361/3440/842 1363/3424/844 1293/3423/803
f 1361/3442/842 1293/3201/803 1292/3200/802
f 1344/3374/828 1254/3373/775 1290/3443/800
f 1344/3444/828 1290/3445/800 1369/3446/850
f 1344/3444/828 1369/3446/850 1370/3447/851
f 1344/3448/828 1370/3449/851 1350/3390/831
f 1344/3448/828 1350/3390/831 1320/3450/817
f 1350/3390/831 1279/3389/30 1320/3450/817
f 1266/3451/784 1265/3370/30 1343/3369/827
f 1266/3451/784 1343/3369/827 1371/3452/852
f 1266/3119/784 1371/3453/852 1372/3454/853
f 1266/3119/784 1372/3454/853 1359/3455/840
f 1266/3119/784 1359/3455/840 1249/3456/770
f 1266/3119/784 1249/3456/770 1248/3120/30
f 1373/3457/854 1354/3458/835 1356/3459/837
f 1373/3457/854 1356/3459/837 1374/3460/855
f 1373/3457/854 1374/3460/855 1375/3461/856
f 1373/3462/854 1375/3463/856 1358/3410/839
f 1373/3462/854 1358/3410/839 1354/3409/835
f 1376/3464/857 1288/3338/798 1335/3337/820
f 1376/3464/857 1335/3337/820 1377/3465/858
f 1376/3466/857 1377/3467/858 1378/3468/859
f 1376/3469/857 1378/3470/859 1369/3471/850
f 1376/3469/857 1369/3471/850 1290/3472/800
f 1376/3473/857 1290/3192/800 1289/3191/799
f 1376/3473/857 1289/3191/799 1288/3190/798
f 1379/3474/860 1303/3475/805 1366/3476/847
f 1379/3477/860 1366/3431/847 1380/3478/861
f 1379/3477/860 1380/3478/861 1381/3479/862
f 1379/3480/860 1381/3481/862 1304/3482/806
f 1379/3474/860 1304/3483/806 1303/3475/805
f 1382/3484/863 1341/3406/826 1356/3405/837
f 1382/3484/863 1356/3405/837 1383/3485/864
f 1382/3484/863 1383/3485/864 1384/3486/865
f 1382/3487/863 1385/3488/30 1384/3489/866
f 1382/3490/863 1385/3491/30 1345/3492/30
f 1382/3490/863 1345/3492/30 1341/3493/826
f 1348/3387/830 1347/3386/30 1386/3494/867
f 1348/3495/830 1386/3496/867 1387/3497/868
f 1348/3498/830 1387/3499/868 1304/3500/811
f 1348/3501/830 1304/3502/811 1313/3503/810
f 1381/3504/862 1380/3505/861 1388/3506/869
f 1381/3507/862 1388/3508/869 1389/3509/870
f 1381/3510/871 1304/3284/814 1317/3283/813
f 1389/3509/870 1388/3508/869 1390/3511/872
f 1389/3509/870 1390/3511/872 1343/3369/827
f 1389/3509/870 1343/3369/827 1318/3286/815
f 1389/3509/870 1318/3286/815 1304/3512/873
f 1372/3454/853 1371/3453/852 1391/3513/874
f 1372/3514/853 1391/3515/874 1392/3516/875
f 1372/3514/853 1392/3516/875 1393/3517/876
f 1372/3514/853 1393/3517/876 1394/3518/877
f 1372/3514/853 1394/3518/877 1360/3415/841
f 1372/3514/853 1360/3415/841 1359/3414/840
f 1395/3519/878 1358/3410/839 1375/3463/856
f 1395/3519/878 1375/3463/856 1396/3520/879
f 1395/3519/878 1396/3520/879 1337/3411/822
f 1395/3519/878 1337/3411/822 1358/3410/839
f 1364/3427/845 1363/3426/844 1397/3521/880
f 1364/3427/845 1397/3521/880 1398/3522/881
f 1364/3427/845 1398/3522/881 1399/3523/882
f 1364/3427/845 1399/3523/882 1400/3524/883
f 1364/3427/845 1400/3524/883 1401/3525/884
f 1364/3429/845 1401/3526/884 1366/3431/847
f 1380/3478/861 1366/3431/847 1401/3526/884
f 1380/3527/861 1401/3525/884 1400/3524/883
f 1380/3527/861 1400/3524/883 1388/3528/869
f 1402/3529/885 1367/3436/848 1360/3435/841
f 1402/3530/885 1360/3531/841 1394/3532/877
f 1402/3533/885 1394/3534/877 1403/3535/886
f 1402/3536/885 1403/3537/886 1404/3538/887
f 1402/3536/885 1404/3538/887 1405/3539/888
f 1402/3540/885 1405/3541/888 1367/3438/848
f 1405/3539/888 1404/3538/887 1406/3542/889
f 1405/3539/888 1406/3542/889 1407/3543/890
f 1405/3541/888 1407/3544/890 1368/3439/849
f 1405/3541/888 1368/3439/849 1367/3438/848
f 1306/3251/30 1305/3250/30 1345/3492/30
f 1306/3251/30 1345/3492/30 1385/3491/30
f 1306/3545/30 1408/3546/30 1385/3547/30
f 1306/3545/30 1307/3548/181 1408/3546/30
f 1355/3404/836 1352/3403/833 1351/3549/832
f 1355/3404/836 1351/3549/832 1409/3550/891
f 1355/3404/836 1409/3550/891 1374/3551/855
f 1355/3404/836 1374/3551/855 1356/3405/837
f 1410/3552/892 1369/3446/850 1378/3553/859
f 1410/3554/892 1378/3555/859 1411/3556/893
f 1410/3554/892 1411/3556/893 1412/3557/894
f 1410/3554/892 1412/3557/894 1413/3558/895
f 1410/3552/892 1413/3559/895 1370/3447/851
f 1410/3552/892 1370/3447/851 1369/3446/850
f 1414/3560/896 1337/3411/822 1396/3520/879
f 1414/3561/896 1396/3562/879 1415/3563/897
f 1414/3564/896 1415/3565/897 1416/3566/898
f 1414/3564/896 1416/3566/898 1335/3336/820
f 1414/3564/896 1335/3336/820 1334/3335/819
f 1414/3564/896 1334/3335/819 1337/3567/822
f 1417/3568/899 1335/3337/820 1418/3569/900
f 1417/3570/899 1418/3571/900 1419/3572/901
f 1417/3570/899 1419/3572/901 1420/3573/902
f 1417/3570/899 1420/3573/902 1377/3574/858
f 1417/3568/899 1377/3465/858 1335/3337/820
f 1416/3566/898 1415/3565/897 1421/3575/903
f 1416/3576/898 1421/3577/903 1422/3578/904
f 1416/3576/898 1422/3578/904 1418/3569/900
f 1416/3576/898 1418/3569/900 1335/3337/820
f 1423/3579/905 1368/3439/849 1407/3544/890
f 1423/3579/905 1407/3544/890 1424/3580/906
f 1423/3579/905 1424/3580/906 1425/3581/907
f 1423/3582/905 1425/3583/907 1397/3584/880
f 1423/3582/905 1397/3584/880 1363/3424/844
f 1423/3582/905 1363/3424/844 1368/3441/849
f 1426/3585/908 1375/3461/856 1374/3460/855
f 1426/3586/908 1374/3551/855 1409/3550/891
f 1426/3586/908 1409/3550/891 1427/3587/909
f 1426/3588/908 1427/3589/909 1428/3590/910
f 1426/3591/908 1428/3592/910 1429/3593/911
f 1426/3585/908 1429/3594/911 1375/3461/856
f 1429/3595/911 1428/3596/910 1430/3597/912
f 1429/3598/911 1430/3599/912 1415/3600/897
f 1429/3601/911 1415/3602/897 1396/3520/879
f 1429/3601/911 1396/3520/879 1375/3463/856
f 1431/3603/913 1377/3604/858 1420/3605/902
f 1431/3606/913 1420/3607/902 1432/3608/914
f 1431/3609/913 1432/3610/914 1433/3611/915
f 1431/3612/913 1433/3613/915 1411/3614/893
f 1431/3615/913 1411/3556/893 1378/3555/859
f 1431/3616/913 1378/3617/859 1377/3618/858
f 1434/3619/30 1385/3620/30 1384/3621/865
f 1434/3622/30 1384/3623/865 1435/3624/916
f 1434/3622/30 1435/3624/916 1436/3625/30
f 1434/3622/30 1436/3625/30 1437/3626/30
f 1434/3622/30 1437/3626/30 1408/3627/30
f 1434/3619/30 1408/3628/30 1385/3620/30
f 1438/3629/917 1439/3630/917 1435/3631/916
f 1438/3632/917 1435/3624/916 1384/3623/865
f 1438/3633/917 1384/3634/865 1383/3635/864
f 1440/3636/918 1394/3637/877 1393/3638/876
f 1440/3636/918 1393/3638/876 1441/3639/919
f 1440/3640/918 1441/3641/919 1442/3642/920
f 1440/3640/918 1442/3642/920 1443/3643/921
f 1440/3644/918 1443/3645/921 1403/3646/886
f 1440/3647/918 1403/3648/886 1394/3649/877
f 1386/3494/867 1347/3386/30 1444/3650/922
f 1386/3494/867 1444/3650/922 1445/3651/923
f 1386/3652/867 1445/3653/923 1387/3654/868
f 1446/3655/924 1388/3656/869 1400/3657/883
f 1446/3655/924 1400/3657/883 1447/3658/925
f 1446/3659/924 1447/3660/925 1448/3661/926
f 1446/3659/924 1448/3661/926 1449/3662/927
f 1446/3659/924 1449/3662/927 1390/3511/872
f 1446/3659/924 1390/3511/872 1388/3508/869
f 1351/3391/832 1350/3390/831 1450/3663/928
f 1351/3391/832 1450/3663/928 1451/3664/929
f 1351/3391/832 1451/3664/929 1427/3589/909
f 1351/3549/832 1427/3587/909 1409/3550/891
f 1449/3662/927 1448/3661/926 1371/3452/852
f 1449/3662/927 1371/3452/852 1343/3369/827
f 1449/3662/927 1343/3369/827 1390/3511/872
f 1370/3447/851 1413/3559/895 1452/3665/930
f 1370/3447/851 1452/3665/930 1453/3666/931
f 1370/3449/851 1453/3667/931 1450/3663/928
f 1370/3449/851 1450/3663/928 1350/3390/831
f 1454/3668/932 1397/3584/880 1425/3583/907
f 1454/3669/932 1425/3581/907 1455/3670/933
f 1454/3669/932 1455/3670/933 1456/3671/934
f 1454/3669/932 1456/3671/934 1457/3672/935
f 1454/3668/932 1457/3673/935 1398/3674/881
f 1454/3668/932 1398/3674/881 1397/3584/880
f 1399/3675/882 1398/3674/881 1457/3673/935
f 1399/3676/882 1457/3677/935 1458/3678/936
f 1399/3679/882 1458/3680/936 1447/3658/925
f 1399/3679/882 1447/3658/925 1400/3657/883
f 1459/3681/30 1347/3386/30 1460/3682/30
f 1459/3683/30 1460/3684/30 1461/3685/30
f 1459/3683/30 1461/3685/30 1462/3686/937
f 1459/3683/30 1462/3686/937 1444/3687/922
f 1459/3681/30 1444/3650/922 1347/3386/30
f 1463/3688/938 1445/3689/923 1444/3690/922
f 1463/3691/938 1444/3692/922 1462/3693/937
f 1463/3694/938 1462/3695/937 1464/3696/939
f 1451/3664/929 1450/3663/928 1465/3697/940
f 1451/3664/929 1465/3697/940 1466/3698/941
f 1451/3664/929 1466/3698/941 1428/3590/910
f 1451/3664/929 1428/3590/910 1427/3589/909
f 1392/3516/875 1391/3515/874 1467/3699/942
f 1392/3700/875 1467/3701/942 1468/3702/943
f 1392/3700/875 1468/3702/943 1441/3639/919
f 1392/3700/875 1441/3639/919 1393/3638/876
f 1465/3697/940 1450/3663/928 1453/3667/931
f 1465/3703/940 1453/3666/931 1469/3704/944
f 1465/3703/940 1469/3704/944 1470/3705/945
f 1465/3703/940 1470/3705/945 1466/3706/941
f 1448/3707/926 1447/3708/925 1471/3709/946
f 1448/3707/926 1471/3709/946 1391/3513/874
f 1448/3707/926 1391/3513/874 1371/3453/852
f 1472/3710/947 1418/3571/900 1422/3711/904
f 1472/3710/947 1422/3711/904 1473/3712/948
f 1472/3713/947 1473/3714/948 1474/3715/949
f 1472/3713/947 1474/3715/949 1475/3716/950
f 1472/3713/947 1475/3716/950 1419/3717/901
f 1472/3710/947 1419/3572/901 1418/3571/900
f 1476/3718/951 1407/3543/890 1406/3542/889
f 1476/3718/951 1406/3542/889 1477/3719/952
f 1476/3720/951 1477/3721/952 1478/3722/953
f 1476/3720/951 1478/3722/953 1479/3723/954
f 1476/3724/951 1479/3725/954 1424/3726/906
f 1476/3727/951 1424/3580/906 1407/3544/890
f 1430/3728/912 1428/3729/910 1466/3730/941
f 1430/3731/912 1466/3732/941 1480/3733/955
f 1430/3734/912 1480/3735/955 1421/3575/903
f 1430/3734/912 1421/3575/903 1415/3565/897
f 1455/3670/933 1425/3581/907 1424/3580/906
f 1455/3670/933 1424/3580/906 1479/3736/954
f 1455/3737/933 1479/3723/954 1481/3738/956
f 1455/3737/933 1481/3738/956 1456/3739/934
f 1482/3740/957 1420/3741/902 1419/3717/901
f 1482/3740/957 1419/3717/901 1475/3716/950
f 1482/3740/957 1475/3716/950 1483/3742/958
f 1482/3743/957 1483/3744/958 1484/3745/959
f 1482/3746/957 1484/3747/959 1432/3748/914
f 1482/3749/957 1432/3750/914 1420/3751/902
f 1485/3752/960 1403/3537/886 1443/3753/921
f 1485/3754/960 1443/3755/921 1486/3756/961
f 1485/3757/960 1486/3758/961 1487/3759/962
f 1485/3757/960 1487/3759/962 1488/3760/963
f 1485/3752/960 1488/3761/963 1404/3538/887
f 1485/3752/960 1404/3538/887 1403/3537/886
f 1489/3762/964 1435/3624/916 1439/3763/917
f 1489/3764/964 1439/3765/917 1490/3766/965
f 1489/3764/964 1490/3766/965 1491/3767/966
f 1489/3764/964 1491/3767/966 1492/3768/30
f 1489/3764/964 1492/3768/30 1436/3769/30
f 1489/3762/964 1436/3625/30 1435/3624/916
f 1452/3770/930 1413/3558/895 1493/3771/967
f 1452/3770/930 1493/3771/967 1494/3772/968
f 1452/3770/930 1494/3772/968 1469/3773/944
f 1452/3665/930 1469/3704/944 1453/3666/931
f 1412/3774/894 1411/3775/893 1495/3776/969
f 1412/3777/894 1495/3778/969 1496/3779/970
f 1412/3780/894 1496/3781/970 1493/3782/967
f 1412/3557/894 1493/3771/967 1413/3558/895
f 1471/3709/946 1447/3708/925 1458/3783/936
f 1471/3784/946 1458/3785/936 1497/3786/971
f 1471/3784/946 1497/3786/971 1467/3699/942
f 1471/3784/946 1467/3699/942 1391/3515/874
f 1488/3760/963 1487/3759/962 1498/3787/972
f 1488/3760/963 1498/3787/972 1477/3721/952
f 1488/3761/963 1477/3719/952 1406/3542/889
f 1488/3761/963 1406/3542/889 1404/3538/887
f 1433/3788/915 1432/3748/914 1499/3789/973
f 1433/3788/915 1499/3789/973 1500/3790/974
f 1433/3788/915 1500/3790/974 1495/3791/969
f 1433/3792/915 1495/3793/969 1411/3794/893
f 1501/3795/975 1441/3796/919 1468/3797/943
f 1501/3798/975 1468/3799/943 1502/3800/976
f 1501/3798/975 1502/3800/976 1503/3801/977
f 1501/3798/975 1503/3801/977 1504/3802/978
f 1501/3798/975 1504/3802/978 1442/3803/920
f 1501/3798/975 1442/3803/920 1441/3804/919
f 1505/3805/979 1421/3577/903 1480/3806/955
f 1505/3805/979 1480/3806/955 1506/3807/980
f 1505/3808/979 1506/3809/980 1507/3810/981
f 1505/3808/979 1507/3810/981 1473/3712/948
f 1505/3808/979 1473/3712/948 1422/3711/904
f 1505/3805/979 1422/3578/904 1421/3577/903
f 1307/3811/181 1408/3627/30 1437/3626/30
f 1307/3812/181 1508/3813/30 1437/3814/30
f 1307/3812/181 1509/3815/30 1508/3813/30
f 1307/3812/181 1510/3816/30 1509/3815/30
f 1307/3812/181 1511/3817/30 1510/3816/30
f 1307/3812/181 1512/3818/184 1511/3817/30
f 1307/3819/181 1513/3820/30 1512/3821/184
f 1307/3822/181 1514/3823/181 1513/3824/30
f 1307/3822/181 1515/3825/30 1514/3823/181
f 1307/3822/181 1516/3826/181 1515/3825/30
f 1307/3822/181 1517/3827/30 1516/3826/181
f 1307/3828/181 1517/3829/30 1518/3830/30
f 1307/3831/181 1519/3832/237 1518/3833/982
f 1307/3834/181 1519/3835/30 1520/3836/30
f 1307/3834/181 1520/3836/30 1521/3837/983
f 1307/3834/181 1521/3837/983 393/3838/984
f 1307/3839/181 393/3840/984 1522/3841/30
f 1307/3255/181 1308/3254/30 1522/3842/30
f 1523/3843/985 1462/3686/937 1461/3685/30
f 1523/3844/985 1461/3845/30 1524/3846/30
f 1523/3844/985 1524/3846/30 1525/3847/986
f 1523/3844/985 1525/3847/986 1526/3848/987
f 1523/3844/985 1526/3848/987 1464/3849/939
f 1523/3844/985 1464/3849/939 1462/3850/937
f 1527/3851/30 1528/3852/30 1524/3853/30
f 1527/3854/30 1524/3855/30 1461/3685/30
f 1527/3854/30 1461/3685/30 1460/3684/30
f 1529/3856/988 1468/3702/943 1467/3701/942
f 1529/3856/988 1467/3701/942 1497/3857/971
f 1529/3856/988 1497/3857/971 1530/3858/989
f 1529/3859/988 1530/3860/989 1531/3861/990
f 1529/3862/988 1531/3863/990 1502/3864/976
f 1529/3865/988 1502/3866/976 1468/3867/943
f 1470/3868/945 1469/3773/944 1532/3869/991
f 1470/3870/945 1532/3871/991 1506/3872/980
f 1470/3873/945 1506/3874/980 1480/3875/955
f 1470/3876/945 1480/3877/955 1466/3878/941
f 1533/3879/992 1443/3880/921 1442/3881/920
f 1533/3882/992 1442/3803/920 1504/3802/978
f 1533/3883/992 1504/3884/978 1534/3885/993
f 1533/3886/992 1534/3887/993 1535/3888/994
f 1533/3886/992 1535/3888/994 1486/3889/961
f 1533/3890/992 1486/3891/961 1443/3892/921
f 1536/3893/995 1457/3894/935 1456/3895/934
f 1536/3896/995 1456/3897/934 1537/3898/996
f 1536/3896/995 1537/3898/996 1530/3899/989
f 1536/3900/995 1530/3858/989 1497/3857/971
f 1536/3901/995 1497/3786/971 1458/3785/936
f 1536/3902/995 1458/3903/936 1457/3904/935
f 1492/3768/30 1491/3767/966 1538/3905/30
f 1492/3768/30 1538/3905/30 1509/3906/30
f 1492/3768/30 1509/3906/30 1508/3907/30
f 1492/3768/30 1508/3907/30 1436/3769/30
f 1436/3769/30 1508/3907/30 1437/3908/30
f 1484/3909/959 1483/3910/958 1539/3911/997
f 1484/3912/959 1539/3913/997 1540/3914/998
f 1484/3915/959 1540/3916/998 1499/3917/973
f 1484/3747/959 1499/3789/973 1432/3748/914
f 1541/3918/999 1475/3716/950 1474/3715/949
f 1541/3919/999 1474/3920/949 1542/3921/1000
f 1541/3919/999 1542/3921/1000 1543/3922/1001
f 1541/3923/999 1543/3924/1001 1544/3925/1002
f 1541/3923/999 1544/3925/1002 1483/3926/958
f 1541/3918/999 1483/3742/958 1475/3716/950
f 1491/3767/966 1490/3766/965 1545/3927/1003
f 1491/3767/966 1545/3927/1003 1546/3928/1004
f 1491/3767/966 1546/3928/1004 1538/3905/30
f 1525/3929/986 1524/3930/30 1547/3931/30
f 1525/3932/986 1547/3933/30 1548/3934/1005
f 1525/3935/986 1548/3936/1005 1549/3937/1006
f 1525/3847/986 1549/3938/1006 1526/3848/987
f 1494/3939/968 1493/3940/967 1550/3941/1007
f 1494/3942/968 1550/3943/1007 1551/3944/1008
f 1494/3945/968 1551/3946/1008 1532/3947/991
f 1494/3772/968 1532/3869/991 1469/3773/944
f 1552/3948/1009 1473/3714/948 1507/3949/981
f 1552/3950/1009 1507/3951/981 1553/3952/1010
f 1552/3950/1009 1553/3952/1010 1554/3953/1011
f 1552/3954/1009 1554/3955/1011 1542/3921/1000
f 1552/3956/1009 1542/3957/1000 1474/3958/949
f 1552/3948/1009 1474/3715/949 1473/3714/948
f 1555/3959/1012 1506/3960/980 1532/3961/991
f 1555/3962/1012 1532/3947/991 1551/3946/1008
f 1555/3963/1012 1551/3964/1008 1556/3965/1013
f 1555/3963/1012 1556/3965/1013 1553/3966/1010
f 1555/3967/1012 1553/3968/1010 1507/3969/981
f 1555/3970/1012 1507/3810/981 1506/3809/980
f 1481/3738/956 1479/3723/954 1557/3971/1014
f 1481/3972/956 1557/3973/1014 1558/3974/1015
f 1481/3975/956 1558/3976/1015 1537/3977/996
f 1481/3978/956 1537/3979/996 1456/3980/934
f 1547/3931/30 1524/3930/30 1528/3981/30
f 1547/3931/30 1528/3981/30 1559/3982/30
f 1547/3931/30 1559/3982/30 1560/3983/30
f 1547/3933/30 1560/3984/30 1548/3934/1005
f 1496/3779/970 1495/3778/969 1561/3985/1016
f 1496/3986/970 1561/3987/1016 1562/3988/1017
f 1496/3986/970 1562/3988/1017 1550/3989/1007
f 1496/3990/970 1550/3991/1007 1493/3992/967
f 1500/3993/974 1499/3994/973 1563/3995/1018
f 1500/3993/974 1563/3995/1018 1564/3996/1019
f 1500/3993/974 1564/3996/1019 1561/3997/1016
f 1500/3790/974 1561/3998/1016 1495/3791/969
f 1565/3999/1020 1502/4000/976 1531/4001/990
f 1565/3999/1020 1531/4001/990 1566/4002/1021
f 1565/3999/1020 1566/4002/1021 1567/4003/1022
f 1565/3999/1020 1567/4003/1022 1568/4004/1023
f 1565/3999/1020 1568/4004/1023 1503/4005/977
f 1565/3999/1020 1503/4005/977 1502/4000/976
f 1478/3722/953 1477/3721/952 1569/4006/1024
f 1478/3722/953 1569/4006/1024 1570/4007/1025
f 1478/3722/953 1570/4007/1025 1557/3971/1014
f 1478/3722/953 1557/3971/1014 1479/3723/954
f 1571/4008/1026 1530/4009/989 1537/4010/996
f 1571/4008/1026 1537/4010/996 1558/4011/1015
f 1571/4008/1026 1558/4011/1015 1572/4012/1027
f 1571/4008/1026 1572/4012/1027 1566/4002/1021
f 1571/4008/1026 1566/4002/1021 1531/4001/990
f 1571/4008/1026 1531/4001/990 1530/4009/989
f 1544/3925/1002 1543/3924/1001 1573/4013/1028
f 1544/3925/1002 1573/4013/1028 1574/4014/1029
f 1544/4015/1002 1574/4016/1029 1539/4017/997
f 1544/4018/1002 1539/4019/997 1483/4020/958
f 1546/3928/1004 1545/3927/1003 1551/4021/1030
f 1546/4022/1004 1551/4023/1030 1575/4024/1031
f 1546/4022/1004 1575/4024/1031 1576/4025/30
f 1546/4022/1004 1576/4025/30 1538/4026/30
f 1577/4027/1032 1504/4028/978 1503/4005/977
f 1577/4027/1032 1503/4005/977 1568/4004/1023
f 1577/4027/1032 1568/4004/1023 1578/4029/1033
f 1577/4030/1032 1578/4031/1033 1579/4032/1034
f 1577/4033/1032 1579/4034/1034 1534/3887/993
f 1577/4035/1032 1534/4036/993 1504/4037/978
f 1558/4038/1035 1549/3937/1006 1548/3936/1005
f 1558/4039/1035 1548/4040/1005 1580/4041/1036
f 1558/4042/1035 1580/4043/1036 1581/4044/1037
f 1498/4045/972 1487/4046/962 1582/4047/181
f 1498/4045/972 1582/4047/181 1583/4048/1038
f 1498/4045/972 1583/4048/1038 1569/4049/1024
f 1498/3787/972 1569/4006/1024 1477/3721/952
f 1584/4050/181 1486/3889/961 1535/3888/994
f 1584/4050/181 1535/3888/994 1585/4051/181
f 1584/4050/181 1585/4051/181 1586/4052/181
f 1584/4050/181 1586/4052/181 1582/4047/181
f 1584/4050/181 1582/4047/181 1487/4046/962
f 1584/4050/181 1487/4046/962 1486/3889/961
f 1576/4025/30 1575/4024/1031 1587/4053/30
f 1576/4025/30 1587/4053/30 1511/4054/30
f 1576/4025/30 1511/4054/30 1510/4055/30
f 1576/4025/30 1510/4055/30 1538/4026/30
f 1538/4026/30 1510/4055/30 1509/4056/30
f 1540/3914/998 1539/3913/997 1588/4057/1039
f 1540/3914/998 1588/4057/1039 1589/4058/1040
f 1540/3914/998 1589/4058/1040 1563/3995/1018
f 1540/3914/998 1563/3995/1018 1499/3994/973
f 1590/4059/1041 1553/3966/1010 1556/3965/1013
f 1590/4060/1041 1556/4061/1013 1591/4062/1042
f 1590/4060/1041 1591/4062/1042 1592/4063/1043
f 1590/4060/1041 1592/4063/1043 1593/4064/181
f 1590/4060/1041 1593/4064/181 1554/3955/1011
f 1590/4060/1041 1554/3955/1011 1553/4065/1010
f 1594/4066/181 1542/3921/1000 1554/3955/1011
f 1594/4066/181 1554/3955/1011 1593/4064/181
f 1594/4066/181 1593/4064/181 1595/4067/181
f 1594/4066/181 1595/4067/181 1596/4068/1044
f 1594/4066/181 1596/4068/1044 1543/3922/1001
f 1594/4066/181 1543/3922/1001 1542/3921/1000
f 1560/3984/30 1559/4069/30 1597/4070/30
f 1560/3984/30 1597/4070/30 1598/4071/30
f 1560/3984/30 1598/4071/30 1580/4072/1036
f 1560/3984/30 1580/4072/1036 1548/3934/1005
f 1599/4073/1045 1550/3989/1007 1562/3988/1017
f 1599/4074/1045 1562/4075/1017 1600/4076/1046
f 1599/4077/1045 1600/4078/1046 1591/4079/1042
f 1599/4080/1045 1591/4081/1042 1556/4082/1013
f 1599/4073/1045 1556/4083/1013 1551/4084/1008
f 1599/4073/1045 1551/4084/1008 1550/3989/1007
f 1601/4085/1047 1557/4086/1014 1570/4087/1025
f 1601/4088/1047 1570/4089/1025 1602/4090/1048
f 1601/4091/1047 1602/4092/1048 1603/4093/1049
f 1601/4091/1047 1603/4093/1049 1572/4012/1027
f 1601/4091/1047 1572/4012/1027 1558/4011/1015
f 1601/4094/1047 1558/4095/1015 1557/4096/1014
f 1575/4024/1031 1551/4023/1030 1604/4097/153
f 1575/4024/1031 1604/4097/153 1605/4098/1050
f 1575/4024/1031 1605/4098/1050 1587/4053/30
f 1606/4099/1051 1561/3997/1016 1564/3996/1019
f 1606/4099/1051 1564/3996/1019 1607/4100/1052
f 1606/4099/1051 1607/4100/1052 1608/4101/1053
f 1606/4099/1051 1608/4101/1053 1600/4076/1046
f 1606/4099/1051 1600/4076/1046 1562/4075/1017
f 1606/4099/1051 1562/4075/1017 1561/3997/1016
f 1609/4102/1054 1566/4002/1021 1572/4012/1027
f 1609/4102/1054 1572/4012/1027 1603/4093/1049
f 1609/4102/1054 1603/4093/1049 1610/4103/1055
f 1609/4104/1054 1610/4105/1055 1611/4106/1056
f 1609/4102/1054 1611/4107/1056 1567/4003/1022
f 1609/4102/1054 1567/4003/1022 1566/4002/1021
f 1596/4068/1044 1595/4067/181 1612/4108/1057
f 1596/4109/1044 1612/4110/1057 1613/4111/1058
f 1596/4112/1044 1613/4113/1058 1573/4013/1028
f 1596/4112/1044 1573/4013/1028 1543/3924/1001
f 1614/4114/1059 1535/3888/994 1534/3887/993
f 1614/4114/1059 1534/3887/993 1579/4034/1034
f 1614/4115/1059 1579/4116/1034 1615/4117/1060
f 1614/4115/1059 1615/4117/1060 1616/4118/181
f 1614/4115/1059 1616/4118/181 1585/4119/181
f 1614/4114/1059 1585/4051/181 1535/3888/994
f 1598/4071/30 1597/4070/30 1617/4120/30
f 1598/4071/30 1617/4120/30 1618/4121/30
f 1598/4071/30 1618/4121/30 1619/4122/1061
f 1598/4071/30 1619/4122/1061 1580/4072/1036
f 1574/4123/1029 1573/4124/1028 1620/4125/1062
f 1574/4126/1029 1620/4127/1062 1621/4128/1063
f 1574/4129/1029 1621/4130/1063 1588/4057/1039
f 1574/4129/1029 1588/4057/1039 1539/3913/997
f 1622/4131/1064 1568/4004/1023 1567/4003/1022
f 1622/4132/1064 1567/4133/1022 1611/4106/1056
f 1622/4132/1064 1611/4106/1056 1623/4134/1065
f 1622/4132/1064 1623/4134/1065 1624/4135/1066
f 1622/4132/1064 1624/4135/1066 1578/4136/1033
f 1622/4131/1064 1578/4029/1033 1568/4004/1023
f 1625/4137/1067 1569/4049/1024 1583/4048/1038
f 1625/4137/1067 1583/4048/1038 1626/4138/1068
f 1625/4137/1067 1626/4138/1068 1627/4139/1069
f 1625/4140/1067 1627/4141/1069 1602/4142/1048
f 1625/4143/1067 1602/4144/1048 1570/4145/1025
f 1625/4137/1067 1570/4146/1025 1569/4049/1024
f 1628/4147/1070 1591/4148/1042 1600/4149/1046
f 1628/4150/1070 1600/4151/1046 1608/4152/1053
f 1628/4153/1070 1608/4154/1053 1629/4155/1071
f 1628/4153/1070 1629/4155/1071 1630/4156/1072
f 1628/4153/1070 1630/4156/1072 1592/4157/1043
f 1628/4158/1070 1592/4063/1043 1591/4062/1042
f 1605/4098/1050 1604/4097/153 1631/4159/1073
f 1605/4098/1050 1631/4159/1073 1632/4160/1074
f 1605/4161/1050 1632/4162/1074 1633/4163/30
f 1605/4161/1050 1633/4163/30 1587/4164/30
f 1619/4122/1061 1618/4121/30 1634/4165/1075
f 1619/4122/1061 1634/4165/1075 1635/4166/1076
f 1619/4167/1061 1635/4168/1076 1581/4169/1037
f 1619/4170/1061 1581/4171/1037 1580/4172/1036
f 1636/4173/1077 1563/3995/1018 1589/4058/1040
f 1636/4173/1077 1589/4058/1040 1637/4174/1078
f 1636/4175/1077 1637/4176/1078 1638/4177/1079
f 1636/4173/1077 1638/4178/1079 1607/4100/1052
f 1636/4173/1077 1607/4100/1052 1564/3996/1019
f 1636/4173/1077 1564/3996/1019 1563/3995/1018
f 1633/4163/30 1632/4162/1074 1639/4179/30
f 1633/4163/30 1639/4179/30 1513/4180/30
f 1633/4163/30 1513/4180/30 1512/4181/30
f 1633/4163/30 1512/4181/30 1587/4164/30
f 1587/4164/30 1512/4181/30 1511/4182/30
f 1640/4183/181 1593/4184/181 1592/4157/1043
f 1640/4183/181 1592/4157/1043 1630/4156/1072
f 1640/4183/181 1630/4156/1072 1641/4185/181
f 1640/4186/181 1641/4187/181 1642/4188/181
f 1640/4183/181 1642/4189/181 1595/4190/181
f 1640/4183/181 1595/4190/181 1593/4184/181
f 1643/4191/1080 1582/4047/181 1586/4052/181
f 1643/4192/1080 1586/4193/181 1644/4194/1081
f 1643/4192/1080 1644/4194/1081 1645/4195/1082
f 1643/4192/1080 1645/4195/1082 1626/4196/1068
f 1643/4191/1080 1626/4138/1068 1583/4048/1038
f 1643/4191/1080 1583/4048/1038 1582/4047/181
f 1646/4197/30 1647/4198/30 1634/4165/1075
f 1646/4197/30 1634/4165/1075 1618/4121/30
f 1646/4197/30 1618/4121/30 1617/4120/30
f 1648/4199/1083 1603/4093/1049 1602/4092/1048
f 1648/4200/1083 1602/4201/1048 1627/4202/1069
f 1648/4200/1083 1627/4202/1069 1649/4203/1084
f 1648/4200/1083 1649/4203/1084 1650/4204/1085
f 1648/4200/1083 1650/4204/1085 1610/4105/1055
f 1648/4200/1083 1610/4105/1055 1603/4205/1049
f 1613/4111/1058 1612/4110/1057 1651/4206/1086
f 1613/4207/1058 1651/4208/1086 1652/4209/1087
f 1613/4210/1058 1652/4211/1087 1620/4212/1062
f 1613/4213/1058 1620/4214/1062 1573/4215/1028
f 1653/4216/1088 1579/4116/1034 1578/4217/1033
f 1653/4218/1088 1578/4219/1033 1624/4220/1066
f 1653/4221/1088 1624/4222/1066 1654/4223/1089
f 1653/4221/1088 1654/4223/1089 1655/4224/1090
f 1653/4221/1088 1655/4224/1090 1615/4225/1060
f 1653/4216/1088 1615/4117/1060 1579/4116/1034
f 1634/4226/1075 1647/4227/30 1656/4228/30
f 1634/4226/1075 1656/4228/30 1657/4229/1091
f 1634/4226/1075 1657/4229/1091 1658/4230/1092
f 1634/4231/1075 1658/4232/1092 1635/4233/1076
f 1659/4234/1093 1588/4235/1039 1621/4128/1063
f 1659/4234/1093 1621/4128/1063 1660/4236/1094
f 1659/4234/1093 1660/4236/1094 1661/4237/1095
f 1659/4234/1093 1661/4237/1095 1637/4176/1078
f 1659/4234/1093 1637/4176/1078 1589/4238/1040
f 1659/4239/1093 1589/4058/1040 1588/4057/1039
f 1632/4240/1074 1631/4241/1073 1662/4242/1096
f 1632/4162/1074 1662/4243/1096 1663/4244/1097
f 1632/4162/1074 1663/4244/1097 1639/4179/30
f 1664/4245/46 1027/2473/46 1026/2472/45
f 1664/4246/46 1026/4247/45 1299/3224/45
f 1664/4246/46 1299/3224/45 1665/4248/1098
f 1664/4246/46 1665/4248/1098 1666/4249/1099
f 1664/4246/46 1666/4249/1099 1283/3169/54
f 1664/4246/46 1283/3169/54 1027/4250/46
f 1667/4251/55 1023/4252/54 1287/4253/54
f 1667/4254/55 1287/4255/54 1668/4256/55
f 1667/4254/55 1668/4256/55 1669/4257/56
f 1667/4254/55 1669/4257/56 1295/4258/56
f 1667/4254/55 1295/4258/56 1024/4259/55
f 1667/4260/55 1024/2465/55 1023/2464/54
f 1284/3170/69 1283/3169/54 1670/4261/1100
f 1284/3170/69 1670/4261/1100 1671/4262/131
f 1284/3170/69 1671/4262/131 1300/4263/131
f 1284/3170/69 1300/4263/131 1020/4264/69
f 1642/4188/181 1641/4187/181 1672/4265/181
f 1642/4188/181 1672/4265/181 1673/4266/1101
f 1642/4188/181 1673/4266/1101 1612/4267/1057
f 1642/4188/181 1612/4267/1057 1595/4268/181
f 1674/4269/181 1585/4119/181 1616/4118/181
f 1674/4270/181 1616/4271/181 1675/4272/181
f 1674/4270/181 1675/4272/181 1676/4273/1102
f 1674/4270/181 1676/4273/1102 1644/4274/1081
f 1674/4269/181 1644/4194/1081 1586/4193/181
f 1674/4269/181 1586/4193/181 1585/4119/181
f 1677/4275/129 1036/2503/129 1035/2502/174
f 1677/4276/129 1035/4277/174 1325/4278/174
f 1677/4279/129 1325/4280/174 1678/4281/1103
f 1677/4279/129 1678/4281/1103 1679/4282/1104
f 1677/4279/129 1679/4282/1104 1286/4283/46
f 1677/4279/129 1286/4283/46 1036/4284/129
f 1522/4285/30 1680/4286/181 393/4287/270
f 1522/4285/30 1681/4288/509 1680/4286/181
f 1522/4289/30 1681/4290/1105 1310/4291/42
f 1522/4292/30 1310/3260/42 1308/3257/30
f 1682/4293/30 1046/4294/413 1047/4293/30
f 1682/4295/30 1046/3278/202 1315/3277/33
f 1682/4295/30 1315/3277/33 1683/4296/30
f 1684/4297/1106 1611/4106/1056 1610/4105/1055
f 1684/4297/1106 1610/4105/1055 1650/4204/1085
f 1684/4297/1106 1650/4204/1085 1685/4298/1107
f 1684/4297/1106 1685/4298/1107 1686/4299/1108
f 1684/4297/1106 1686/4299/1108 1623/4134/1065
f 1684/4297/1106 1623/4134/1065 1611/4106/1056
f 1314/3274/74 1049/2541/201 1687/4300/201
f 1314/4301/74 1687/4302/201 1688/4303/74
f 1314/4304/74 1688/4305/74 1689/4306/33
f 1314/3276/74 1689/4307/33 1315/3277/33
f 1690/4308/74 1054/4309/74 1053/3316/33
f 1690/4308/74 1053/3316/33 1327/3315/33
f 1690/4308/74 1327/3315/33 1691/4310/74
f 1690/4311/74 1691/4312/74 1692/4313/44
f 1690/4314/74 1692/4315/44 1298/4316/44
f 1690/4317/74 1298/4318/44 1054/4319/74
f 1301/4320/132 1300/4321/131 1693/4322/1109
f 1301/3232/132 1693/4323/1109 1694/4324/1110
f 1301/3232/132 1694/4324/1110 1328/3321/162
f 1301/3232/132 1328/3321/162 1051/3233/132
f 1695/4325/42 1038/2513/57 1296/3208/57
f 1695/4325/42 1296/3208/57 1696/4326/42
f 1695/4327/42 1696/4328/42 1697/4329/30
f 1695/4325/42 1697/4330/30 1331/3329/30
f 1695/4325/42 1331/3329/30 1039/2514/42
f 1695/4325/42 1039/2514/42 1038/2513/57
f 1329/3322/30 1328/3321/162 1698/4331/30
f 1329/3322/30 1698/4331/30 1699/4332/30
f 1329/3322/30 1699/4332/30 1326/3314/30
f 1329/3322/30 1326/3314/30 1055/3313/30
f 1700/4333/167 1062/2576/167 1061/2575/30
f 1700/4333/167 1061/2575/30 1332/3330/30
f 1700/4333/167 1332/3330/30 1701/4334/1111
f 1700/4335/167 1701/4336/1111 1702/4337/168
f 1700/4333/167 1702/4338/168 1324/3304/168
f 1700/4333/167 1324/3304/168 1062/2576/167
f 1703/4339/1112 1630/4156/1072 1629/4155/1071
f 1703/4340/1112 1629/4341/1071 1704/4342/1113
f 1703/4340/1112 1704/4342/1113 1705/4343/1114
f 1703/4340/1112 1705/4343/1114 1706/4344/181
f 1703/4340/1112 1706/4344/181 1641/4187/181
f 1703/4340/1112 1641/4187/181 1630/4345/1072
f 1707/4346/1113 1629/4347/1071 1608/4348/1053
f 1707/4349/1113 1608/4101/1053 1607/4100/1052
f 1707/4350/1113 1607/4351/1052 1638/4177/1079
f 1707/4350/1113 1638/4177/1079 1708/4352/1115
f 1707/4353/1113 1708/4354/1115 1704/4355/1113
f 1707/4356/1113 1704/4357/1113 1629/4358/1071
f 1709/4359/1116 1626/4196/1068 1645/4195/1082
f 1709/4360/1116 1645/4361/1082 1710/4362/1117
f 1709/4363/1116 1710/4364/1117 1711/4365/1118
f 1709/4363/1116 1711/4365/1118 1649/4203/1084
f 1709/4363/1116 1649/4203/1084 1627/4202/1069
f 1709/4366/1116 1627/4367/1069 1626/4368/1068
f 1663/4369/1097 1662/4370/1096 1712/4371/1119
f 1663/4372/1097 1712/4373/1119 1713/4374/1120
f 1663/4244/1097 1713/4375/1120 1714/4376/30
f 1663/4244/1097 1714/4376/30 1639/4179/30
f 1657/4377/1091 1656/4378/30 1715/4379/1121
f 1657/4380/1091 1715/4381/1121 1716/4382/1122
f 1657/4383/1091 1716/4384/1122 1658/4385/1092
f 1673/4266/1101 1672/4265/181 1717/4386/1123
f 1673/4266/1101 1717/4386/1123 1718/4387/1124
f 1673/4388/1101 1718/4389/1124 1651/4206/1086
f 1673/4388/1101 1651/4206/1086 1612/4110/1057
f 1719/4390/181 1615/4225/1060 1655/4224/1090
f 1719/4391/181 1655/4392/1090 1720/4393/181
f 1719/4391/181 1720/4393/181 1721/4394/181
f 1719/4391/181 1721/4394/181 1675/4395/181
f 1719/4390/181 1675/4272/181 1616/4271/181
f 1719/4390/181 1616/4271/181 1615/4225/1060
f 1714/4376/30 1713/4375/1120 1722/4396/30
f 1714/4397/30 1722/4398/30 1515/4399/30
f 1714/4400/30 1514/3823/181 1515/3825/30
f 1714/4376/30 1514/4401/181 1639/4179/30
f 1639/4179/30 1514/4401/181 1513/4180/30
f 1723/4402/30 1724/4403/30 1715/4404/1121
f 1723/4405/30 1715/4379/1121 1656/4378/30
f 1723/4405/30 1656/4378/30 1647/4406/30
f 1725/4407/1125 1620/4127/1062 1652/4408/1087
f 1725/4407/1125 1652/4408/1087 1726/4409/1126
f 1725/4410/1125 1726/4411/1126 1727/4412/1127
f 1725/4407/1125 1727/4413/1127 1660/4236/1094
f 1725/4407/1125 1660/4236/1094 1621/4128/1063
f 1725/4407/1125 1621/4128/1063 1620/4127/1062
f 1728/4414/1128 1624/4135/1066 1623/4134/1065
f 1728/4414/1128 1623/4134/1065 1686/4299/1108
f 1728/4415/1128 1686/4416/1108 1729/4417/1129
f 1728/4415/1128 1729/4417/1129 1730/4418/1130
f 1728/4419/1128 1730/4420/1130 1654/4421/1089
f 1728/4422/1128 1654/4423/1089 1624/4424/1066
f 1706/4344/181 1705/4343/1114 1731/4425/181
f 1706/4344/181 1731/4425/181 1732/4426/181
f 1706/4344/181 1732/4426/181 1672/4265/181
f 1706/4344/181 1672/4265/181 1641/4187/181
f 1733/4427/1131 1637/4176/1078 1661/4237/1095
f 1733/4428/1131 1661/4429/1095 1734/4430/1132
f 1733/4431/1131 1734/4432/1132 1735/4433/1133
f 1733/4427/1131 1735/4434/1133 1708/4352/1115
f 1733/4427/1131 1708/4352/1115 1638/4177/1079
f 1733/4427/1131 1638/4177/1079 1637/4176/1078
f 1736/4435/1134 1650/4204/1085 1649/4203/1084
f 1736/4435/1134 1649/4203/1084 1711/4365/1118
f 1736/4436/1134 1711/4437/1118 1737/4438/1135
f 1736/4436/1134 1737/4438/1135 1738/4439/1136
f 1736/4436/1134 1738/4439/1136 1685/4440/1107
f 1736/4435/1134 1685/4298/1107 1650/4204/1085
f 1739/4441/1137 1644/4274/1081 1676/4273/1102
f 1739/4442/1137 1676/4443/1102 1740/4444/1138
f 1739/4445/1137 1740/4446/1138 1741/4447/1139
f 1739/4448/1137 1741/4449/1139 1710/4450/1117
f 1739/4441/1137 1710/4451/1117 1645/4452/1082
f 1739/4441/1137 1645/4452/1082 1644/4274/1081
f 1742/4453/1140 1704/4454/1113 1708/4455/1115
f 1742/4456/1140 1708/4457/1115 1735/4458/1133
f 1742/4459/1140 1735/4460/1133 1743/4461/1141
f 1742/4462/1140 1743/4463/1141 1744/4464/1142
f 1742/4462/1140 1744/4464/1142 1705/4343/1114
f 1742/4462/1140 1705/4343/1114 1704/4342/1113
f 1715/4404/1121 1724/4403/30 1745/4465/1143
f 1715/4466/1121 1745/4467/1143 1746/4468/1144
f 1715/4466/1121 1746/4468/1144 1716/4469/1122
f 1713/4374/1120 1712/4373/1119 1747/4470/1145
f 1713/4374/1120 1747/4470/1145 1748/4471/1146
f 1713/4374/1120 1748/4471/1146 1722/4398/30
f 1749/4472/1147 1655/4224/1090 1654/4223/1089
f 1749/4473/1147 1654/4474/1089 1730/4475/1130
f 1749/4473/1147 1730/4475/1130 1750/4476/1148
f 1749/4473/1147 1750/4476/1148 1751/4477/181
f 1749/4473/1147 1751/4477/181 1720/4393/181
f 1749/4473/1147 1720/4393/181 1655/4392/1090
f 1752/4478/1149 1651/4479/1086 1718/4480/1124
f 1752/4481/1149 1718/4482/1124 1753/4483/1150
f 1752/4481/1149 1753/4483/1150 1754/4484/1151
f 1752/4481/1149 1754/4484/1151 1726/4411/1126
f 1752/4481/1149 1726/4411/1126 1652/4485/1087
f 1752/4481/1149 1652/4485/1087 1651/4486/1086
f 1755/4487/1152 1686/4416/1108 1685/4440/1107
f 1755/4487/1152 1685/4440/1107 1738/4439/1136
f 1755/4487/1152 1738/4439/1136 1756/4488/1153
f 1755/4487/1152 1756/4488/1153 1757/4489/1154
f 1755/4487/1152 1757/4489/1154 1729/4417/1129
f 1755/4487/1152 1729/4417/1129 1686/4416/1108
f 1732/4426/181 1731/4425/181 1758/4490/181
f 1732/4426/181 1758/4490/181 1759/4491/1155
f 1732/4426/181 1759/4491/1155 1717/4386/1123
f 1732/4426/181 1717/4386/1123 1672/4265/181
f 1760/4492/1156 1660/4493/1094 1727/4412/1127
f 1760/4492/1156 1727/4412/1127 1761/4494/1157
f 1760/4492/1156 1761/4494/1157 1762/4495/1158
f 1760/4492/1156 1762/4495/1158 1734/4432/1132
f 1760/4492/1156 1734/4432/1132 1661/4496/1095
f 1760/4497/1156 1661/4237/1095 1660/4236/1094
f 1763/4498/1159 1675/4395/181 1721/4394/181
f 1763/4498/1159 1721/4394/181 1764/4499/1160
f 1763/4498/1159 1764/4499/1160 1765/4500/1161
f 1763/4498/1159 1765/4500/1161 1740/4444/1138
f 1763/4498/1159 1740/4444/1138 1676/4443/1102
f 1763/4498/1159 1676/4443/1102 1675/4395/181
f 1744/4464/1142 1743/4463/1141 1766/4501/1162
f 1744/4464/1142 1766/4501/1162 1767/4502/181
f 1744/4464/1142 1767/4502/181 1731/4425/181
f 1744/4464/1142 1731/4425/181 1705/4343/1114
f 1768/4503/1163 1710/4450/1117 1741/4449/1139
f 1768/4503/1163 1741/4449/1139 1769/4504/1164
f 1768/4503/1163 1769/4504/1164 1770/4505/1165
f 1768/4503/1163 1770/4505/1165 1737/4438/1135
f 1768/4503/1163 1737/4438/1135 1711/4437/1118
f 1768/4503/1163 1711/4437/1118 1710/4450/1117
f 1745/4465/1143 1724/4403/30 1771/4506/30
f 1745/4507/1143 1771/4508/30 1772/4509/1166
f 1745/4507/1143 1772/4509/1166 1773/4510/1167
f 1745/4467/1143 1773/4511/1167 1746/4468/1144
f 1774/4512/30 1722/4398/30 1748/4471/1146
f 1774/4512/30 1748/4471/1146 1775/4513/1168
f 1774/4512/30 1775/4513/1168 1776/4514/30
f 1774/4515/30 1776/4516/30 1517/4517/30
f 1774/4515/30 1517/4517/30 1516/4518/181
f 1774/4512/30 1516/4519/181 1722/4398/30
f 1722/4398/30 1516/4519/181 1515/4399/30
f 1777/4520/1169 1778/4521/1170 1775/4513/1168
f 1777/4520/1169 1775/4513/1168 1748/4471/1146
f 1777/4520/1169 1748/4471/1146 1747/4470/1145
f 1779/4522/1171 1718/4387/1124 1717/4386/1123
f 1779/4522/1171 1717/4386/1123 1759/4491/1155
f 1779/4523/1171 1759/4524/1155 1780/4525/1172
f 1779/4523/1171 1780/4525/1172 1781/4526/1173
f 1779/4527/1171 1781/4528/1173 1753/4529/1150
f 1779/4530/1171 1753/4531/1150 1718/4532/1124
f 1782/4533/1174 1730/4534/1130 1729/4535/1129
f 1782/4536/1174 1729/4537/1129 1757/4538/1154
f 1782/4539/1174 1757/4540/1154 1783/4541/1175
f 1782/4542/1174 1783/4543/1175 1784/4544/1176
f 1782/4542/1174 1784/4544/1176 1750/4545/1148
f 1782/4546/1174 1750/4476/1148 1730/4475/1130
f 1785/4547/181 1720/4393/181 1751/4477/181
f 1785/4548/181 1751/4549/181 1786/4550/181
f 1785/4548/181 1786/4550/181 1787/4551/1177
f 1785/4548/181 1787/4551/1177 1764/4552/1160
f 1785/4547/181 1764/4499/1160 1721/4394/181
f 1785/4547/181 1721/4394/181 1720/4393/181
f 1788/4553/1178 1726/4411/1126 1754/4484/1151
f 1788/4554/1178 1754/4555/1151 1789/4556/1179
f 1788/4557/1178 1789/4558/1179 1790/4559/1180
f 1788/4557/1178 1790/4559/1180 1761/4560/1157
f 1788/4553/1178 1761/4494/1157 1727/4412/1127
f 1788/4553/1178 1727/4412/1127 1726/4411/1126
f 1791/4561/1181 1738/4439/1136 1737/4438/1135
f 1791/4561/1181 1737/4438/1135 1770/4505/1165
f 1791/4562/1181 1770/4563/1165 1792/4564/398
f 1791/4562/1181 1792/4564/398 1793/4565/1182
f 1791/4562/1181 1793/4565/1182 1756/4566/1153
f 1791/4561/1181 1756/4488/1153 1738/4439/1136
f 1666/4249/1099 1665/4248/1098 1794/4567/1183
f 1666/4249/1099 1794/4567/1183 1795/4568/1184
f 1666/4249/1099 1795/4568/1184 1670/4261/1100
f 1666/4249/1099 1670/4261/1100 1283/3169/54
f 1796/4569/1185 1286/4283/46 1679/4282/1104
f 1796/4569/1185 1679/4282/1104 1797/4570/1186
f 1796/4569/1185 1797/4570/1186 1798/4571/1187
f 1796/4569/1185 1798/4571/1187 1668/4256/55
f 1796/4569/1185 1668/4256/55 1287/4255/54
f 1796/4569/1185 1287/4255/54 1286/4283/46
f 1799/4572/1188 1299/3224/45 1298/3223/44
f 1799/4572/1188 1298/3223/44 1692/4573/44
f 1799/4572/1188 1692/4573/44 1800/4574/1189
f 1799/4572/1188 1800/4574/1189 1801/4575/1190
f 1799/4572/1188 1801/4575/1190 1665/4248/1098
f 1799/4572/1188 1665/4248/1098 1299/3224/45
f 1767/4576/181 1766/4577/1162 1802/4578/181
f 1767/4576/181 1802/4578/181 1803/4579/181
f 1767/4576/181 1803/4579/181 1758/4580/181
f 1767/4502/181 1758/4490/181 1731/4425/181
f 1671/4262/131 1670/4261/1100 1804/4581/1191
f 1671/4582/131 1804/4583/1191 1805/4584/1192
f 1671/4585/131 1805/4586/1192 1693/4587/1109
f 1671/4588/131 1693/4589/1109 1300/4590/131
f 1806/4591/1193 1325/4592/174 1324/4593/168
f 1806/4594/1193 1324/4595/168 1702/4596/168
f 1806/4597/1193 1702/4598/168 1807/4599/1194
f 1806/4600/1193 1807/4601/1194 1808/4602/1195
f 1806/4600/1193 1808/4602/1195 1678/4281/1103
f 1806/4600/1193 1678/4281/1103 1325/4280/174
f 1809/4603/57 1295/4604/56 1669/4605/56
f 1809/4606/57 1669/4607/56 1810/4608/1196
f 1809/4606/57 1810/4608/1196 1811/4609/1197
f 1809/4606/57 1811/4609/1197 1696/4610/42
f 1809/4606/57 1696/4610/42 1296/4611/57
f 1809/4606/57 1296/4611/57 1295/4612/56
f 1812/4613/57 1310/4291/42 1681/4290/1105
f 1812/4613/57 1681/4290/1105 1813/4614/1198
f 1812/4615/57 1813/4616/1198 1814/4617/200
f 1812/4615/57 1814/4617/200 1322/4618/200
f 1812/4615/57 1322/4618/200 1311/4619/57
f 1812/4613/57 1311/4620/57 1310/4291/42
f 1689/4306/33 1688/4305/74 1815/4621/1199
f 1689/4306/33 1815/4621/1199 1816/4622/30
f 1689/4306/33 1816/4622/30 1683/4623/30
f 1689/4306/33 1683/4623/30 1315/4624/33
f 1817/4625/201 1818/4626/1200 1819/4627/1201
f 1817/4625/201 1819/4627/1201 1688/4303/74
f 1817/4625/201 1688/4303/74 1687/4302/201
f 1820/4628/33 1327/3315/33 1326/3314/30
f 1820/4628/33 1326/3314/30 1699/4332/30
f 1820/4628/33 1699/4332/30 1821/4629/1202
f 1820/4630/33 1821/4631/1202 1822/4632/1203
f 1820/4628/33 1822/4633/1203 1691/4310/74
f 1820/4628/33 1691/4310/74 1327/3315/33
f 1694/4324/1110 1693/4323/1109 1823/4634/1204
f 1694/4635/1110 1823/4636/1204 1824/4637/30
f 1694/4324/1110 1824/4638/30 1698/4331/30
f 1694/4324/1110 1698/4331/30 1328/3321/162
f 1825/4639/30 1332/3330/30 1331/3329/30
f 1825/4640/30 1331/4641/30 1697/4329/30
f 1825/4640/30 1697/4329/30 1826/4642/30
f 1825/4640/30 1826/4642/30 1827/4643/1205
f 1825/4640/30 1827/4643/1205 1701/4644/1111
f 1825/4640/30 1701/4644/1111 1332/4645/30
f 1828/4646/1206 1743/4647/1141 1735/4433/1133
f 1828/4646/1206 1735/4433/1133 1734/4432/1132
f 1828/4646/1206 1734/4432/1132 1762/4495/1158
f 1828/4648/1206 1762/4649/1158 1829/4650/1207
f 1828/4651/1206 1829/4652/1207 1830/4653/1208
f 1828/4654/1206 1830/4655/1208 1743/4656/1141
f 1830/4657/1208 1829/4658/1207 1831/4659/1209
f 1830/4657/1208 1831/4659/1209 1832/4660/1210
f 1830/4657/1208 1832/4660/1210 1766/4577/1162
f 1830/4661/1208 1766/4501/1162 1743/4463/1141
f 1833/4662/1211 1740/4663/1138 1765/4664/1161
f 1833/4665/1211 1765/4666/1161 1834/4667/1212
f 1833/4665/1211 1834/4667/1212 1835/4668/1213
f 1833/4665/1211 1835/4668/1213 1769/4669/1164
f 1833/4670/1211 1769/4504/1164 1741/4449/1139
f 1833/4670/1211 1741/4449/1139 1740/4671/1138
f 1772/4509/1166 1771/4508/30 1836/4672/30
f 1772/4509/1166 1836/4672/30 1837/4673/1214
f 1772/4674/1166 1837/4675/1214 1838/4676/1215
f 1772/4674/1166 1838/4676/1215 1773/4677/1167
f 1839/4678/1216 1775/4679/1168 1778/4680/1170
f 1839/4681/1216 1778/4682/1170 1840/4683/1217
f 1839/4684/1216 1840/4685/1217 1841/4686/1218
f 1839/4684/1216 1841/4686/1218 1842/4687/30
f 1839/4684/1216 1842/4687/30 1776/4688/30
f 1839/4678/1216 1776/4689/30 1775/4679/1168
f 1843/4690/1219 1758/4580/181 1803/4579/181
f 1843/4690/1219 1803/4579/181 1844/4691/1220
f 1843/4692/1219 1844/4693/1220 1845/4694/1221
f 1843/4695/1219 1845/4696/1221 1780/4525/1172
f 1843/4695/1219 1780/4525/1172 1759/4524/1155
f 1843/4690/1219 1759/4697/1155 1758/4580/181
f 1846/4698/181 1750/4545/1148 1784/4544/1176
f 1846/4698/181 1784/4544/1176 1847/4699/181
f 1846/4698/181 1847/4699/181 1848/4700/181
f 1846/4698/181 1848/4700/181 1786/4550/181
f 1846/4698/181 1786/4550/181 1751/4549/181
f 1846/4698/181 1751/4549/181 1750/4545/1148
f 1849/4701/1222 1753/4702/1150 1781/4703/1173
f 1849/4701/1222 1781/4703/1173 1850/4704/1223
f 1849/4701/1222 1850/4704/1223 1851/4705/1224
f 1849/4701/1222 1851/4705/1224 1789/4556/1179
f 1849/4701/1222 1789/4556/1179 1754/4555/1151
f 1849/4701/1222 1754/4555/1151 1753/4702/1150
f 1852/4706/1225 1757/4707/1154 1756/4566/1153
f 1852/4706/1225 1756/4566/1153 1793/4565/1182
f 1852/4706/1225 1793/4565/1182 1853/4708/1226
f 1852/4709/1225 1853/4710/1226 1854/4711/1227
f 1852/4712/1225 1854/4713/1227 1783/4714/1175
f 1852/4706/1225 1783/4715/1175 1757/4707/1154
f 1832/4660/1210 1831/4659/1209 1855/4716/1228
f 1832/4717/1210 1855/4718/1228 1856/4719/181
f 1832/4660/1210 1856/4720/181 1802/4578/181
f 1832/4660/1210 1802/4578/181 1766/4577/1162
f 1857/4721/1229 1764/4552/1160 1787/4551/1177
f 1857/4721/1229 1787/4551/1177 1858/4722/1230
f 1857/4723/1229 1858/4724/1230 1859/4725/1231
f 1857/4726/1229 1859/4727/1231 1834/4728/1212
f 1857/4729/1229 1834/4730/1212 1765/4731/1161
f 1857/4721/1229 1765/4732/1161 1764/4552/1160
f 1860/4733/1232 1762/4649/1158 1761/4560/1157
f 1860/4733/1232 1761/4560/1157 1790/4559/1180
f 1860/4733/1232 1790/4559/1180 1861/4734/1233
f 1860/4733/1232 1861/4734/1233 1862/4735/1234
f 1860/4733/1232 1862/4735/1234 1829/4650/1207
f 1860/4733/1232 1829/4650/1207 1762/4649/1158
f 1863/4736/1235 1769/4669/1164 1835/4668/1213
f 1863/4737/1235 1835/4738/1213 1864/4739/1236
f 1863/4737/1235 1864/4739/1236 1865/4740/1237
f 1863/4737/1235 1865/4740/1237 1792/4741/398
f 1863/4736/1235 1792/4564/398 1770/4563/1165
f 1863/4736/1235 1770/4563/1165 1769/4669/1164
f 1837/4742/1214 1836/4743/30 1866/4744/30
f 1837/4742/1214 1866/4744/30 1867/4745/30
f 1837/4746/1214 1867/4747/30 1868/4748/1238
f 1837/4746/1214 1868/4748/1238 1869/4749/1239
f 1837/4675/1214 1869/4750/1239 1838/4676/1215
f 1842/4687/30 1841/4686/1218 1870/4751/30
f 1842/4687/30 1870/4751/30 1519/4752/30
f 1842/4687/30 1519/4752/30 1518/4753/30
f 1842/4687/30 1518/4753/30 1776/4688/30
f 1776/4516/30 1518/4754/30 1517/4517/30
f 1871/4755/181 1803/4579/181 1802/4578/181
f 1871/4756/181 1802/4757/181 1856/4758/181
f 1871/4756/181 1856/4758/181 1872/4759/181
f 1871/4760/181 1872/4761/181 1873/4762/1240
f 1871/4760/181 1873/4762/1240 1844/4693/1220
f 1871/4760/181 1844/4693/1220 1803/4763/181
f 1874/4764/1241 1784/4544/1176 1783/4543/1175
f 1874/4764/1241 1783/4543/1175 1854/4765/1227
f 1874/4766/1241 1854/4767/1227 1873/4768/1240
f 1874/4766/1241 1873/4768/1240 1872/4769/181
f 1874/4770/1241 1872/4771/181 1847/4772/181
f 1874/4764/1241 1847/4699/181 1784/4544/1176
f 1875/4773/1242 1780/4525/1172 1845/4696/1221
f 1875/4774/1242 1845/4775/1221 1876/4776/1243
f 1875/4777/1242 1876/4778/1243 1877/4779/1244
f 1875/4777/1242 1877/4779/1244 1850/4704/1223
f 1875/4777/1242 1850/4704/1223 1781/4703/1173
f 1875/4780/1242 1781/4781/1173 1780/4782/1172
f 1878/4783/1245 1793/4565/1182 1792/4564/398
f 1878/4783/1245 1792/4564/398 1865/4784/1237
f 1878/4783/1245 1865/4784/1237 1877/4785/1244
f 1878/4786/1245 1877/4779/1244 1876/4778/1243
f 1878/4783/1245 1876/4787/1243 1853/4708/1226
f 1878/4783/1245 1853/4708/1226 1793/4565/1182
f 1879/4788/1246 1789/4558/1179 1851/4789/1224
f 1879/4788/1246 1851/4789/1224 1880/4790/1247
f 1879/4791/1246 1880/4792/1247 1881/4793/1248
f 1879/4788/1246 1881/4794/1248 1861/4734/1233
f 1879/4788/1246 1861/4734/1233 1790/4559/1180
f 1879/4788/1246 1790/4559/1180 1789/4558/1179
f 1882/4795/1249 1786/4550/181 1848/4700/181
f 1882/4796/1249 1848/4797/181 1883/4798/1250
f 1882/4796/1249 1883/4798/1250 1884/4799/1251
f 1882/4796/1249 1884/4799/1251 1858/4800/1230
f 1882/4795/1249 1858/4722/1230 1787/4551/1177
f 1882/4795/1249 1787/4551/1177 1786/4550/181
f 1862/4735/1234 1861/4734/1233 1885/4801/1252
f 1862/4802/1234 1885/4803/1252 1886/4804/1253
f 1862/4805/1234 1886/4806/1253 1831/4807/1209
f 1862/4808/1234 1831/4809/1209 1829/4810/1207
f 1886/4811/1253 1885/4812/1252 1887/4813/1254
f 1886/4814/1253 1887/4815/1254 1888/4816/1255
f 1886/4814/1253 1888/4816/1255 1855/4817/1228
f 1886/4814/1253 1855/4817/1228 1831/4818/1209
f 1889/4819/1256 1834/4728/1212 1859/4727/1231
f 1889/4819/1256 1859/4727/1231 1890/4820/1257
f 1889/4819/1256 1890/4820/1257 1891/4821/1258
f 1889/4819/1256 1891/4821/1258 1864/4739/1236
f 1889/4819/1256 1864/4739/1236 1835/4738/1213
f 1889/4819/1256 1835/4738/1213 1834/4728/1212
f 1801/4575/1190 1800/4574/1189 1892/4822/1259
f 1801/4575/1190 1892/4822/1259 1893/4823/1260
f 1801/4575/1190 1893/4823/1260 1794/4567/1183
f 1801/4575/1190 1794/4567/1183 1665/4248/1098
f 1894/4824/1261 1679/4282/1104 1678/4281/1103
f 1894/4824/1261 1678/4281/1103 1808/4602/1195
f 1894/4824/1261 1808/4602/1195 1895/4825/1262
f 1894/4824/1261 1895/4825/1262 1896/4826/1263
f 1894/4824/1261 1896/4826/1263 1797/4570/1186
f 1894/4824/1261 1797/4570/1186 1679/4282/1104
f 1795/4568/1184 1794/4567/1183 1897/4827/1264
f 1795/4568/1184 1897/4827/1264 1898/4828/1265
f 1795/4568/1184 1898/4828/1265 1804/4581/1191
f 1795/4568/1184 1804/4581/1191 1670/4261/1100
f 1899/4829/1266 1668/4256/55 1798/4571/1187
f 1899/4829/1266 1798/4571/1187 1900/4830/1267
f 1899/4831/1266 1900/4832/1267 1901/4833/1268
f 1899/4834/1266 1901/4835/1268 1810/4836/1196
f 1899/4837/1266 1810/4838/1196 1669/4839/56
f 1899/4829/1266 1669/4257/56 1668/4256/55
f 1902/4840/1269 1692/4841/44 1691/4842/74
f 1902/4843/1269 1691/4844/74 1822/4845/1203
f 1902/4846/1269 1822/4847/1203 1903/4848/1270
f 1902/4849/1269 1903/4850/1270 1904/4851/1271
f 1902/4849/1269 1904/4851/1271 1800/4574/1189
f 1902/4849/1269 1800/4574/1189 1692/4573/44
f 1905/4852/1272 1681/4853/1105 1680/4854/181
f 1905/4855/1273 1906/4856/181 1680/4286/181
f 1905/4857/1272 1906/4858/181 1907/4859/1274
f 1905/4860/1272 1907/4861/1274 1908/4862/1275
f 1905/4852/1272 1908/4863/1275 1813/4864/1198
f 1905/4852/1272 1813/4864/1198 1681/4853/1105
f 393/4865/984 1521/4866/983 1909/4867/1276
f 393/4868/270 1910/4869/1277 1911/4870/1278
f 393/4871/1279 1912/4872/1280 1913/4873/1281
f 393/4874/1279 1913/4875/1281 1914/4876/1282
f 393/4877/1279 1910/4878/1283 1915/4879/1284
f 393/4871/1279 1915/4880/1284 1912/4872/1280
f 393/954/270 1917/4881/1285 392/955/271
f 393/954/270 1918/4882/1286 1917/4881/1285
f 393/954/270 1919/4883/1287 1918/4882/1286
f 393/954/270 1920/4884/1288 1919/4883/1287
f 393/4885/270 1921/4886/1289 1920/4887/1288
f 393/4885/270 1922/4888/1290 1921/4886/1289
f 393/4885/270 1923/4889/1291 1922/4888/1290
f 393/4890/270 1924/4891/1292 1923/4892/1291
f 393/4890/270 1925/4893/1293 1924/4891/1292
f 393/4890/270 1926/4894/1294 1925/4893/1293
f 393/4890/270 1927/4895/1295 1926/4894/1294
f 393/4896/270 1928/4897/181 1927/4898/1295
f 393/4287/270 1906/4856/181 1928/4899/181
f 393/4287/270 1680/4286/181 1906/4856/181
f 1819/4627/1201 1818/4626/1200 1929/4900/1296
f 1819/4901/1201 1929/4902/1296 1930/4903/1297
f 1819/4901/1201 1930/4903/1297 1815/4621/1199
f 1819/4901/1201 1815/4621/1199 1688/4305/74
f 1931/4904/1298 1814/4617/200 1813/4616/1198
f 1931/4905/1298 1813/4906/1198 1908/4907/1275
f 1931/4908/1298 1908/4909/1275 1932/4910/1299
f 1805/4911/1192 1804/4912/1191 1933/4913/1300
f 1805/4911/1192 1933/4913/1300 1934/4914/1301
f 1805/4911/1192 1934/4914/1301 1823/4636/1204
f 1805/4911/1192 1823/4636/1204 1693/4915/1109
f 1935/4916/1302 1702/4337/168 1701/4336/1111
f 1935/4916/1302 1701/4336/1111 1827/4917/1205
f 1935/4918/1302 1827/4919/1205 1936/4920/1303
f 1935/4921/1302 1936/4922/1303 1937/4923/1304
f 1935/4924/1302 1937/4925/1304 1807/4926/1194
f 1935/4916/1302 1807/4927/1194 1702/4337/168
f 1938/4928/30 1699/4332/30 1698/4331/30
f 1938/4929/30 1698/4930/30 1824/4637/30
f 1938/4929/30 1824/4637/30 1939/4931/30
f 1938/4929/30 1939/4931/30 1940/4932/1305
f 1938/4929/30 1940/4932/1305 1821/4631/1202
f 1938/4929/30 1821/4631/1202 1699/4933/30
f 1941/4934/30 1697/4329/30 1696/4328/42
f 1941/4934/30 1696/4328/42 1811/4935/1197
f 1941/4936/30 1811/4937/1197 1942/4938/30
f 1941/4936/30 1942/4938/30 1943/4939/30
f 1941/4936/30 1943/4939/30 1826/4940/30
f 1941/4934/30 1826/4642/30 1697/4329/30
f 1868/4748/1238 1867/4747/30 1944/4941/1306
f 1868/4942/1238 1944/4943/1306 1945/4944/1307
f 1868/4945/1238 1945/4946/1307 1869/4947/1239
f 1841/4948/1218 1840/4949/1217 1946/4950/1308
f 1841/4686/1218 1946/4951/1308 1947/4952/1309
f 1841/4686/1218 1947/4952/1309 1870/4751/30
f 1948/4953/30 1949/4954/30 1944/4943/1306
f 1948/4955/30 1944/4941/1306 1867/4747/30
f 1948/4955/30 1867/4747/30 1866/4956/30
f 1950/4957/1310 1844/4693/1220 1873/4762/1240
f 1950/4958/1310 1873/4768/1240 1854/4767/1227
f 1950/4959/1310 1854/4960/1227 1853/4961/1226
f 1950/4962/1310 1853/4963/1226 1876/4964/1243
f 1950/4957/1310 1876/4965/1243 1845/4694/1221
f 1950/4957/1310 1845/4694/1221 1844/4693/1220
f 1951/4966/181 1847/4772/181 1872/4771/181
f 1951/4967/181 1872/4968/181 1952/4969/181
f 1951/4966/181 1952/4970/181 1953/4971/1311
f 1951/4966/181 1953/4971/1311 1883/4798/1250
f 1951/4966/181 1883/4798/1250 1848/4797/181
f 1951/4966/181 1848/4797/181 1847/4772/181
f 1954/4972/1312 1850/4973/1223 1877/4974/1244
f 1954/4972/1312 1877/4974/1244 1865/4975/1237
f 1954/4976/1312 1865/4740/1237 1864/4739/1236
f 1954/4976/1312 1864/4739/1236 1891/4821/1258
f 1954/4977/1312 1891/4978/1258 1955/4979/1313
f 1954/4977/1312 1955/4979/1313 1880/4792/1247
f 1954/4977/1312 1880/4792/1247 1851/4980/1224
f 1954/4981/1312 1851/4705/1224 1850/4704/1223
f 1956/4982/181 1855/4817/1228 1888/4816/1255
f 1956/4983/181 1888/4984/1255 1957/4985/181
f 1956/4983/181 1957/4985/181 1952/4969/181
f 1956/4983/181 1952/4969/181 1872/4968/181
f 1956/4986/181 1872/4987/181 1856/4719/181
f 1956/4986/181 1856/4719/181 1855/4718/1228
f 1958/4988/1314 1858/4800/1230 1884/4799/1251
f 1958/4989/1314 1884/4990/1251 1959/4991/1315
f 1958/4989/1314 1959/4991/1315 1960/4992/1316
f 1958/4989/1314 1960/4992/1316 1890/4993/1257
f 1958/4994/1314 1890/4820/1257 1859/4727/1231
f 1958/4995/1314 1859/4996/1231 1858/4997/1230
f 1881/4793/1248 1880/4792/1247 1961/4998/1317
f 1881/4793/1248 1961/4998/1317 1962/4999/1318
f 1881/4793/1248 1962/4999/1318 1885/5000/1252
f 1881/4793/1248 1885/5000/1252 1861/5001/1233
f 1893/5002/1260 1892/5003/1259 1963/5004/1319
f 1893/5002/1260 1963/5004/1319 1964/5005/1320
f 1893/5002/1260 1964/5005/1320 1897/5006/1264
f 1893/4823/1260 1897/4827/1264 1794/4567/1183
f 1965/5007/1321 1797/4570/1186 1896/4826/1263
f 1965/5008/1321 1896/5009/1263 1966/5010/1322
f 1965/5008/1321 1966/5010/1322 1967/5011/1323
f 1965/5008/1321 1967/5011/1323 1900/5012/1267
f 1965/5007/1321 1900/4830/1267 1798/4571/1187
f 1965/5007/1321 1798/4571/1187 1797/4570/1186
f 1904/5013/1271 1903/5014/1270 1968/5015/1324
f 1904/5013/1271 1968/5015/1324 1969/5016/1325
f 1904/5013/1271 1969/5016/1325 1892/5003/1259
f 1904/4851/1271 1892/4822/1259 1800/4574/1189
f 1970/5017/1326 1808/4602/1195 1807/4601/1194
f 1970/5017/1326 1807/4601/1194 1937/5018/1304
f 1970/5019/1326 1937/5020/1304 1971/5021/1327
f 1970/5019/1326 1971/5021/1327 1972/5022/1328
f 1970/5019/1326 1972/5022/1328 1895/5023/1262
f 1970/5017/1326 1895/4825/1262 1808/4602/1195
f 1898/5024/1265 1897/5006/1264 1973/5025/1329
f 1898/5024/1265 1973/5025/1329 1974/5026/1330
f 1898/5027/1265 1974/5028/1330 1933/5029/1300
f 1898/5030/1265 1933/5031/1300 1804/5032/1191
f 1907/5033/1274 1906/5034/181 1928/5035/181
f 1907/5033/1274 1928/5035/181 1927/5036/1331
f 1907/4861/1274 1927/5037/1331 1975/5038/1332
f 1907/4861/1274 1975/5038/1332 1908/4862/1275
f 1976/5039/30 1816/4622/30 1815/4621/1199
f 1976/5039/30 1815/4621/1199 1930/4903/1297
f 1976/5040/30 1930/5041/1297 1977/5042/30
f 1929/5043/1296 1818/5044/1200 1978/5045/1333
f 1929/5046/1296 1978/5047/1333 1979/5048/1334
f 1929/5049/1296 1979/5050/1334 1980/5051/1335
f 1929/5049/1296 1980/5051/1335 1930/5041/1297
f 1981/5052/1336 1822/4632/1203 1821/4631/1202
f 1981/5052/1336 1821/4631/1202 1940/4932/1305
f 1981/5052/1336 1940/4932/1305 1982/5053/1337
f 1981/5054/1336 1982/5055/1337 1983/5056/1338
f 1981/5057/1336 1983/5058/1338 1903/5014/1270
f 1981/5059/1336 1903/5060/1270 1822/5061/1203
f 1984/5062/1339 1810/5063/1196 1901/5064/1268
f 1984/5062/1339 1901/5064/1268 1985/5065/1340
f 1984/5062/1339 1985/5065/1340 1986/5066/30
f 1984/5062/1339 1986/5066/30 1942/4938/30
f 1984/5062/1339 1942/4938/30 1811/4937/1197
f 1984/5062/1339 1811/4937/1197 1810/5063/1196
f 1987/5067/30 1824/4637/30 1823/4636/1204
f 1987/5067/30 1823/4636/1204 1934/4914/1301
f 1987/5067/30 1934/4914/1301 1988/5068/30
f 1987/5067/30 1988/5068/30 1989/5069/30
f 1987/5067/30 1989/5069/30 1939/4931/30
f 1987/5067/30 1939/4931/30 1824/4637/30
f 1990/5070/1341 1827/4919/1205 1826/4940/30
f 1990/5070/1341 1826/4940/30 1943/4939/30
f 1990/5070/1341 1943/4939/30 1991/5071/1342
f 1990/5070/1341 1991/5071/1342 1992/5072/1343
f 1990/5070/1341 1992/5072/1343 1936/4920/1303
f 1990/5070/1341 1936/4920/1303 1827/4919/1205
f 1944/4943/1306 1949/4954/30 1993/5073/30
f 1944/4943/1306 1993/5073/30 1994/5074/1344
f 1944/4943/1306 1994/5074/1344 1995/5075/1345
f 1944/4943/1306 1995/5075/1345 1945/4944/1307
f 1996/5076/30 1870/5077/30 1947/5078/1309
f 1996/5076/30 1947/5078/1309 1997/5079/1346
f 1996/5076/30 1997/5079/1346 1913/5080/1347
f 1996/5076/30 1913/5080/1347 1521/4866/983
f 1996/5076/30 1521/4866/983 1520/5081/30
f 1996/5076/30 1520/5081/30 1870/5077/30
f 1870/5077/30 1520/5081/30 1519/5082/30
f 1998/5083/1348 1910/5084/1277 1997/5085/1346
f 1998/5086/1348 1997/5079/1346 1947/5078/1309
f 1998/5087/1348 1947/5088/1309 1946/5089/1308
f 1999/5090/1349 1888/4984/1255 1887/5091/1254
f 1999/5090/1349 1887/5091/1254 2000/5092/1350
f 1999/5093/1349 2000/5094/1350 2001/5095/1351
f 1999/5093/1349 2001/5095/1351 2002/5096/181
f 1999/5093/1349 2002/5096/181 1957/5097/181
f 1999/5090/1349 1957/4985/181 1888/4984/1255
f 2003/5098/1352 1883/4798/1250 1953/4971/1311
f 2003/5098/1352 1953/4971/1311 2004/5099/1353
f 2003/5098/1352 2004/5099/1353 2005/5100/1354
f 2003/5101/1352 2005/5102/1354 1959/5103/1315
f 2003/5098/1352 1959/5104/1315 1884/4799/1251
f 2003/5098/1352 1884/4799/1251 1883/4798/1250
f 1962/4999/1318 1961/4998/1317 2006/5105/1355
f 1962/5106/1318 2006/5107/1355 2000/5108/1350
f 1962/5109/1318 2000/5092/1350 1887/5091/1254
f 1962/5110/1318 1887/5111/1254 1885/5112/1252
f 2007/5113/1356 1890/4993/1257 1960/4992/1316
f 2007/5114/1356 1960/5115/1316 2008/5116/1357
f 2007/5114/1356 2008/5116/1357 1955/4979/1313
f 2007/5114/1356 1955/4979/1313 1891/4978/1258
f 2007/5113/1356 1891/5117/1258 1890/4993/1257
f 1955/4979/1313 2008/5116/1357 2009/5118/1358
f 1955/4979/1313 2009/5118/1358 1961/4998/1317
f 1955/4979/1313 1961/4998/1317 1880/4792/1247
f 1964/5005/1320 1963/5004/1319 2010/5119/1359
f 1964/5005/1320 2010/5119/1359 2011/5120/1360
f 1964/5005/1320 2011/5120/1360 1973/5025/1329
f 1964/5005/1320 1973/5025/1329 1897/5006/1264
f 2012/5121/1361 1937/5122/1304 1936/5123/1303
f 2012/5124/1361 1936/5125/1303 1992/5126/1343
f 2012/5127/1361 1992/5128/1343 2013/5129/1362
f 2012/5130/1361 2013/5131/1362 2014/5132/1363
f 2012/5130/1361 2014/5132/1363 1971/5021/1327
f 2012/5130/1361 1971/5021/1327 1937/5020/1304
f 1980/5051/1335 1979/5050/1334 2015/5133/1364
f 1980/5051/1335 2015/5133/1364 2016/5134/1365
f 1980/5051/1335 2016/5134/1365 1977/5042/30
f 1980/5051/1335 1977/5042/30 1930/5041/1297
f 1975/5038/1332 1927/5037/1331 2017/5135/1366
f 1975/5136/1332 2017/5137/1366 2018/5138/1367
f 1975/5136/1332 2018/5138/1367 1932/5139/1299
f 1975/5136/1332 1932/5139/1299 1908/5140/1275
f 2019/5141/1368 2020/5142/1369 2021/5143/1370
f 2019/5141/1368 2021/5143/1370 1979/5048/1334
f 2019/5141/1368 1979/5048/1334 1978/5047/1333
f 2022/5144/1371 1933/4913/1300 1974/5145/1330
f 2022/5144/1371 1974/5145/1330 2023/5146/1372
f 2022/5144/1371 2023/5146/1372 2024/5147/30
f 2022/5144/1371 2024/5147/30 1988/5068/30
f 2022/5144/1371 1988/5068/30 1934/4914/1301
f 2022/5144/1371 1934/4914/1301 1933/4913/1300
f 1969/5016/1325 1968/5015/1324 2025/5148/1373
f 1969/5016/1325 2025/5148/1373 2026/5149/1374
f 1969/5016/1325 2026/5149/1374 1963/5004/1319
f 1969/5016/1325 1963/5004/1319 1892/5003/1259
f 2027/5150/1375 1895/5023/1262 1972/5022/1328
f 2027/5150/1375 1972/5022/1328 2028/5151/1376
f 2027/5150/1375 2028/5151/1376 2029/5152/1377
f 2027/5150/1375 2029/5152/1377 1966/5010/1322
f 2027/5150/1375 1966/5010/1322 1896/5009/1263
f 2027/5150/1375 1896/5009/1263 1895/5023/1262
f 1983/5058/1338 1982/5153/1337 2030/5154/1378
f 1983/5058/1338 2030/5154/1378 2031/5155/1379
f 1983/5058/1338 2031/5155/1379 1968/5015/1324
f 1983/5058/1338 1968/5015/1324 1903/5014/1270
f 2032/5156/1380 1900/5157/1267 1967/5158/1323
f 2032/5159/1380 1967/5160/1323 2033/5161/1381
f 2032/5162/1380 2033/5163/1381 2034/5164/1382
f 2032/5162/1380 2034/5164/1382 1985/5165/1340
f 2032/5166/1380 1985/5065/1340 1901/5064/1268
f 2032/5167/1380 1901/5168/1268 1900/5169/1267
f 2035/5170/1383 1940/4932/1305 1939/4931/30
f 2035/5170/1383 1939/4931/30 1989/5069/30
f 2035/5170/1383 1989/5069/30 2036/5171/1384
f 2035/5170/1383 2036/5171/1384 2037/5172/1385
f 2035/5170/1383 2037/5172/1385 1982/5053/1337
f 2035/5170/1383 1982/5053/1337 1940/4932/1305
f 2038/5173/30 1943/4939/30 1942/4938/30
f 2038/5173/30 1942/4938/30 1986/5066/30
f 2038/5174/30 1986/5175/30 2039/5176/30
f 2038/5174/30 2039/5176/30 2040/5177/1386
f 2038/5174/30 2040/5177/1386 1991/5178/1342
f 2038/5173/30 1991/5071/1342 1943/4939/30
f 1994/5179/1387 1916/5180/1388 1993/5181/30
f 1994/5074/1344 2005/5182/1389 1995/5075/1345
f 1913/5080/1347 1997/5079/1346 2041/5183/1390
f 1910/5184/1277 2041/5183/1390 1997/5079/1346
f 2042/5185/181 1915/5186/1391 1916/5187/1388
f 2042/5073/181 1993/5073/30 1915/5188/1391
f 2042/5073/181 1993/5073/30 1949/4954/30
f 2017/5135/1366 1927/5037/1331 1926/5189/1392
f 2017/5135/1366 1926/5189/1392 2043/5190/1393
f 2017/5137/1366 2043/5191/1393 2044/5192/1394
f 2017/5137/1366 2044/5192/1394 2018/5138/1367
f 2002/5096/181 2001/5095/1351 2045/5193/1395
f 2002/5096/181 2045/5193/1395 2046/5194/1396
f 2002/5096/181 2046/5194/1396 1952/5195/181
f 2002/5096/181 1952/5195/181 1957/5097/181
f 2046/5194/1396 2045/5193/1395 1912/4872/1280
f 2046/5196/1396 1912/5197/1280 1911/5198/1278
f 2046/5196/1396 1911/5198/1278 2004/5199/1353
f 2046/5196/1396 2004/5199/1353 1953/5200/1311
f 2046/5194/1396 1953/5201/1311 1952/5195/181
f 2047/5202/1397 2000/5094/1350 2006/5203/1355
f 2047/5204/1397 2006/5205/1355 1910/5206/1277
f 2047/5202/1397 1910/5207/1277 1912/4872/1280
f 2047/5202/1397 1912/4872/1280 2045/5193/1395
f 2047/5202/1397 2045/5193/1395 2001/5095/1351
f 2047/5202/1397 2001/5095/1351 2000/5094/1350
f 2048/5208/1398 1959/5209/1315 2005/5210/1354
f 2048/5208/1398 2005/5210/1354 2049/5211/1399
f 2048/5208/1398 2049/5211/1399 1910/5212/1277
f 2048/5208/1398 1910/5212/1277 2050/5213/1400
f 2048/5208/1398 2050/5213/1400 2008/5116/1357
f 2048/5208/1398 2008/5116/1357 1960/5115/1316
f 2048/5214/1398 1960/4992/1316 1959/4991/1315
f 2009/5118/1358 2008/5116/1357 2050/5213/1400
f 2009/5118/1358 2050/5213/1400 2006/5105/1355
f 2009/5118/1358 2006/5105/1355 1961/4998/1317
f 2051/5215/1401 1971/5021/1327 2014/5132/1363
f 2051/5215/1401 2014/5132/1363 2052/5216/1402
f 2051/5215/1401 2052/5216/1402 2053/5217/1403
f 2051/5215/1401 2053/5217/1403 2028/5151/1376
f 2051/5215/1401 2028/5151/1376 1972/5022/1328
f 2051/5215/1401 1972/5022/1328 1971/5021/1327
f 2054/5218/1404 1973/5025/1329 2011/5120/1360
f 2054/5219/1404 2011/5220/1360 2055/5221/1405
f 2054/5222/1404 2055/5223/1405 2056/5224/1406
f 2054/5225/1404 2056/5226/1406 2023/5227/1372
f 2054/5228/1404 2023/5146/1372 1974/5145/1330
f 2054/5229/1404 1974/5230/1330 1973/5231/1329
f 2021/5143/1370 2020/5142/1369 2057/5232/1407
f 2021/5233/1370 2057/5234/1407 2058/5235/1408
f 2021/5233/1370 2058/5235/1408 2015/5133/1364
f 2021/5233/1370 2015/5133/1364 1979/5050/1334
f 2059/5236/1409 1992/5237/1343 1991/5178/1342
f 2059/5236/1409 1991/5178/1342 2040/5177/1386
f 2059/5236/1409 2040/5177/1386 2060/5238/1410
f 2059/5239/1409 2060/5240/1410 2061/5241/1411
f 2059/5242/1409 2061/5243/1411 2013/5244/1362
f 2059/5245/1409 2013/5246/1362 1992/5247/1343
f 2026/5248/1374 2025/5249/1373 2062/5250/1412
f 2026/5248/1374 2062/5250/1412 2063/5251/1413
f 2026/5248/1374 2063/5251/1413 2010/5252/1359
f 2026/5149/1374 2010/5119/1359 1963/5004/1319
f 2064/5253/30 1989/5069/30 1988/5068/30
f 2064/5253/30 1988/5068/30 2024/5147/30
f 2064/5254/30 2024/5255/30 2065/5256/30
f 2064/5257/30 2065/5258/30 2066/5259/1414
f 2064/5260/30 2066/5261/1414 2036/5262/1384
f 2064/5253/30 2036/5171/1384 1989/5069/30
f 2067/5263/30 1986/5175/30 1985/5165/1340
f 2067/5263/30 1985/5165/1340 2034/5164/1382
f 2067/5263/30 2034/5164/1382 2068/5264/30
f 2067/5263/30 2068/5264/30 2069/5265/30
f 2067/5263/30 2069/5265/30 2039/5176/30
f 2067/5263/30 2039/5176/30 1986/5175/30
f 2031/5266/1379 2030/5267/1378 2070/5268/1415
f 2031/5266/1379 2070/5268/1415 2071/5269/1416
f 2031/5266/1379 2071/5269/1416 2025/5249/1373
f 2031/5155/1379 2025/5148/1373 1968/5015/1324
f 2072/5270/1417 1966/5010/1322 2029/5152/1377
f 2072/5270/1417 2029/5152/1377 2073/5271/1418
f 2072/5272/1417 2073/5273/1418 2074/5274/1419
f 2072/5275/1417 2074/5276/1419 2033/5277/1381
f 2072/5278/1417 2033/5279/1381 1967/5280/1323
f 2072/5270/1417 1967/5011/1323 1966/5010/1322
f 2037/5281/1385 2036/5282/1384 2075/5283/1420
f 2037/5281/1385 2075/5283/1420 2076/5284/1421
f 2037/5285/1385 2076/5286/1421 2030/5287/1378
f 2037/5288/1385 2030/5289/1378 1982/5290/1337
f 1915/4880/1284 1916/5291/1422 1912/4872/1280
f 1910/4869/1277 2049/5292/1399 1911/4870/1278
f 1911/4870/1278 2049/5292/1399 2005/5293/1354
f 1911/5198/1278 2005/5294/1354 2004/5199/1353
f 1521/4866/983 1913/5080/1347 1909/4867/1276
f 1915/5295/1284 2005/5296/1389 1994/5297/1344
f 2041/5298/1390 1910/5299/1277 1915/5300/1284
f 2006/5105/1355 2050/5213/1400 1910/5212/1277
f 2043/5190/1393 1926/5189/1392 1925/5301/1423
f 2043/5302/1393 1925/5303/1423 2077/5304/1424
f 2043/5305/1393 2077/5306/1424 2078/5307/1425
f 2043/5191/1393 2078/5308/1425 2044/5192/1394
f 2079/5309/1426 2011/5310/1360 2010/5252/1359
f 2079/5309/1426 2010/5252/1359 2063/5251/1413
f 2079/5309/1426 2063/5251/1413 2080/5311/1427
f 2079/5312/1426 2080/5313/1427 2081/5314/1428
f 2079/5315/1426 2081/5316/1428 2055/5223/1405
f 2079/5317/1426 2055/5318/1405 2011/5319/1360
f 2082/5320/1429 2013/5131/1362 2061/5321/1411
f 2082/5322/1429 2061/5323/1411 2083/5324/1430
f 2082/5322/1429 2083/5324/1430 2084/5325/1431
f 2082/5322/1429 2084/5325/1431 2052/5326/1402
f 2082/5320/1429 2052/5216/1402 2014/5132/1363
f 2082/5320/1429 2014/5132/1363 2013/5131/1362
f 2085/5327/30 2015/5328/1432 2016/5329/181
f 2085/5330/30 2015/5133/1364 2058/5235/1408
f 2085/5331/30 2086/5332/30 2058/5333/1433
f 2057/5232/1407 2020/5142/1369 2087/5334/1434
f 2057/5335/1407 2087/5336/1434 2088/5337/1435
f 2057/5338/1407 2088/5339/1435 2089/5340/1436
f 2057/5338/1407 2089/5340/1436 2058/5341/1408
f 2090/5342/30 2024/5343/30 2023/5344/1372
f 2090/5345/30 2023/5346/1372 2056/5224/1406
f 2090/5345/30 2056/5224/1406 2091/5347/30
f 2090/5345/30 2091/5347/30 2092/5348/30
f 2090/5345/30 2092/5348/30 2065/5349/30
f 2090/5345/30 2065/5349/30 2024/5350/30
f 2093/5351/1437 2040/5177/1386 2039/5176/30
f 2093/5351/1437 2039/5176/30 2069/5265/30
f 2093/5352/1437 2069/5353/30 2094/5354/1438
f 2093/5352/1437 2094/5354/1438 2095/5355/1439
f 2093/5352/1437 2095/5355/1439 2060/5356/1410
f 2093/5351/1437 2060/5238/1410 2040/5177/1386
f 2071/5269/1416 2070/5268/1415 2096/5357/1440
f 2071/5269/1416 2096/5357/1440 2097/5358/1441
f 2071/5269/1416 2097/5358/1441 2062/5250/1412
f 2071/5269/1416 2062/5250/1412 2025/5249/1373
f 2098/5359/1442 2028/5151/1376 2053/5217/1403
f 2098/5360/1442 2053/5361/1403 2099/5362/1443
f 2098/5360/1442 2099/5362/1443 2100/5363/1444
f 2098/5360/1442 2100/5363/1444 2073/5364/1418
f 2098/5359/1442 2073/5271/1418 2029/5152/1377
f 2098/5359/1442 2029/5152/1377 2028/5151/1376
f 2076/5365/1421 2075/5366/1420 2101/5367/1445
f 2076/5368/1421 2101/5369/1445 2102/5370/1446
f 2076/5368/1421 2102/5370/1446 2070/5268/1415
f 2076/5368/1421 2070/5268/1415 2030/5267/1378
f 2103/5371/1447 2033/5163/1381 2074/5372/1419
f 2103/5373/1447 2074/5374/1419 2104/5375/1448
f 2103/5373/1447 2104/5375/1448 2105/5376/30
f 2103/5373/1447 2105/5376/30 2068/5377/30
f 2103/5371/1447 2068/5264/30 2034/5164/1382
f 2103/5371/1447 2034/5164/1382 2033/5163/1381
f 2066/5259/1414 2065/5258/30 2106/5378/1449
f 2066/5259/1414 2106/5378/1449 2107/5379/1450
f 2066/5259/1414 2107/5379/1450 2075/5380/1420
f 2066/5259/1414 2075/5380/1420 2036/5381/1384
f 2077/5304/1424 1925/5303/1423 1924/5382/1451
f 2077/5304/1424 1924/5382/1451 2108/5383/1452
f 2077/5306/1424 2108/5384/1452 2109/5385/1453
f 2077/5306/1424 2109/5385/1453 2078/5307/1425
f 2110/5386/1454 2063/5251/1413 2062/5250/1412
f 2110/5386/1454 2062/5250/1412 2097/5358/1441
f 2110/5386/1454 2097/5358/1441 2111/5387/1455
f 2110/5386/1454 2111/5387/1455 2112/5388/1456
f 2110/5386/1454 2112/5388/1456 2080/5311/1427
f 2110/5386/1454 2080/5311/1427 2063/5251/1413
f 2113/5389/1457 2061/5390/1411 2060/5391/1410
f 2113/5392/1457 2060/5393/1410 2095/5394/1439
f 2113/5395/1457 2095/5396/1439 2114/5397/1458
f 2113/5398/1457 2114/5399/1458 2115/5400/1459
f 2113/5398/1457 2115/5400/1459 2083/5324/1430
f 2113/5398/1457 2083/5324/1430 2061/5323/1411
f 2089/5340/1436 2088/5339/1435 2116/5401/1460
f 2089/5340/1436 2116/5401/1460 2117/5402/30
f 2089/5340/1436 2117/5402/30 2086/5403/30
f 2089/5340/1436 2086/5403/30 2058/5341/1408
f 2118/5404/1461 2119/5405/1462 2120/5406/1462
f 2118/5404/1461 2120/5406/1462 2088/5337/1435
f 2118/5404/1461 2088/5337/1435 2087/5336/1434
f 2121/5407/1463 2055/5223/1405 2081/5316/1428
f 2121/5407/1463 2081/5316/1428 2122/5408/1464
f 2121/5409/1463 2122/5410/1464 2123/5411/30
f 2121/5409/1463 2123/5411/30 2091/5412/30
f 2121/5407/1463 2091/5347/30 2056/5224/1406
f 2121/5407/1463 2056/5224/1406 2055/5223/1405
f 2124/5413/1465 2052/5326/1402 2084/5325/1431
f 2124/5413/1465 2084/5325/1431 2125/5414/1466
f 2124/5413/1465 2125/5414/1466 2126/5415/1467
f 2124/5413/1465 2126/5415/1467 2099/5362/1443
f 2124/5413/1465 2099/5362/1443 2053/5361/1403
f 2124/5413/1465 2053/5361/1403 2052/5326/1402
f 2127/5416/30 2069/5353/30 2068/5377/30
f 2127/5416/30 2068/5377/30 2105/5376/30
f 2127/5416/30 2105/5376/30 2128/5417/30
f 2127/5416/30 2128/5417/30 2129/5418/1468
f 2127/5416/30 2129/5418/1468 2094/5354/1438
f 2127/5416/30 2094/5354/1438 2069/5353/30
f 2092/5419/30 2091/5412/30 2130/5420/30
f 2092/5419/30 2130/5420/30 2131/5421/1469
f 2092/5419/30 2131/5421/1469 2106/5422/1449
f 2092/5423/30 2106/5378/1449 2065/5258/30
f 2102/5370/1446 2101/5369/1445 2132/5424/1470
f 2102/5370/1446 2132/5424/1470 2133/5425/1471
f 2102/5370/1446 2133/5425/1471 2096/5357/1440
f 2102/5370/1446 2096/5357/1440 2070/5268/1415
f 2134/5426/1472 2073/5427/1418 2100/5428/1444
f 2134/5429/1472 2100/5430/1444 2135/5431/1473
f 2134/5432/1472 2135/5433/1473 2136/5434/1474
f 2134/5432/1472 2136/5434/1474 2104/5375/1448
f 2134/5432/1472 2104/5375/1448 2074/5374/1419
f 2134/5435/1472 2074/5436/1419 2073/5437/1418
f 2107/5438/1450 2106/5422/1449 2137/5439/1475
f 2107/5438/1450 2137/5439/1475 2138/5440/1476
f 2107/5441/1450 2138/5442/1476 2101/5443/1445
f 2107/5379/1450 2101/5444/1445 2075/5380/1420
f 2108/5383/1452 1924/5382/1451 1923/5445/1477
f 2108/5383/1452 1923/5445/1477 2139/5446/1478
f 2108/5447/1452 2139/5448/1478 2140/5449/1479
f 2108/5384/1452 2140/5450/1479 2109/5385/1453
f 2141/5451/1480 2080/5452/1427 2112/5453/1456
f 2141/5454/1480 2112/5455/1456 2142/5456/1481
f 2141/5454/1480 2142/5456/1481 2143/5457/1482
f 2141/5454/1480 2143/5457/1482 2122/5458/1464
f 2141/5459/1480 2122/5408/1464 2081/5316/1428
f 2141/5459/1480 2081/5316/1428 2080/5460/1427
f 2120/5406/1462 2119/5405/1462 2144/5461/1483
f 2120/5462/1462 2144/5463/1483 2145/5464/1484
f 2120/5462/1462 2145/5464/1484 2116/5401/1460
f 2120/5462/1462 2116/5401/1460 2088/5339/1435
f 2146/5465/1485 2095/5355/1439 2094/5354/1438
f 2146/5465/1485 2094/5354/1438 2129/5418/1468
f 2146/5466/1485 2129/5467/1468 2147/5468/1486
f 2146/5469/1485 2147/5470/1486 2148/5471/1487
f 2146/5472/1485 2148/5473/1487 2114/5474/1458
f 2146/5475/1485 2114/5476/1458 2095/5477/1439
f 2149/5478/1488 2083/5324/1430 2115/5400/1459
f 2149/5478/1488 2115/5400/1459 2150/5479/1489
f 2149/5478/1488 2150/5479/1489 2151/5480/1490
f 2149/5478/1488 2151/5480/1490 2125/5414/1466
f 2149/5478/1488 2125/5414/1466 2084/5325/1431
f 2149/5478/1488 2084/5325/1431 2083/5324/1430
f 2152/5481/1491 2097/5358/1441 2096/5357/1440
f 2152/5481/1491 2096/5357/1440 2133/5425/1471
f 2152/5481/1491 2133/5425/1471 2153/5482/1492
f 2152/5483/1491 2153/5484/1492 2154/5485/1493
f 2152/5481/1491 2154/5486/1493 2111/5387/1455
f 2152/5481/1491 2111/5387/1455 2097/5358/1441
f 2123/5487/30 2122/5458/1464 2155/5488/30
f 2123/5487/30 2155/5488/30 2156/5489/30
f 2123/5487/30 2156/5489/30 2130/5490/30
f 2123/5411/30 2130/5420/30 2091/5412/30
f 2157/5491/30 2105/5376/30 2104/5375/1448
f 2157/5491/30 2104/5375/1448 2136/5434/1474
f 2157/5492/30 2136/5493/1474 2158/5494/30
f 2157/5492/30 2158/5494/30 2159/5495/30
f 2157/5492/30 2159/5495/30 2128/5496/30
f 2157/5491/30 2128/5417/30 2105/5376/30
f 2160/5497/1494 2099/5362/1443 2126/5415/1467
f 2160/5497/1494 2126/5415/1467 2161/5498/1495
f 2160/5499/1494 2161/5500/1495 2162/5501/1496
f 2160/5502/1494 2162/5503/1496 2135/5504/1473
f 2160/5505/1494 2135/5506/1473 2100/5507/1444
f 2160/5497/1494 2100/5363/1444 2099/5362/1443
f 2138/5508/1476 2137/5509/1475 2163/5510/1497
f 2138/5511/1476 2163/5512/1497 2164/5513/1498
f 2138/5514/1476 2164/5515/1498 2132/5424/1470
f 2138/5514/1476 2132/5424/1470 2101/5369/1445
f 2131/5516/1469 2130/5490/30 2165/5517/1499
f 2131/5516/1469 2165/5517/1499 2166/5518/1500
f 2131/5516/1469 2166/5518/1500 2137/5519/1475
f 2131/5421/1469 2137/5439/1475 2106/5422/1449
f 2139/5446/1478 1923/5445/1477 1922/5520/1501
f 2139/5521/1478 1922/5522/1501 2167/5523/1502
f 2139/5524/1478 2167/5525/1502 2168/5526/1503
f 2139/5448/1478 2168/5527/1503 2140/5449/1479
f 2169/5528/30 2117/5402/30 2116/5401/1460
f 2169/5528/30 2116/5401/1460 2145/5464/1484
f 2169/5529/30 2145/5530/1484 272/5531/30
f 2170/5532/1504 2112/5388/1456 2111/5387/1455
f 2170/5533/1504 2111/5534/1455 2154/5535/1493
f 2170/5533/1504 2154/5535/1493 2171/5536/1505
f 2170/5537/1504 2171/5538/1505 2172/5539/1506
f 2170/5540/1504 2172/5541/1506 2142/5456/1481
f 2170/5542/1504 2142/5543/1481 2112/5544/1456
f 2173/5545/1507 2114/5399/1458 2148/5546/1487
f 2173/5547/1507 2148/5548/1487 2174/5549/1508
f 2173/5547/1507 2174/5549/1508 2175/5550/1509
f 2173/5547/1507 2175/5550/1509 2150/5551/1489
f 2173/5545/1507 2150/5479/1489 2115/5400/1459
f 2173/5545/1507 2115/5400/1459 2114/5399/1458
f 2144/5461/1483 2119/5405/1462 2176/5552/1483
f 2144/5461/1483 2176/5552/1483 2177/5553/1510
f 2144/5554/1483 2177/5555/1510 2178/5556/1511
f 2144/5554/1483 2178/5556/1511 2145/5530/1484
f 2143/5457/1482 2142/5456/1481 2179/5557/1512
f 2143/5457/1482 2179/5557/1512 2180/5558/30
f 2143/5457/1482 2180/5558/30 2155/5488/30
f 2143/5457/1482 2155/5488/30 2122/5458/1464
f 2181/5559/1513 2129/5467/1468 2128/5496/30
f 2181/5559/1513 2128/5496/30 2159/5495/30
f 2181/5559/1513 2159/5495/30 2182/5560/1514
f 2181/5559/1513 2182/5560/1514 2183/5561/1515
f 2181/5559/1513 2183/5561/1515 2147/5468/1486
f 2181/5559/1513 2147/5468/1486 2129/5467/1468
f 2184/5562/1516 2133/5425/1471 2132/5424/1470
f 2184/5563/1516 2132/5564/1470 2164/5513/1498
f 2184/5563/1516 2164/5513/1498 2185/5565/1517
f 2184/5566/1516 2185/5567/1517 2186/5568/1518
f 2184/5566/1516 2186/5568/1518 2153/5484/1492
f 2184/5569/1516 2153/5570/1492 2133/5571/1471
f 2187/5572/1519 2125/5414/1466 2151/5480/1490
f 2187/5573/1519 2151/5574/1490 2188/5575/1520
f 2187/5573/1519 2188/5575/1520 2189/5576/1521
f 2187/5573/1519 2189/5576/1521 2161/5577/1495
f 2187/5572/1519 2161/5498/1495 2126/5415/1467
f 2187/5572/1519 2126/5415/1467 2125/5414/1466
f 2156/5489/30 2155/5488/30 2190/5578/30
f 2156/5489/30 2190/5578/30 2191/5579/1522
f 2156/5489/30 2191/5579/1522 2165/5517/1499
f 2156/5489/30 2165/5517/1499 2130/5490/30
f 2166/5518/1500 2165/5517/1499 2192/5580/1523
f 2166/5581/1500 2192/5582/1523 2193/5583/1524
f 2166/5584/1500 2193/5585/1524 2163/5586/1497
f 2166/5518/1500 2163/5587/1497 2137/5519/1475
f 2194/5588/1525 2135/5589/1473 2162/5590/1496
f 2194/5588/1525 2162/5590/1496 2195/5591/1526
f 2194/5588/1525 2195/5591/1526 2196/5592/30
f 2194/5588/1525 2196/5592/30 2158/5494/30
f 2194/5588/1525 2158/5494/30 2136/5493/1474
f 2194/5588/1525 2136/5493/1474 2135/5589/1473
f 2167/5523/1502 1922/5522/1501 1921/5593/1527
f 2167/5523/1502 1921/5593/1527 2197/5594/1528
f 2167/5525/1502 2197/5595/1528 2198/5596/1529
f 2167/5525/1502 2198/5596/1529 2168/5526/1503
f 2199/5597/1530 2148/5598/1487 2147/5599/1486
f 2199/5600/1530 2147/5601/1486 2183/5602/1515
f 2199/5603/1530 2183/5604/1515 2200/5605/1531
f 2199/5606/1530 2200/5607/1531 2201/5608/1532
f 2199/5606/1530 2201/5608/1532 2174/5549/1508
f 2199/5606/1530 2174/5549/1508 2148/5548/1487
f 2178/5556/1511 2177/5555/1510 2202/5609/1533
f 2178/5556/1511 2202/5609/1533 2203/5610/30
f 2178/5556/1511 2203/5610/30 272/5531/30
f 2178/5556/1511 272/5531/30 2145/5530/1484
f 2204/5611/1534 2205/5612/1535 2206/5613/1536
f 2204/5611/1534 2206/5613/1536 2177/5614/1510
f 2204/5615/1534 2177/5616/1510 2176/5617/1483
f 2172/5618/1506 2171/5619/1505 2207/5620/1537
f 2172/5621/1506 2207/5622/1537 2208/5623/1538
f 2172/5621/1506 2208/5623/1538 2179/5624/1512
f 2172/5541/1506 2179/5557/1512 2142/5456/1481
f 2209/5625/1539 2154/5485/1493 2153/5484/1492
f 2209/5625/1539 2153/5484/1492 2186/5568/1518
f 2209/5625/1539 2186/5568/1518 2210/5626/1540
f 2209/5625/1539 2210/5626/1540 2211/5627/1541
f 2209/5625/1539 2211/5627/1541 2171/5628/1505
f 2209/5625/1539 2171/5628/1505 2154/5485/1493
f 2212/5629/1542 2150/5551/1489 2175/5550/1509
f 2212/5629/1542 2175/5550/1509 2213/5630/1543
f 2212/5629/1542 2213/5630/1543 2214/5631/1544
f 2212/5629/1542 2214/5631/1544 2188/5575/1520
f 2212/5629/1542 2188/5575/1520 2151/5574/1490
f 2212/5629/1542 2151/5574/1490 2150/5551/1489
f 2180/5632/30 2179/5624/1512 2215/5633/30
f 2180/5632/30 2215/5633/30 2216/5634/30
f 2180/5632/30 2216/5634/30 2190/5635/30
f 2180/5558/30 2190/5578/30 2155/5488/30
f 2217/5636/30 2159/5495/30 2158/5494/30
f 2217/5636/30 2158/5494/30 2196/5592/30
f 2217/5637/30 2196/5638/30 2218/5639/30
f 2217/5637/30 2218/5639/30 2219/5640/1545
f 2217/5637/30 2219/5640/1545 2182/5641/1514
f 2217/5636/30 2182/5560/1514 2159/5495/30
f 2220/5642/1546 2164/5513/1498 2163/5512/1497
f 2220/5642/1546 2163/5512/1497 2193/5643/1524
f 2220/5642/1546 2193/5643/1524 2221/5644/1547
f 2220/5645/1546 2221/5646/1547 2222/5647/1548
f 2220/5642/1546 2222/5648/1548 2185/5565/1517
f 2220/5642/1546 2185/5565/1517 2164/5513/1498
f 2223/5649/1549 2161/5650/1495 2189/5651/1521
f 2223/5652/1549 2189/5653/1521 2224/5654/1550
f 2223/5655/1549 2224/5656/1550 2225/5657/1551
f 2223/5655/1549 2225/5657/1551 2195/5658/1526
f 2223/5659/1549 2195/5591/1526 2162/5590/1496
f 2223/5660/1549 2162/5661/1496 2161/5662/1495
f 2191/5663/1522 2190/5635/30 2226/5664/1552
f 2191/5663/1522 2226/5664/1552 2227/5665/1553
f 2191/5663/1522 2227/5665/1553 2192/5666/1523
f 2191/5579/1522 2192/5580/1523 2165/5517/1499
f 2197/5594/1528 1921/5593/1527 1920/5667/1554
f 2197/5594/1528 1920/5667/1554 2228/5668/1555
f 2197/5595/1528 2228/5669/1555 2229/5670/1556
f 2197/5595/1528 2229/5670/1556 2198/5596/1529
f 2211/5671/1541 2210/5672/1540 2230/5673/1557
f 2211/5674/1541 2230/5675/1557 2231/5676/1558
f 2211/5677/1541 2231/5678/1558 2207/5679/1537
f 2211/5680/1541 2207/5681/1537 2171/5682/1505
f 2206/5613/1536 2205/5612/1535 2232/5683/1559
f 2206/5684/1536 2232/5685/1559 2233/5686/1560
f 2206/5684/1536 2233/5686/1560 2202/5609/1533
f 2206/5684/1536 2202/5609/1533 2177/5555/1510
f 2234/5687/1561 2183/5688/1515 2182/5641/1514
f 2234/5687/1561 2182/5641/1514 2219/5640/1545
f 2234/5687/1561 2219/5640/1545 2235/5689/1562
f 2234/5690/1561 2235/5691/1562 2236/5692/1563
f 2234/5693/1561 2236/5694/1563 2200/5695/1531
f 2234/5696/1561 2200/5697/1531 2183/5698/1515
f 2237/5699/1564 2174/5549/1508 2201/5608/1532
f 2237/5700/1564 2201/5701/1532 2238/5702/1565
f 2237/5700/1564 2238/5702/1565 2239/5703/1566
f 2237/5700/1564 2239/5703/1566 2213/5704/1543
f 2237/5699/1564 2213/5630/1543 2175/5550/1509
f 2237/5699/1564 2175/5550/1509 2174/5549/1508
f 2208/5623/1538 2207/5622/1537 2240/5705/1567
f 2208/5623/1538 2240/5705/1567 2241/5706/30
f 2208/5623/1538 2241/5706/30 2215/5633/30
f 2208/5623/1538 2215/5633/30 2179/5624/1512
f 2242/5707/1568 2186/5568/1518 2185/5567/1517
f 2242/5708/1568 2185/5709/1517 2222/5710/1548
f 2242/5711/1568 2222/5647/1548 2243/5712/1569
f 2242/5711/1568 2243/5712/1569 2244/5713/1570
f 2242/5711/1568 2244/5713/1570 2210/5672/1540
f 2242/5707/1568 2210/5626/1540 2186/5568/1518
f 2216/5634/30 2215/5633/30 2245/5714/30
f 2216/5634/30 2245/5714/30 2246/5715/1571
f 2216/5634/30 2246/5715/1571 2226/5664/1552
f 2216/5634/30 2226/5664/1552 2190/5635/30
f 2247/5716/30 2196/5638/30 2195/5658/1526
f 2247/5716/30 2195/5658/1526 2225/5657/1551
f 2247/5716/30 2225/5657/1551 2248/5717/30
f 2247/5716/30 2248/5717/30 2249/5718/30
f 2247/5716/30 2249/5718/30 2218/5639/30
f 2247/5716/30 2218/5639/30 2196/5638/30
f 2250/5719/1572 2188/5575/1520 2214/5631/1544
f 2250/5720/1572 2214/5721/1544 2251/5722/1573
f 2250/5723/1572 2251/5724/1573 2252/5725/1574
f 2250/5726/1572 2252/5727/1574 2224/5728/1550
f 2250/5729/1572 2224/5730/1550 2189/5731/1521
f 2250/5719/1572 2189/5576/1521 2188/5575/1520
f 2253/5732/1575 2193/5733/1524 2192/5734/1523
f 2253/5735/1575 2192/5736/1523 2227/5737/1553
f 2253/5738/1575 2227/5739/1553 2254/5740/1576
f 2253/5741/1575 2254/5742/1576 2255/5743/1577
f 2253/5741/1575 2255/5743/1577 2221/5646/1547
f 2253/5744/1575 2221/5745/1547 2193/5746/1524
f 2228/5668/1555 1920/5667/1554 1919/5747/1578
f 2228/5668/1555 1919/5747/1578 2256/5748/1579
f 2228/5749/1555 2256/5750/1579 2257/5751/1580
f 2228/5752/1555 2257/5753/1580 2229/5754/1556
f 2258/5755/30 2203/5610/30 2202/5609/1533
f 2258/5755/30 2202/5609/1533 2233/5686/1560
f 2258/5755/30 2233/5686/1560 2259/5756/30
f 2260/5757/1581 2200/5758/1531 2236/5759/1563
f 2260/5757/1581 2236/5759/1563 2261/5760/1582
f 2260/5757/1581 2261/5760/1582 2262/5761/1583
f 2260/5757/1581 2262/5761/1583 2238/5702/1565
f 2260/5757/1581 2238/5702/1565 2201/5701/1532
f 2260/5757/1581 2201/5701/1532 2200/5758/1531
f 2232/5683/1559 2205/5612/1535 2263/5762/1584
f 2232/5683/1559 2263/5762/1584 2264/5763/1585
f 2232/5685/1559 2264/5764/1585 2265/5765/1586
f 2232/5685/1559 2265/5765/1586 2233/5686/1560
f 2231/5766/1558 2230/5767/1557 2266/5768/1587
f 2231/5769/1558 2266/5770/1587 2267/5771/1588
f 2231/5769/1558 2267/5771/1588 2240/5705/1567
f 2231/5769/1558 2240/5705/1567 2207/5622/1537
f 2244/5713/1570 2243/5712/1569 2268/5772/1589
f 2244/5713/1570 2268/5772/1589 2269/5773/1590
f 2244/5713/1570 2269/5773/1590 2230/5673/1557
f 2244/5713/1570 2230/5673/1557 2210/5672/1540
f 2270/5774/1591 2219/5640/1545 2218/5639/30
f 2270/5774/1591 2218/5639/30 2249/5718/30
f 2270/5774/1591 2249/5718/30 2271/5775/1592
f 2270/5774/1591 2271/5775/1592 2272/5776/1593
f 2270/5774/1591 2272/5776/1593 2235/5689/1562
f 2270/5774/1591 2235/5689/1562 2219/5640/1545
f 2241/5706/30 2240/5705/1567 2273/5777/30
f 2241/5706/30 2273/5777/30 2274/5778/30
f 2241/5706/30 2274/5778/30 2245/5714/30
f 2241/5706/30 2245/5714/30 2215/5633/30
f 2275/5779/1594 2222/5647/1548 2221/5646/1547
f 2275/5779/1594 2221/5646/1547 2255/5743/1577
f 2275/5779/1594 2255/5743/1577 2276/5780/1595
f 2275/5779/1594 2276/5780/1595 2277/5781/1596
f 2275/5779/1594 2277/5781/1596 2243/5712/1569
f 2275/5779/1594 2243/5712/1569 2222/5647/1548
f 2278/5782/1597 2213/5704/1543 2239/5703/1566
f 2278/5782/1597 2239/5703/1566 2279/5783/1598
f 2278/5782/1597 2279/5783/1598 2280/5784/1599
f 2278/5782/1597 2280/5784/1599 2251/5722/1573
f 2278/5782/1597 2251/5722/1573 2214/5721/1544
f 2278/5782/1597 2214/5721/1544 2213/5704/1543
f 2281/5785/1600 2226/5664/1552 2246/5715/1571
f 2281/5785/1600 2246/5715/1571 2282/5786/1601
f 2281/5787/1600 2282/5788/1601 2283/5789/1602
f 2281/5790/1600 2283/5791/1602 2254/5792/1576
f 2281/5793/1600 2254/5794/1576 2227/5795/1553
f 2281/5785/1600 2227/5665/1553 2226/5664/1552
f 2284/5796/1603 2225/5657/1551 2224/5656/1550
f 2284/5796/1603 2224/5656/1550 2252/5797/1574
f 2284/5796/1603 2252/5797/1574 2285/5798/1604
f 2284/5796/1603 2285/5798/1604 2286/5799/30
f 2284/5796/1603 2286/5799/30 2248/5717/30
f 2284/5796/1603 2248/5717/30 2225/5657/1551
f 2256/5800/1579 1919/5801/1578 1918/5802/1605
f 2256/5800/1579 1918/5802/1605 2287/5803/1606
f 2256/5804/1579 2287/5805/1606 2288/5806/1607
f 2256/5807/1579 2288/5808/1607 2257/5809/1580
f 2269/5810/1590 2268/5811/1589 2289/5812/1608
f 2269/5813/1590 2289/5814/1608 2290/5815/1609
f 2269/5816/1590 2290/5817/1609 2266/5818/1587
f 2269/5819/1590 2266/5820/1587 2230/5821/1557
f 2291/5822/1610 2236/5823/1563 2235/5824/1562
f 2291/5825/1610 2235/5826/1562 2272/5827/1593
f 2291/5828/1610 2272/5829/1593 2292/5830/1611
f 2291/5831/1610 2292/5832/1611 2293/5833/1612
f 2291/5831/1610 2293/5833/1612 2261/5834/1582
f 2291/5835/1610 2261/5760/1582 2236/5759/1563
f 2265/5836/1586 2264/5837/1585 2294/5838/1613
f 2265/5836/1586 2294/5838/1613 2295/5839/30
f 2265/5836/1586 2295/5839/30 2259/5840/30
f 2265/5765/1586 2259/5756/30 2233/5686/1560
f 2296/5841/1585 2297/5842/1614 2298/5843/1614
f 2296/5844/1585 2298/5845/1614 2264/5763/1585
f 2296/5844/1585 2264/5763/1585 2263/5762/1584
f 2267/5846/1588 2266/5847/1587 2299/5848/1615
f 2267/5846/1588 2299/5848/1615 2300/5849/30
f 2267/5846/1588 2300/5849/30 2273/5850/30
f 2267/5771/1588 2273/5777/30 2240/5705/1567
f 2277/5851/1596 2276/5852/1595 2301/5853/1616
f 2277/5851/1596 2301/5853/1616 2302/5854/1617
f 2277/5851/1596 2302/5854/1617 2268/5811/1589
f 2277/5781/1596 2268/5772/1589 2243/5712/1569
f 2303/5855/1618 2238/5702/1565 2262/5761/1583
f 2303/5856/1618 2262/5857/1583 2304/5858/1619
f 2303/5856/1618 2304/5858/1619 2305/5859/1620
f 2303/5860/1618 2305/5861/1620 2279/5862/1598
f 2303/5855/1618 2279/5783/1598 2239/5703/1566
f 2303/5855/1618 2239/5703/1566 2238/5702/1565
f 2306/5863/30 2249/5718/30 2248/5717/30
f 2306/5863/30 2248/5717/30 2286/5799/30
f 2306/5863/30 2286/5799/30 2307/5864/30
f 2306/5865/30 2307/5866/30 2308/5867/1621
f 2306/5863/30 2308/5868/1621 2271/5775/1592
f 2306/5863/30 2271/5775/1592 2249/5718/30
f 2309/5869/1622 2245/5714/30 2274/5778/30
f 2309/5870/1622 2274/5871/30 2310/5872/1623
f 2309/5870/1622 2310/5872/1623 2311/5873/1624
f 2309/5870/1622 2311/5873/1624 2282/5874/1601
f 2309/5869/1622 2282/5786/1601 2246/5715/1571
f 2309/5869/1622 2246/5715/1571 2245/5714/30
f 2312/5875/1625 2255/5743/1577 2254/5742/1576
f 2312/5875/1625 2254/5742/1576 2283/5876/1602
f 2312/5877/1625 2283/5878/1602 2313/5879/1626
f 2312/5877/1625 2313/5879/1626 2314/5880/1627
f 2312/5877/1625 2314/5880/1627 2276/5852/1595
f 2312/5875/1625 2276/5780/1595 2255/5743/1577
f 2315/5881/1628 2251/5882/1573 2280/5883/1599
f 2315/5884/1628 2280/5885/1599 2316/5886/1629
f 2315/5887/1628 2316/5888/1629 2317/5889/1630
f 2315/5890/1628 2317/5891/1630 2285/5892/1604
f 2315/5890/1628 2285/5892/1604 2252/5893/1574
f 2315/5894/1628 2252/5895/1574 2251/5896/1573
f 2287/5803/1606 1918/5802/1605 1917/5897/1285
f 2287/5803/1606 1917/5897/1285 2318/5898/1631
f 2287/5805/1606 2318/5899/1631 2319/5900/1632
f 2287/5805/1606 2319/5900/1632 2288/5806/1607
f 2298/5843/1614 2297/5842/1614 2320/5901/1633
f 2298/5902/1614 2320/5903/1633 2321/5904/1634
f 2298/5902/1614 2321/5904/1634 2294/5838/1613
f 2298/5902/1614 2294/5838/1613 2264/5837/1585
f 2290/5905/1609 2289/5906/1608 2322/5907/1635
f 2290/5908/1609 2322/5909/1635 2323/5910/1636
f 2290/5908/1609 2323/5910/1636 2299/5848/1615
f 2290/5908/1609 2299/5848/1615 2266/5847/1587
f 2324/5911/1637 2272/5912/1593 2271/5913/1592
f 2324/5914/1637 2271/5915/1592 2308/5867/1621
f 2324/5914/1637 2308/5867/1621 2325/5916/1638
f 2324/5917/1637 2325/5918/1638 2326/5919/1639
f 2324/5920/1637 2326/5921/1639 2292/5922/1611
f 2324/5923/1637 2292/5924/1611 2272/5925/1593
f 2302/5854/1617 2301/5853/1616 2327/5926/1640
f 2302/5854/1617 2327/5926/1640 2328/5927/1641
f 2302/5854/1617 2328/5927/1641 2289/5812/1608
f 2302/5854/1617 2289/5812/1608 2268/5811/1589
f 2329/5928/1642 2261/5834/1582 2293/5833/1612
f 2329/5928/1642 2293/5833/1612 2330/5929/1643
f 2329/5928/1642 2330/5929/1643 2331/5930/1644
f 2329/5928/1642 2331/5930/1644 2304/5858/1619
f 2329/5928/1642 2304/5858/1619 2262/5857/1583
f 2329/5928/1642 2262/5857/1583 2261/5834/1582
f 2332/5931/30 2273/5850/30 2300/5849/30
f 2332/5931/30 2300/5849/30 2333/5932/30
f 2332/5931/30 2333/5932/30 2334/5933/1645
f 2332/5931/30 2334/5933/1645 2310/5872/1623
f 2332/5931/30 2310/5872/1623 2274/5871/30
f 2332/5931/30 2274/5871/30 2273/5850/30
f 2318/5898/1631 1917/5897/1285 392/952/269
f 2318/5898/1631 392/952/269 391/951/268
f 2318/5898/1631 391/951/268 2335/5934/1646
f 2318/5899/1631 2335/5935/1646 2336/5936/1647
f 2318/5899/1631 2336/5936/1647 2319/5900/1632
f 2337/5937/30 2295/5839/30 2294/5838/1613
f 2337/5937/30 2294/5838/1613 2321/5904/1634
f 2337/5937/30 2321/5904/1634 391/5938/268
f 2314/5880/1627 2313/5879/1626 2338/5939/1648
f 2314/5880/1627 2338/5939/1648 2339/5940/1649
f 2314/5880/1627 2339/5940/1649 2301/5853/1616
f 2314/5880/1627 2301/5853/1616 2276/5852/1595
f 2328/5941/1641 2327/5942/1640 2340/5943/1650
f 2328/5944/1641 2340/5945/1650 2341/5946/1651
f 2328/5947/1641 2341/5948/1651 2322/5949/1635
f 2328/5950/1641 2322/5951/1635 2289/5952/1608
f 2342/5953/1652 2292/5832/1611 2326/5954/1639
f 2342/5955/1652 2326/5956/1639 2343/5957/1653
f 2342/5955/1652 2343/5957/1653 2344/5958/1654
f 2342/5955/1652 2344/5958/1654 2330/5959/1643
f 2342/5953/1652 2330/5929/1643 2293/5833/1612
f 2342/5953/1652 2293/5833/1612 2292/5832/1611
f 2320/5901/1633 2297/5842/1614 2345/5960/1655
f 2320/5901/1633 2345/5960/1655 2335/5961/1646
f 2320/5903/1633 2335/5962/1646 391/5938/268
f 2320/5903/1633 391/5938/268 2321/5904/1634
f 2346/5963/30 2286/5799/30 2285/5798/1604
f 2346/5964/30 2285/5965/1604 2317/5966/1630
f 2346/5964/30 2317/5966/1630 2347/5967/30
f 2346/5964/30 2347/5967/30 2348/5968/30
f 2346/5964/30 2348/5968/30 2307/5969/30
f 2346/5964/30 2307/5969/30 2286/5970/30
f 2349/5971/1656 2279/5862/1598 2305/5861/1620
f 2349/5971/1656 2305/5861/1620 2350/5972/1657
f 2349/5973/1656 2350/5974/1657 2351/5975/1658
f 2349/5976/1656 2351/5977/1658 2316/5978/1629
f 2349/5979/1656 2316/5980/1629 2280/5981/1599
f 2349/5971/1656 2280/5982/1599 2279/5862/1598
f 2352/5983/30 2299/5848/1615 2323/5910/1636
f 2352/5984/30 2323/5985/1636 2353/5986/30
f 2352/5984/30 2353/5986/30 2354/5987/30
f 2352/5984/30 2354/5987/30 2333/5988/30
f 2352/5983/30 2333/5932/30 2300/5849/30
f 2352/5983/30 2300/5849/30 2299/5848/1615
f 2355/5989/1659 2308/5867/1621 2307/5866/30
f 2355/5989/1659 2307/5866/30 2348/5990/30
f 2355/5991/1659 2348/5992/30 2356/5993/1660
f 2355/5991/1659 2356/5993/1660 2357/5994/1661
f 2355/5991/1659 2357/5994/1661 2325/5995/1638
f 2355/5989/1659 2325/5916/1638 2308/5867/1621
f 2339/5940/1649 2338/5939/1648 2358/5996/1662
f 2339/5997/1649 2358/5998/1662 2359/5999/1663
f 2339/6000/1649 2359/6001/1663 2327/5942/1640
f 2339/5940/1649 2327/5926/1640 2301/5853/1616
f 2360/6002/1664 2283/6003/1602 2282/6004/1601
f 2360/6005/1664 2282/6006/1601 2311/6007/1624
f 2360/6008/1664 2311/6009/1624 2361/6010/1665
f 2360/6011/1664 2361/6012/1665 2362/6013/1666
f 2360/6014/1664 2362/6015/1666 2313/5879/1626
f 2360/6014/1664 2313/5879/1626 2283/5878/1602
f 2363/6016/1667 2326/6017/1639 2325/6018/1638
f 2363/6019/1667 2325/6020/1638 2357/6021/1661
f 2363/6022/1667 2357/6023/1661 2340/6024/1650
f 2363/6025/1667 2340/5943/1650 2359/6001/1663
f 2363/6026/1667 2359/6027/1663 2343/5957/1653
f 2363/6026/1667 2343/5957/1653 2326/5956/1639
f 2335/5961/1646 2345/5960/1655 2364/6028/1668
f 2335/6029/1646 2364/6030/1668 2336/6031/1647
f 2365/6032/1669 2322/6033/1635 2341/6034/1651
f 2365/6032/1669 2341/6034/1651 2356/6035/1660
f 2365/6036/1669 2356/5993/1660 2366/6037/30
f 2365/6032/1669 2366/6038/30 2353/5986/30
f 2365/6032/1669 2353/5986/30 2323/5985/1636
f 2365/6032/1669 2323/5985/1636 2322/6033/1635
f 2359/6001/1663 2340/5943/1650 2327/5942/1640
f 2357/6039/1661 2356/6040/1660 2341/6041/1651
f 2357/6042/1661 2341/6043/1651 2340/6044/1650
f 2367/6045/1670 2304/5858/1619 2331/5930/1644
f 2367/6046/1670 2331/6047/1644 2368/6048/1671
f 2367/6049/1670 2368/6050/1671 2369/6051/1672
f 2367/6049/1670 2369/6051/1672 2350/6052/1657
f 2367/6049/1670 2350/6052/1657 2305/6053/1620
f 2367/6045/1670 2305/5859/1620 2304/5858/1619
f 2358/5996/1662 2338/5939/1648 2370/6054/1673
f 2358/5996/1662 2370/6054/1673 2344/6055/1654
f 2358/6056/1662 2344/5958/1654 2343/5957/1653
f 2358/5998/1662 2343/6057/1653 2359/5999/1663
f 2366/6037/30 2356/5993/1660 2348/5992/30
f 2366/6037/30 2348/5992/30 2347/6058/30
f 2366/6037/30 2347/6058/30 2371/6059/30
f 2366/6060/30 2371/6061/30 2353/6062/30
f 2372/6063/1674 2344/6064/1654 2370/6065/1673
f 2372/6066/1674 2370/6067/1673 2373/6068/1675
f 2372/6069/1674 2373/6070/1675 2368/6048/1671
f 2372/6069/1674 2368/6048/1671 2331/6047/1644
f 2372/6063/1674 2331/5930/1644 2330/5929/1643
f 2372/6063/1674 2330/5929/1643 2344/6064/1654
f 2371/6059/30 2347/6058/30 2374/6071/1676
f 2371/6059/30 2374/6071/1676 2375/6072/1677
f 2371/6073/30 2375/6074/1677 2354/6075/30
f 2371/6076/30 2354/5987/30 2353/5986/30
f 2362/6013/1666 2361/6012/1665 2373/6068/1675
f 2362/6013/1666 2373/6068/1675 2370/6067/1673
f 2362/6015/1666 2370/6054/1673 2338/5939/1648
f 2362/6015/1666 2338/5939/1648 2313/5879/1626
f 2376/6077/1678 2311/5873/1624 2310/5872/1623
f 2376/6077/1678 2310/5872/1623 2334/5933/1645
f 2376/6077/1678 2334/5933/1645 2377/6078/1679
f 2376/6079/1678 2377/6080/1679 2378/6081/1680
f 2376/6082/1678 2378/6083/1680 2361/6084/1665
f 2376/6085/1678 2361/6086/1665 2311/6087/1624
f 2374/6071/1676 2347/6058/30 2317/6088/1630
f 2374/6089/1676 2317/5889/1630 2316/5888/1629
f 2374/6089/1676 2316/5888/1629 2351/6090/1658
f 2374/6089/1676 2351/6090/1658 2375/6091/1677
f 2379/6092/1681 2333/5988/30 2354/5987/30
f 2379/6092/1681 2354/5987/30 2375/6093/1677
f 2379/6094/1681 2375/6091/1677 2380/6095/1682
f 2379/6096/1681 2380/6097/1682 2377/6078/1679
f 2379/6096/1681 2377/6078/1679 2334/5933/1645
f 2379/6096/1681 2334/5933/1645 2333/5932/30
f 2378/6098/1680 2377/6099/1679 2369/6100/1672
f 2378/6101/1680 2369/6051/1672 2368/6050/1671
f 2378/6102/1680 2368/6103/1671 2373/6068/1675
f 2378/6102/1680 2373/6068/1675 2361/6012/1665
f 2380/6095/1682 2375/6091/1677 2351/6090/1658
f 2380/6104/1682 2351/6105/1658 2350/6106/1657
f 2380/6107/1682 2350/6108/1657 2369/6109/1672
f 2380/6110/1682 2369/6111/1672 2377/6112/1679
f 1910/6113/1683 2381/6114/1684 1909/6115/1685
f 1913/4873/1281 1912/4872/1280 2381/6116/1684
f 1912/4872/1280 1910/5207/1277 2381/6116/1684
